Date,Open,High,Low,Close,Volume
2026-04-27 04:00:00,264.5,265.7332,263.8611,264.55,21177
2026-04-27 04:01:00,264.58,265.79,263.76,264.1,46083
2026-04-27 04:02:00,264.1,264.35,264.1,264.35,1235
2026-04-27 04:03:00,264.26,264.312,264.1,264.19,2999
2026-04-27 04:04:00,264.28,264.28,264.2497,264.2497,1400
2026-04-27 04:05:00,264.23,264.23,264.1,264.1,1543
2026-04-27 04:06:00,264.04,264.04,263.86,263.93,2371
2026-04-27 04:07:00,263.87,263.87,263.6,263.85,4714
2026-04-27 04:08:00,263.76,263.79,263.76,263.79,300
2026-04-27 04:09:00,264.34,265.71,264.14,264.14,1652
2026-04-27 04:10:00,264.38,264.38,264.07,264.07,300
2026-04-27 04:11:00,264.2098,264.25,264.1,264.23,2215
2026-04-27 04:12:00,264.12,264.2,264.12,264.15,596
2026-04-27 04:13:00,264.2,264.2,264.13,264.13,10763
2026-04-27 04:14:00,264.13,264.17,263.98,263.98,1116
2026-04-27 04:15:00,263.92,263.92,263.92,263.92,200
2026-04-27 04:16:00,263.809,264.04,263.809,264.04,208
2026-04-27 04:17:00,264.01,264.01,264.01,264.01,250
2026-04-27 04:18:00,264.19,264.19,263.99,263.99,200
2026-04-27 04:19:00,264.19,264.19,264.0,264.0,339
2026-04-27 04:20:00,264.11,264.11,264.1,264.1,208
2026-04-27 04:22:00,264.15,264.16,264.15,264.16,229
2026-04-27 04:23:00,264.16,264.16,264.16,264.16,100
2026-04-27 04:25:00,264.34,264.34,264.34,264.34,231
2026-04-27 04:26:00,264.35,264.35,264.35,264.35,200
2026-04-27 04:27:00,264.21,264.24,264.15,264.15,2480
2026-04-27 04:28:00,264.2,264.25,264.2,264.2431,380
2026-04-27 04:30:00,264.23,264.23,264.17,264.17,300
2026-04-27 04:32:00,264.35,264.35,264.35,264.35,960
2026-04-27 04:33:00,264.15,264.15,264.15,264.15,100
2026-04-27 04:34:00,264.25,264.25,264.25,264.25,185
2026-04-27 04:36:00,264.26,264.38,264.26,264.37,1713
2026-04-27 04:37:00,264.5,264.5,264.5,264.5,250
2026-04-27 04:38:00,264.46,264.5,264.46,264.5,817
2026-04-27 04:39:00,264.49,264.52,264.49,264.52,2200
2026-04-27 04:40:00,264.46,264.46,264.46,264.46,787
2026-04-27 04:43:00,264.4948,264.4948,264.4948,264.4948,150
2026-04-27 04:47:00,264.5,264.5,264.5,264.5,100
2026-04-27 04:51:00,264.74,264.77,264.74,264.74,712
2026-04-27 04:52:00,264.61,264.61,264.61,264.61,300
2026-04-27 04:54:00,264.75,264.75,264.75,264.75,1040
2026-04-27 04:56:00,264.58,264.58,264.58,264.58,125
2026-04-27 04:58:00,264.7,264.82,264.7,264.74,850
2026-04-27 04:59:00,264.7,264.84,264.7,264.75,867
2026-04-27 05:00:00,264.54,264.54,264.54,264.54,200
2026-04-27 05:01:00,264.6,264.6,264.6,264.6,100
2026-04-27 05:02:00,264.48,264.5,264.45,264.45,978
2026-04-27 05:04:00,264.42,264.475,264.42,264.475,300
2026-04-27 05:05:00,264.2,264.7,264.2,264.5,894
2026-04-27 05:08:00,264.55,264.56,264.55,264.56,540
2026-04-27 05:09:00,264.55,264.56,264.54,264.56,660
2026-04-27 05:10:00,264.68,264.88,264.52,264.52,3723
2026-04-27 05:11:00,264.65,264.87,264.65,264.87,216
2026-04-27 05:12:00,264.55,264.55,264.55,264.55,100
2026-04-27 05:14:00,264.58,264.58,264.58,264.58,187
2026-04-27 05:16:00,264.61,264.85,264.61,264.72,3874
2026-04-27 05:18:00,264.7,264.7,264.59,264.59,472
2026-04-27 05:19:00,264.77,264.77,264.77,264.77,200
2026-04-27 05:20:00,264.74,264.77,264.74,264.77,339
2026-04-27 05:24:00,264.7328,264.7328,264.7328,264.7328,165
2026-04-27 05:25:00,264.53,264.53,264.52,264.52,400
2026-04-27 05:26:00,264.6111,264.6111,264.6111,264.6111,114
2026-04-27 05:29:00,264.71,264.71,264.71,264.71,4652
2026-04-27 05:30:00,264.62,264.62,264.62,264.62,200
2026-04-27 05:33:00,264.77,264.77,264.77,264.77,200
2026-04-27 05:34:00,264.75,264.75,264.75,264.75,350
2026-04-27 05:40:00,264.51,264.51,264.51,264.51,540
2026-04-27 05:41:00,264.4626,264.51,264.4626,264.51,1299
2026-04-27 05:45:00,264.53,264.53,264.53,264.53,300
2026-04-27 05:46:00,264.6,264.6,264.6,264.6,180
2026-04-27 05:47:00,264.62,264.62,264.61,264.61,3009
2026-04-27 05:49:00,264.472,264.472,264.472,264.472,375
2026-04-27 05:54:00,264.57,264.57,264.57,264.57,1889
2026-04-27 05:55:00,264.63,264.64,264.63,264.63,2080
2026-04-27 05:57:00,264.63,264.63,264.63,264.63,1508
2026-04-27 05:58:00,264.5,264.5,264.5,264.5,121
2026-04-27 06:00:00,264.53,264.53,264.45,264.47,1229
2026-04-27 06:02:00,264.46,264.46,264.46,264.46,100
2026-04-27 06:04:00,264.42,264.42,264.42,264.42,100
2026-04-27 06:06:00,264.44,264.44,264.44,264.44,108
2026-04-27 06:08:00,264.5,264.5,264.5,264.5,2152
2026-04-27 06:09:00,264.5,264.5,264.5,264.5,1511
2026-04-27 06:11:00,264.41,264.41,264.41,264.41,275
2026-04-27 06:12:00,264.47,264.47,264.47,264.47,100
2026-04-27 06:14:00,264.47,264.47,264.45,264.45,251
2026-04-27 06:16:00,264.45,264.5,264.45,264.5,317
2026-04-27 06:17:00,264.5,264.51,264.4,264.4,1237
2026-04-27 06:19:00,264.2178,264.2178,264.2178,264.2178,100
2026-04-27 06:20:00,264.28,264.7,264.1634,264.1634,1304
2026-04-27 06:21:00,264.1636,264.1636,264.01,264.01,600
2026-04-27 06:22:00,264.0621,264.39,264.01,264.0194,1375
2026-04-27 06:23:00,264.1,264.1,264.0,264.05,4774
2026-04-27 06:24:00,264.06,264.06,264.05,264.05,330
2026-04-27 06:25:00,264.05,264.05,263.73,263.73,2613
2026-04-27 06:26:00,263.95,264.05,263.95,264.05,2200
2026-04-27 06:27:00,263.86,263.86,263.69,263.8,4888
2026-04-27 06:28:00,263.81,263.82,263.81,263.81,339
2026-04-27 06:29:00,263.9677,263.9677,263.9677,263.9677,100
2026-04-27 06:30:00,263.89,264.0,263.89,264.0,3111
2026-04-27 06:31:00,264.19,264.39,264.19,264.39,1202
2026-04-27 06:33:00,264.0,264.0,264.0,264.0,200
2026-04-27 06:35:00,264.09,264.39,264.06,264.39,3376
2026-04-27 06:36:00,264.41,264.41,264.41,264.41,160
2026-04-27 06:39:00,264.37,264.42,264.36,264.4,1307
2026-04-27 06:40:00,264.31,264.31,264.31,264.31,500
2026-04-27 06:41:00,264.4,264.41,264.4,264.4,650
2026-04-27 06:42:00,264.4,264.4,264.4,264.4,100
2026-04-27 06:44:00,264.295,264.4089,264.295,264.4089,588
2026-04-27 06:48:00,264.41,264.5,264.41,264.5,866
2026-04-27 06:49:00,264.5,264.5,264.5,264.5,100
2026-04-27 06:50:00,264.3198,264.34,264.3173,264.3173,700
2026-04-27 06:51:00,264.31,264.31,264.0907,264.11,820
2026-04-27 06:52:00,264.145,264.16,264.0,264.15,2588
2026-04-27 06:53:00,264.05,264.05,264.05,264.05,200
2026-04-27 06:54:00,264.18,264.18,264.1,264.1,577
2026-04-27 06:55:00,264.2,264.2,264.2,264.2,1000
2026-04-27 06:59:00,264.24,264.29,264.24,264.29,2500
2026-04-27 07:00:00,264.29,264.36,264.07,264.1999,5905
2026-04-27 07:01:00,264.07,264.35,264.06,264.35,8105
2026-04-27 07:02:00,264.4275,264.461,264.3,264.3,4747
2026-04-27 07:03:00,264.23,264.34,264.18,264.18,4311
2026-04-27 07:04:00,264.26,264.26,264.18,264.1801,2156
2026-04-27 07:05:00,264.26,264.4,264.26,264.4,1280
2026-04-27 07:06:00,264.41,264.45,264.18,264.19,6300
2026-04-27 07:07:00,264.18,264.22,264.18,264.1835,699
2026-04-27 07:08:00,264.19,264.19,264.0,264.0,3842
2026-04-27 07:09:00,264.035,264.035,263.91,263.95,3105
2026-04-27 07:10:00,264.01,264.01,263.81,263.96,7055
2026-04-27 07:11:00,263.85,263.85,263.63,263.63,3781
2026-04-27 07:12:00,263.7538,263.77,263.6,263.77,1020
2026-04-27 07:13:00,263.75,264.2,263.75,263.77,700
2026-04-27 07:14:00,263.628,263.628,263.52,263.55,1563
2026-04-27 07:15:00,263.51,263.94,263.51,263.94,3053
2026-04-27 07:16:00,263.6535,263.6535,263.5312,263.5312,700
2026-04-27 07:17:00,263.7341,263.7341,263.72,263.72,700
2026-04-27 07:18:00,263.66,263.8902,263.66,263.7,5334
2026-04-27 07:19:00,263.665,263.7001,263.6,263.7001,2543
2026-04-27 07:20:00,263.78,263.78,263.61,263.6199,1446
2026-04-27 07:21:00,263.6,263.66,263.4348,263.4348,5104
2026-04-27 07:22:00,263.6,263.67,263.6,263.67,484
2026-04-27 07:23:00,263.661,263.7,263.661,263.7,700
2026-04-27 07:24:00,263.6,263.8,263.6,263.8,1404
2026-04-27 07:25:00,263.66,263.66,263.6,263.6,1998
2026-04-27 07:26:00,263.65,263.66,263.6,263.6,967
2026-04-27 07:27:00,263.5786,263.58,263.5,263.5,3521
2026-04-27 07:28:00,263.55,263.55,263.45,263.47,1249
2026-04-27 07:29:00,263.5,263.52,263.4,263.47,481
2026-04-27 07:30:00,263.47,263.58,263.4,263.58,1656
2026-04-27 07:31:00,263.51,263.58,263.51,263.58,750
2026-04-27 07:32:00,263.55,263.9,263.55,263.84,4084
2026-04-27 07:33:00,263.8,263.8,263.6,263.63,900
2026-04-27 07:34:00,263.6,263.65,263.6,263.65,399
2026-04-27 07:35:00,263.63,263.8675,263.63,263.8,2513
2026-04-27 07:36:00,263.84,263.9,263.65,263.9,1341
2026-04-27 07:37:00,263.7678,263.85,263.7,263.85,2340
2026-04-27 07:38:00,263.6,263.75,263.6,263.75,300
2026-04-27 07:39:00,263.9,263.9,263.9,263.9,100
2026-04-27 07:40:00,263.75,263.75,263.75,263.75,235
2026-04-27 07:42:00,263.7,263.774,263.7,263.774,349
2026-04-27 07:43:00,263.8,263.8,263.8,263.8,250
2026-04-27 07:44:00,263.791,263.791,263.791,263.791,100
2026-04-27 07:45:00,263.65,263.7844,263.6,263.7844,2831
2026-04-27 07:46:00,263.6104,263.6104,263.6104,263.6104,142
2026-04-27 07:47:00,263.6296,263.7133,263.6296,263.7133,225
2026-04-27 07:48:00,263.63,263.7,263.6,263.6,1498
2026-04-27 07:49:00,263.6594,263.67,263.61,263.61,4940
2026-04-27 07:50:00,263.61,263.61,263.61,263.61,200
2026-04-27 07:51:00,263.74,263.76,263.6771,263.6771,732
2026-04-27 07:52:00,263.7999,263.7999,263.7999,263.7999,1800
2026-04-27 07:53:00,263.75,263.79,263.7055,263.77,1163
2026-04-27 07:54:00,263.77,263.7862,263.77,263.7862,200
2026-04-27 07:55:00,263.7879,263.7879,263.78,263.78,200
2026-04-27 07:56:00,263.78,263.8,263.78,263.8,381
2026-04-27 07:57:00,263.8,263.8,263.64,263.68,2469
2026-04-27 07:58:00,263.85,263.8557,263.8286,263.8286,5141
2026-04-27 07:59:00,263.8597,263.8597,263.8597,263.8597,1800
2026-04-27 08:00:00,263.81,263.8282,263.75,263.76,3965
2026-04-27 08:01:00,263.74,263.78,263.7,263.7,2481
2026-04-27 08:02:00,263.69,263.69,263.6685,263.6685,200
2026-04-27 08:03:00,263.61,263.61,263.52,263.52,2797
2026-04-27 08:04:00,263.5052,263.62,263.5052,263.62,2577
2026-04-27 08:05:00,263.61,263.84,263.6098,263.84,527
2026-04-27 08:06:00,263.79,263.84,263.73,263.83,1868
2026-04-27 08:07:00,263.8,263.8,263.7,263.7,1186
2026-04-27 08:09:00,263.76,263.76,263.7,263.7,663
2026-04-27 08:10:00,263.69,263.8419,263.6605,263.75,2399
2026-04-27 08:11:00,263.74,263.86,263.74,263.86,3950
2026-04-27 08:12:00,263.8,263.8,263.8,263.8,200
2026-04-27 08:15:00,263.53,263.53,263.5,263.51,3493
2026-04-27 08:16:00,263.64,263.64,263.64,263.64,1152
2026-04-27 08:17:00,263.617,263.617,263.6,263.6,1080
2026-04-27 08:18:00,263.68,263.68,263.6,263.6,4255
2026-04-27 08:19:00,263.55,263.56,263.46,263.5,2023
2026-04-27 08:20:00,263.49,263.5,263.4,263.4687,3534
2026-04-27 08:21:00,263.44,263.51,263.44,263.4596,907
2026-04-27 08:23:00,263.4776,263.4776,263.4776,263.4776,1000
2026-04-27 08:24:00,263.41,263.41,263.2,263.2,3501
2026-04-27 08:25:00,263.1981,263.3,263.17,263.19,7620
2026-04-27 08:26:00,263.15,263.23,262.92,263.07,12235
2026-04-27 08:27:00,263.01,263.01,262.81,262.81,3335
2026-04-27 08:28:00,262.78,262.87,262.78,262.87,3682
2026-04-27 08:29:00,262.88,262.88,262.8028,262.85,1637
2026-04-27 08:30:00,262.81,262.8499,262.68,262.7,2399
2026-04-27 08:31:00,262.7001,262.85,262.7001,262.7375,538
2026-04-27 08:32:00,262.9,262.9,262.75,262.75,1530
2026-04-27 08:33:00,262.7,262.84,262.7,262.84,5415
2026-04-27 08:34:00,262.74,262.75,262.69,262.75,2754
2026-04-27 08:35:00,262.82,262.82,262.78,262.78,209
2026-04-27 08:36:00,262.81,262.87,262.8014,262.8014,2248
2026-04-27 08:37:00,262.8,262.8,262.68,262.6801,2975
2026-04-27 08:38:00,262.68,262.7,262.665,262.7,2785
2026-04-27 08:39:00,262.62,262.7,262.6,262.6217,1292
2026-04-27 08:40:00,262.65,262.7512,262.65,262.7512,3654
2026-04-27 08:41:00,262.65,262.6935,262.5,262.52,17582
2026-04-27 08:42:00,262.5,262.74,262.5,262.74,7314
2026-04-27 08:43:00,262.65,262.74,262.65,262.74,4009
2026-04-27 08:44:00,262.73,262.9,262.73,262.87,5011
2026-04-27 08:45:00,262.93,262.9995,262.93,262.9995,1750
2026-04-27 08:46:00,262.97,263.0,262.9,262.9,1143
2026-04-27 08:47:00,262.84,262.96,262.8,262.9,3048
2026-04-27 08:48:00,263.0,263.05,262.9,263.05,3028
2026-04-27 08:49:00,263.0705,263.34,263.0301,263.3385,2596
2026-04-27 08:50:00,263.31,263.47,263.31,263.45,6083
2026-04-27 08:51:00,263.6,263.6,263.44,263.4596,1753
2026-04-27 08:52:00,263.44,263.55,263.36,263.36,4616
2026-04-27 08:53:00,263.11,263.11,263.11,263.11,133
2026-04-27 08:54:00,263.19,263.28,263.05,263.28,3010
2026-04-27 08:55:00,263.24,263.24,263.22,263.22,500
2026-04-27 08:56:00,263.15,263.15,263.05,263.05,1280
2026-04-27 08:57:00,263.14,263.3,263.14,263.2,3069
2026-04-27 08:58:00,263.25,263.25,263.15,263.2,1760
2026-04-27 09:00:00,263.17,263.19,263.15,263.19,838
2026-04-27 09:01:00,263.3,264.6,263.07,264.0,24076
2026-04-27 09:02:00,263.6,264.6,263.6,264.4,28920
2026-04-27 09:03:00,264.43,264.78,264.15,264.72,35858
2026-04-27 09:04:00,264.5,266.0,264.5,265.89,104083
2026-04-27 09:05:00,265.8406,266.6003,265.6,266.6003,79072
2026-04-27 09:06:00,266.73,267.29,266.51,266.62,63135
2026-04-27 09:07:00,266.77,266.79,266.25,266.25,24810
2026-04-27 09:08:00,266.39,266.74,266.0101,266.63,17542
2026-04-27 09:09:00,266.54,266.54,266.06,266.11,22588
2026-04-27 09:10:00,266.1988,266.6,266.06,266.34,25637
2026-04-27 09:11:00,266.43,266.43,265.52,265.52,13913
2026-04-27 09:12:00,265.65,265.7,265.5006,265.65,6351
2026-04-27 09:13:00,265.69,265.7,265.0658,265.338,36153
2026-04-27 09:14:00,265.3455,265.5,264.9,264.9,40873
2026-04-27 09:15:00,265.0,265.0,264.87,265.0,25240
2026-04-27 09:16:00,264.8869,265.0,264.27,264.27,17583
2026-04-27 09:17:00,264.27,264.5,264.0,264.3421,11125
2026-04-27 09:18:00,264.47,264.56,263.3,263.75,21330
2026-04-27 09:19:00,263.75,264.61,263.29,263.9,48349
2026-04-27 09:20:00,263.89,264.0,263.63,263.75,7742
2026-04-27 09:21:00,263.85,264.15,263.57,263.8,18017
2026-04-27 09:22:00,263.89,264.51,263.73,264.5,4197
2026-04-27 09:23:00,264.65,264.7,264.1,264.27,14040
2026-04-27 09:24:00,264.18,264.26,264.1,264.15,5282
2026-04-27 09:25:00,264.1,264.1,263.54,263.75,10873
2026-04-27 09:26:00,263.7,263.7,263.1,263.3195,12183
2026-04-27 09:27:00,263.18,264.16,263.15,263.23,19518
2026-04-27 09:28:00,263.05,263.2,263.0,263.16,11895
2026-04-27 09:29:00,263.17,263.49,263.08,263.16,17622
2026-04-27 09:30:00,263.46,264.15,262.7,262.99,1354556
2026-04-27 09:31:00,262.93,262.99,261.68,261.9,438308
2026-04-27 09:32:00,261.86,262.66,261.71,262.2447,227596
2026-04-27 09:33:00,262.245,262.83,262.19,262.72,207433
2026-04-27 09:34:00,262.67,262.95,262.23,262.835,234501
2026-04-27 09:35:00,262.835,263.2093,262.72,262.945,186527
2026-04-27 09:36:00,262.95,263.16,262.2,262.56,246340
2026-04-27 09:37:00,262.57,262.775,262.285,262.535,126051
2026-04-27 09:38:00,262.53,263.085,262.27,263.01,144028
2026-04-27 09:39:00,263.06,263.29,262.96,263.195,116486
2026-04-27 09:40:00,263.21,263.25,262.755,262.86,155992
2026-04-27 09:41:00,262.84,262.9425,262.42,262.72,106625
2026-04-27 09:42:00,262.73,263.145,262.68,262.87,122670
2026-04-27 09:43:00,262.87,262.94,262.6,262.66,146203
2026-04-27 09:44:00,262.66,262.76,261.985,262.085,115555
2026-04-27 09:45:00,262.06,262.12,261.41,261.555,214483
2026-04-27 09:46:00,261.565,261.94,261.44,261.47,135883
2026-04-27 09:47:00,261.47,261.4944,260.65,260.755,268814
2026-04-27 09:48:00,260.77,260.9179,260.4,260.54,158965
2026-04-27 09:49:00,260.549,261.39,260.53,261.1392,142178
2026-04-27 09:50:00,261.15,261.15,260.67,260.78,107532
2026-04-27 09:51:00,260.76,260.86,260.46,260.815,112831
2026-04-27 09:52:00,260.83,260.87,260.34,260.565,131483
2026-04-27 09:53:00,260.58,261.0828,260.575,260.725,223040
2026-04-27 09:54:00,260.76,261.49,260.76,261.47,136951
2026-04-27 09:55:00,261.4545,261.55,261.09,261.39,107219
2026-04-27 09:56:00,261.385,261.385,260.99,261.215,102211
2026-04-27 09:57:00,261.2,261.29,261.02,261.1,93091
2026-04-27 09:58:00,261.12,261.4,261.06,261.3999,79391
2026-04-27 09:59:00,261.36,261.4001,261.09,261.18,91493
2026-04-27 10:00:00,261.18,261.35,261.095,261.33,98123
2026-04-27 10:01:00,261.335,261.5599,261.205,261.41,123863
2026-04-27 10:02:00,261.41,261.65,261.2,261.62,150217
2026-04-27 10:03:00,261.63,261.8099,261.19,261.3799,122635
2026-04-27 10:04:00,261.37,261.58,261.37,261.46,63703
2026-04-27 10:05:00,261.44,261.5,261.23,261.35,93704
2026-04-27 10:06:00,261.355,261.99,261.355,261.92,136735
2026-04-27 10:07:00,261.9499,261.95,261.68,261.73,67207
2026-04-27 10:08:00,261.81,261.8799,261.62,261.62,69119
2026-04-27 10:09:00,261.64,261.77,261.545,261.6099,53211
2026-04-27 10:10:00,261.57,261.59,261.2,261.26,101061
2026-04-27 10:11:00,261.2787,261.4,261.11,261.22,120721
2026-04-27 10:12:00,261.19,261.41,261.08,261.35,78575
2026-04-27 10:13:00,261.3475,261.35,261.16,261.2612,46323
2026-04-27 10:14:00,261.26,261.26,261.0,261.06,80113
2026-04-27 10:15:00,261.07,261.27,261.07,261.23,86185
2026-04-27 10:16:00,261.24,261.32,261.14,261.28,51723
2026-04-27 10:17:00,261.285,261.335,261.11,261.17,46459
2026-04-27 10:18:00,261.165,261.22,261.07,261.08,58419
2026-04-27 10:19:00,261.11,261.17,260.9,261.12,68741
2026-04-27 10:20:00,261.12,261.14,260.88,261.01,111895
2026-04-27 10:21:00,261.0,261.34,260.99,261.215,43794
2026-04-27 10:22:00,261.26,261.35,261.12,261.255,59683
2026-04-27 10:23:00,261.26,261.49,261.225,261.27,61596
2026-04-27 10:24:00,261.28,261.39,261.215,261.39,91643
2026-04-27 10:25:00,261.38,261.7,261.38,261.65,100510
2026-04-27 10:26:00,261.64,262.04,261.62,262.01,274428
2026-04-27 10:27:00,261.98,262.05,261.84,262.05,77207
2026-04-27 10:28:00,262.05,262.22,262.01,262.055,60788
2026-04-27 10:29:00,262.04,262.21,261.83,262.195,96472
2026-04-27 10:30:00,262.21,262.21,261.815,262.08,60450
2026-04-27 10:31:00,262.11,262.25,261.975,262.15,166993
2026-04-27 10:32:00,262.14,262.5,262.015,262.3951,139581
2026-04-27 10:33:00,262.38,262.5299,262.38,262.43,71351
2026-04-27 10:34:00,262.415,262.5999,262.37,262.5,89160
2026-04-27 10:35:00,262.51,262.97,262.48,262.92,109956
2026-04-27 10:36:00,262.9,262.92,262.68,262.85,102061
2026-04-27 10:37:00,262.875,262.94,262.68,262.73,118462
2026-04-27 10:38:00,262.735,262.76,262.52,262.58,60660
2026-04-27 10:39:00,262.59,262.6101,262.31,262.41,57384
2026-04-27 10:40:00,262.42,262.4301,262.15,262.295,35261
2026-04-27 10:41:00,262.295,262.467,262.28,262.32,31068
2026-04-27 10:42:00,262.35,262.37,262.1735,262.22,27171
2026-04-27 10:43:00,262.21,262.39,262.21,262.38,29326
2026-04-27 10:44:00,262.39,262.53,262.39,262.47,48643
2026-04-27 10:45:00,262.49,262.61,262.44,262.46,43413
2026-04-27 10:46:00,262.45,262.6299,262.405,262.54,38801
2026-04-27 10:47:00,262.54,262.69,262.44,262.485,54452
2026-04-27 10:48:00,262.49,262.5999,262.39,262.43,34687
2026-04-27 10:49:00,262.44,262.68,262.395,262.675,64140
2026-04-27 10:50:00,262.675,262.79,262.585,262.67,81078
2026-04-27 10:51:00,262.665,262.67,262.5,262.5312,110443
2026-04-27 10:52:00,262.55,262.65,262.42,262.63,77612
2026-04-27 10:53:00,262.62,262.7499,262.5,262.595,63059
2026-04-27 10:54:00,262.595,262.695,262.5,262.6,66230
2026-04-27 10:55:00,262.595,262.73,262.55,262.67,44984
2026-04-27 10:56:00,262.675,262.71,262.59,262.67,54740
2026-04-27 10:57:00,262.69,263.0112,262.6,262.87,86628
2026-04-27 10:58:00,262.87,262.95,262.78,262.7899,72675
2026-04-27 10:59:00,262.785,262.93,262.78,262.87,49444
2026-04-27 11:00:00,262.875,262.9,262.79,262.86,79692
2026-04-27 11:01:00,262.8642,262.8642,262.5515,262.61,98432
2026-04-27 11:02:00,262.59,262.66,262.55,262.63,31443
2026-04-27 11:03:00,262.63,262.69,262.32,262.34,78052
2026-04-27 11:04:00,262.34,262.36,261.865,261.94,87841
2026-04-27 11:05:00,261.93,262.0986,261.85,262.06,44309
2026-04-27 11:06:00,262.09,262.12,261.81,261.825,39343
2026-04-27 11:07:00,261.825,261.865,261.58,261.75,72239
2026-04-27 11:08:00,261.75,261.895,261.67,261.885,78239
2026-04-27 11:09:00,261.9,261.95,261.725,261.8301,40495
2026-04-27 11:10:00,261.845,261.94,261.72,261.82,43576
2026-04-27 11:11:00,261.81,261.825,261.66,261.76,53489
2026-04-27 11:12:00,261.76,261.77,261.625,261.65,35491
2026-04-27 11:13:00,261.65,261.69,261.6,261.61,72271
2026-04-27 11:14:00,261.605,261.605,261.31,261.39,46977
2026-04-27 11:15:00,261.39,261.69,261.37,261.57,41963
2026-04-27 11:16:00,261.57,261.6999,261.44,261.55,57597
2026-04-27 11:17:00,261.55,261.67,261.42,261.43,33776
2026-04-27 11:18:00,261.425,261.45,261.28,261.36,43821
2026-04-27 11:19:00,261.36,261.4,261.26,261.305,26029
2026-04-27 11:20:00,261.305,261.4,261.29,261.33,49313
2026-04-27 11:21:00,261.3,261.31,261.07,261.07,50559
2026-04-27 11:22:00,261.08,261.1899,260.93,260.96,80371
2026-04-27 11:23:00,260.96,261.13,260.92,260.99,99157
2026-04-27 11:24:00,260.98,261.08,260.91,260.945,66854
2026-04-27 11:25:00,260.93,260.99,260.78,260.9399,73041
2026-04-27 11:26:00,260.925,260.935,260.73,260.93,48173
2026-04-27 11:27:00,260.94,261.175,260.94,261.125,91140
2026-04-27 11:28:00,261.14,261.29,261.14,261.18,64731
2026-04-27 11:29:00,261.17,261.36,261.15,261.315,61494
2026-04-27 11:30:00,261.33,261.33,261.1,261.2,74823
2026-04-27 11:31:00,261.18,261.28,261.14,261.25,83597
2026-04-27 11:32:00,261.27,261.3,261.05,261.24,55355
2026-04-27 11:33:00,261.23,261.29,261.065,261.1799,38686
2026-04-27 11:34:00,261.2,261.535,261.19,261.535,34905
2026-04-27 11:35:00,261.52,261.54,261.23,261.29,56496
2026-04-27 11:36:00,261.28,261.32,261.225,261.285,26484
2026-04-27 11:37:00,261.28,261.5,261.2301,261.44,29444
2026-04-27 11:38:00,261.44,261.46,261.29,261.29,16105
2026-04-27 11:39:00,261.28,261.475,261.275,261.475,48467
2026-04-27 11:40:00,261.475,261.55,261.475,261.495,25624
2026-04-27 11:41:00,261.495,261.5999,261.44,261.54,45965
2026-04-27 11:42:00,261.54,261.65,261.4302,261.44,43042
2026-04-27 11:43:00,261.43,261.43,261.22,261.25,47187
2026-04-27 11:44:00,261.26,261.31,261.2101,261.26,92635
2026-04-27 11:45:00,261.24,261.37,261.13,261.14,85889
2026-04-27 11:46:00,261.155,261.29,261.125,261.29,44392
2026-04-27 11:47:00,261.29,261.37,261.23,261.28,47229
2026-04-27 11:48:00,261.27,261.355,261.25,261.25,15728
2026-04-27 11:49:00,261.245,261.28,261.111,261.13,30547
2026-04-27 11:50:00,261.1301,261.2,261.1,261.18,24527
2026-04-27 11:51:00,261.17,261.19,261.125,261.18,26609
2026-04-27 11:52:00,261.17,261.185,260.95,261.06,50877
2026-04-27 11:53:00,261.07,261.12,261.01,261.09,13363
2026-04-27 11:54:00,261.08,261.12,261.0,261.09,26055
2026-04-27 11:55:00,261.1,261.18,261.05,261.15,18404
2026-04-27 11:56:00,261.1501,261.23,261.14,261.175,21990
2026-04-27 11:57:00,261.175,261.1962,261.11,261.18,24739
2026-04-27 11:58:00,261.175,261.22,261.06,261.06,28229
2026-04-27 11:59:00,261.06,261.24,261.055,261.2399,65554
2026-04-27 12:00:00,261.225,261.53,261.225,261.35,101556
2026-04-27 12:01:00,261.35,261.35,261.17,261.27,46036
2026-04-27 12:02:00,261.29,261.31,261.11,261.19,20330
2026-04-27 12:03:00,261.2,261.3599,261.2,261.245,26235
2026-04-27 12:04:00,261.26,261.58,261.25,261.545,64389
2026-04-27 12:05:00,261.545,261.58,261.455,261.575,33837
2026-04-27 12:06:00,261.58,261.7195,261.56,261.69,32145
2026-04-27 12:07:00,261.69,262.0,261.6518,261.96,194953
2026-04-27 12:08:00,261.96,262.08,261.96,262.05,55970
2026-04-27 12:09:00,262.06,262.097,261.905,261.915,59182
2026-04-27 12:10:00,261.92,262.05,261.83,262.05,48898
2026-04-27 12:11:00,262.0,262.15,262.0,262.14,69653
2026-04-27 12:12:00,262.13,262.21,262.07,262.12,65209
2026-04-27 12:13:00,262.12,262.2,262.11,262.165,43818
2026-04-27 12:14:00,262.17,262.285,262.11,262.25,35300
2026-04-27 12:15:00,262.25,262.39,262.25,262.3814,53060
2026-04-27 12:16:00,262.3803,262.56,262.33,262.5,35966
2026-04-27 12:17:00,262.49,262.49,262.4,262.44,31865
2026-04-27 12:18:00,262.45,262.4599,262.34,262.41,22706
2026-04-27 12:19:00,262.41,262.51,262.38,262.4601,25109
2026-04-27 12:20:00,262.47,262.55,262.42,262.55,26367
2026-04-27 12:21:00,262.55,262.685,262.55,262.645,47631
2026-04-27 12:22:00,262.63,262.7,262.59,262.63,43808
2026-04-27 12:23:00,262.65,262.85,262.65,262.85,81615
2026-04-27 12:24:00,262.85,262.89,262.72,262.7749,45710
2026-04-27 12:25:00,262.78,262.845,262.7115,262.805,34497
2026-04-27 12:26:00,262.8,262.89,262.75,262.85,34693
2026-04-27 12:27:00,262.845,262.93,262.83,262.88,26949
2026-04-27 12:28:00,262.88,262.9115,262.76,262.88,79161
2026-04-27 12:29:00,262.9,263.13,262.89,263.08,75609
2026-04-27 12:30:00,263.08,263.15,262.97,262.99,55088
2026-04-27 12:31:00,262.99,262.99,262.87,262.93,60408
2026-04-27 12:32:00,262.92,262.94,262.68,262.805,71350
2026-04-27 12:33:00,262.78,262.84,262.75,262.785,29999
2026-04-27 12:34:00,262.79,262.85,262.65,262.665,36920
2026-04-27 12:35:00,262.67,262.68,262.4,262.425,153572
2026-04-27 12:36:00,262.41,262.57,262.355,262.54,104733
2026-04-27 12:37:00,262.54,262.69,262.5201,262.68,20196
2026-04-27 12:38:00,262.68,262.68,262.5199,262.535,50138
2026-04-27 12:39:00,262.54,262.62,262.53,262.59,24806
2026-04-27 12:40:00,262.56,262.71,262.55,262.67,45687
2026-04-27 12:41:00,262.69,262.73,262.64,262.67,28780
2026-04-27 12:42:00,262.68,262.8599,262.66,262.8,24735
2026-04-27 12:43:00,262.8,262.8499,262.75,262.8302,36195
2026-04-27 12:44:00,262.85,262.85,262.74,262.76,39152
2026-04-27 12:45:00,262.76,262.79,262.69,262.75,36408
2026-04-27 12:46:00,262.7499,263.09,262.73,262.92,79724
2026-04-27 12:47:00,262.915,263.5,262.915,263.35,187554
2026-04-27 12:48:00,263.3499,263.46,263.08,263.1401,110965
2026-04-27 12:49:00,263.14,263.29,263.03,263.18,109829
2026-04-27 12:50:00,263.185,263.185,262.85,262.93,73178
2026-04-27 12:51:00,262.93,263.12,262.778,263.08,110966
2026-04-27 12:52:00,263.0965,263.11,262.86,262.935,34248
2026-04-27 12:53:00,262.93,262.94,262.81,262.825,30403
2026-04-27 12:54:00,262.82,262.82,262.66,262.66,57651
2026-04-27 12:55:00,262.66,262.73,262.5,262.72,53628
2026-04-27 12:56:00,262.72,262.72,262.57,262.6,22527
2026-04-27 12:57:00,262.6,262.67,262.55,262.58,22048
2026-04-27 12:58:00,262.59,262.66,262.575,262.585,31339
2026-04-27 12:59:00,262.59,262.61,262.5221,262.61,28623
2026-04-27 13:00:00,262.62,262.7,262.57,262.695,47358
2026-04-27 13:01:00,262.7099,262.73,262.59,262.69,36454
2026-04-27 13:02:00,262.69,262.84,262.68,262.7901,43876
2026-04-27 13:03:00,262.8,262.8,262.58,262.65,28339
2026-04-27 13:04:00,262.66,262.7999,262.56,262.7799,31142
2026-04-27 13:05:00,262.775,262.84,262.71,262.8,41925
2026-04-27 13:06:00,262.81,262.88,262.8,262.8699,34960
2026-04-27 13:07:00,262.8699,262.92,262.8401,262.85,31035
2026-04-27 13:08:00,262.845,262.85,262.6401,262.65,58531
2026-04-27 13:09:00,262.65,262.68,262.58,262.5949,42312
2026-04-27 13:10:00,262.595,262.61,262.5,262.51,45902
2026-04-27 13:11:00,262.51,262.635,262.47,262.49,70780
2026-04-27 13:12:00,262.48,262.695,262.44,262.68,74443
2026-04-27 13:13:00,262.69,262.725,262.65,262.685,28137
2026-04-27 13:14:00,262.69,262.735,262.671,262.6897,19020
2026-04-27 13:15:00,262.68,262.7,262.49,262.505,29409
2026-04-27 13:16:00,262.5001,262.67,262.5001,262.64,23190
2026-04-27 13:17:00,262.66,262.66,262.52,262.59,19999
2026-04-27 13:18:00,262.58,262.5921,262.4,262.45,22973
2026-04-27 13:19:00,262.45,262.4709,262.42,262.47,23520
2026-04-27 13:20:00,262.46,262.5,262.41,262.425,19103
2026-04-27 13:21:00,262.43,262.44,262.4001,262.415,11956
2026-04-27 13:22:00,262.415,262.505,262.27,262.32,40178
2026-04-27 13:23:00,262.3335,262.66,262.29,262.38,43386
2026-04-27 13:24:00,262.39,262.41,262.301,262.38,18547
2026-04-27 13:25:00,262.385,262.515,262.3702,262.51,30344
2026-04-27 13:26:00,262.51,262.57,262.46,262.51,16973
2026-04-27 13:27:00,262.51,262.55,262.456,262.54,22738
2026-04-27 13:28:00,262.5401,262.7,262.53,262.67,57642
2026-04-27 13:29:00,262.67,262.7999,262.66,262.75,43382
2026-04-27 13:30:00,262.735,262.97,262.73,262.9,53826
2026-04-27 13:31:00,262.9,262.9,262.79,262.84,30925
2026-04-27 13:32:00,262.85,262.85,262.74,262.7694,32593
2026-04-27 13:33:00,262.76,262.94,262.75,262.94,20159
2026-04-27 13:34:00,262.955,262.97,262.87,262.945,41837
2026-04-27 13:35:00,262.94,262.95,262.77,262.776,36189
2026-04-27 13:36:00,262.77,262.77,262.51,262.5103,44019
2026-04-27 13:37:00,262.52,262.54,262.43,262.44,55135
2026-04-27 13:38:00,262.44,262.46,262.15,262.1799,76578
2026-04-27 13:39:00,262.1609,262.18,261.96,261.97,75285
2026-04-27 13:40:00,262.0,262.1501,261.97,262.1501,49958
2026-04-27 13:41:00,262.1551,262.21,262.1101,262.19,19103
2026-04-27 13:42:00,262.2,262.23,262.12,262.12,36358
2026-04-27 13:43:00,262.13,262.15,262.005,262.0101,27412
2026-04-27 13:44:00,262.005,262.11,261.98,262.0901,37236
2026-04-27 13:45:00,262.11,262.13,262.04,262.0429,15460
2026-04-27 13:46:00,262.034,262.08,262.0,262.06,22312
2026-04-27 13:47:00,262.065,262.09,262.0005,262.01,35151
2026-04-27 13:48:00,262.01,262.09,261.9601,262.08,36792
2026-04-27 13:49:00,262.07,262.08,262.01,262.02,10672
2026-04-27 13:50:00,262.03,262.16,262.01,262.075,30995
2026-04-27 13:51:00,262.07,262.09,262.02,262.06,13853
2026-04-27 13:52:00,262.08,262.11,262.02,262.08,18293
2026-04-27 13:53:00,262.07,262.08,261.97,262.07,43898
2026-04-27 13:54:00,262.08,262.105,262.05,262.0526,17643
2026-04-27 13:55:00,262.07,262.08,261.97,262.0,29113
2026-04-27 13:56:00,262.0,262.03,261.97,261.9901,19033
2026-04-27 13:57:00,262.0,262.1,261.99,262.065,29413
2026-04-27 13:58:00,262.05,262.125,262.045,262.075,27340
2026-04-27 13:59:00,262.075,262.12,262.04,262.08,26848
2026-04-27 14:00:00,262.09,262.0998,261.95,261.99,34913
2026-04-27 14:01:00,261.99,262.005,261.805,261.86,37333
2026-04-27 14:02:00,261.85,261.88,261.82,261.855,35485
2026-04-27 14:03:00,261.86,261.89,261.835,261.85,22750
2026-04-27 14:04:00,261.835,261.84,261.73,261.745,37190
2026-04-27 14:05:00,261.755,261.845,261.72,261.805,30078
2026-04-27 14:06:00,261.81,261.86,261.78,261.825,33091
2026-04-27 14:07:00,261.82,261.83,261.745,261.755,29441
2026-04-27 14:08:00,261.7501,261.88,261.75,261.795,25338
2026-04-27 14:09:00,261.799,261.865,261.66,261.81,82771
2026-04-27 14:10:00,261.83,261.89,261.8,261.855,35205
2026-04-27 14:11:00,261.86,261.885,261.83,261.835,26571
2026-04-27 14:12:00,261.84,261.88,261.69,261.69,59686
2026-04-27 14:13:00,261.6999,261.73,261.52,261.7177,99190
2026-04-27 14:14:00,261.72,261.845,261.67,261.8,41803
2026-04-27 14:15:00,261.8,261.82,261.71,261.72,26352
2026-04-27 14:16:00,261.7202,261.78,261.71,261.78,21604
2026-04-27 14:17:00,261.79,261.79,261.715,261.74,13196
2026-04-27 14:18:00,261.745,261.75,261.64,261.665,39358
2026-04-27 14:19:00,261.66,261.77,261.65,261.69,33071
2026-04-27 14:20:00,261.69,261.69,261.54,261.54,53545
2026-04-27 14:21:00,261.545,261.68,261.54,261.665,36784
2026-04-27 14:22:00,261.66,261.66,261.56,261.575,20953
2026-04-27 14:23:00,261.575,261.61,261.52,261.6,24117
2026-04-27 14:24:00,261.6,261.6,261.43,261.47,47681
2026-04-27 14:25:00,261.47,261.605,261.46,261.565,29814
2026-04-27 14:26:00,261.57,261.575,261.51,261.54,16966
2026-04-27 14:27:00,261.54,261.58,261.52,261.565,25098
2026-04-27 14:28:00,261.565,261.68,261.54,261.675,22021
2026-04-27 14:29:00,261.68,261.74,261.66,261.73,53581
2026-04-27 14:30:00,261.72,261.81,261.71,261.81,58522
2026-04-27 14:31:00,261.81,261.85,261.78,261.81,44170
2026-04-27 14:32:00,261.8101,261.86,261.78,261.79,40762
2026-04-27 14:33:00,261.79,261.87,261.78,261.845,42697
2026-04-27 14:34:00,261.845,261.9,261.84,261.84,122908
2026-04-27 14:35:00,261.84,261.84,261.66,261.695,57400
2026-04-27 14:36:00,261.69,261.715,261.66,261.685,45146
2026-04-27 14:37:00,261.69,261.77,261.63,261.73,36761
2026-04-27 14:38:00,261.74,261.845,261.69,261.805,25695
2026-04-27 14:39:00,261.805,261.96,261.8,261.9397,49860
2026-04-27 14:40:00,261.935,261.9674,261.91,261.94,28121
2026-04-27 14:41:00,261.94,261.96,261.74,261.77,36935
2026-04-27 14:42:00,261.76,261.81,261.72,261.78,26533
2026-04-27 14:43:00,261.785,261.785,261.57,261.6,44444
2026-04-27 14:44:00,261.6,261.615,261.52,261.59,41740
2026-04-27 14:45:00,261.59,261.595,261.51,261.59,41569
2026-04-27 14:46:00,261.59,261.595,261.52,261.54,42948
2026-04-27 14:47:00,261.54,261.58,261.46,261.485,37757
2026-04-27 14:48:00,261.485,261.565,261.46,261.495,39080
2026-04-27 14:49:00,261.495,261.54,261.43,261.445,62643
2026-04-27 14:50:00,261.445,261.52,261.43,261.515,29318
2026-04-27 14:51:00,261.515,261.53,261.43,261.525,29928
2026-04-27 14:52:00,261.525,261.53,261.37,261.4301,29320
2026-04-27 14:53:00,261.435,261.435,261.36,261.415,38791
2026-04-27 14:54:00,261.42,261.45,261.39,261.44,39585
2026-04-27 14:55:00,261.45,261.54,261.36,261.38,49783
2026-04-27 14:56:00,261.385,261.6,261.38,261.47,44570
2026-04-27 14:57:00,261.47,261.5,261.44,261.5,21075
2026-04-27 14:58:00,261.52,261.61,261.45,261.46,36354
2026-04-27 14:59:00,261.48,261.5,261.45,261.465,37007
2026-04-27 15:00:00,261.46,261.58,261.44,261.485,37239
2026-04-27 15:01:00,261.51,261.565,261.46,261.48,42329
2026-04-27 15:02:00,261.49,261.5025,261.2,261.24,102297
2026-04-27 15:03:00,261.24,261.34,261.19,261.265,77642
2026-04-27 15:04:00,261.265,261.3899,261.25,261.375,46408
2026-04-27 15:05:00,261.375,261.46,261.27,261.31,95873
2026-04-27 15:06:00,261.31,261.4,261.29,261.32,67815
2026-04-27 15:07:00,261.33,261.4,261.2401,261.2401,71200
2026-04-27 15:08:00,261.25,261.3554,261.21,261.3,40748
2026-04-27 15:09:00,261.3,261.34,261.26,261.29,48719
2026-04-27 15:10:00,261.31,261.31,261.165,261.235,79398
2026-04-27 15:11:00,261.235,261.33,261.18,261.2,37906
2026-04-27 15:12:00,261.21,261.29,261.2,261.22,29921
2026-04-27 15:13:00,261.23,261.34,261.225,261.31,37827
2026-04-27 15:14:00,261.32,261.35,261.24,261.26,33491
2026-04-27 15:15:00,261.27,261.34,261.27,261.3299,51810
2026-04-27 15:16:00,261.32,261.32,261.1301,261.145,38216
2026-04-27 15:17:00,261.145,261.22,261.075,261.105,42925
2026-04-27 15:18:00,261.1098,261.16,261.06,261.13,36277
2026-04-27 15:19:00,261.13,261.23,261.12,261.21,28944
2026-04-27 15:20:00,261.2,261.275,261.15,261.241,26467
2026-04-27 15:21:00,261.24,261.24,261.05,261.055,52813
2026-04-27 15:22:00,261.05,261.09,261.01,261.03,25924
2026-04-27 15:23:00,261.035,261.25,260.95,261.245,84925
2026-04-27 15:24:00,261.245,261.28,261.2,261.22,31198
2026-04-27 15:25:00,261.21,261.21,261.055,261.16,62075
2026-04-27 15:26:00,261.17,261.195,261.05,261.0902,35625
2026-04-27 15:27:00,261.095,261.2199,261.095,261.215,45008
2026-04-27 15:28:00,261.22,261.24,261.12,261.13,35988
2026-04-27 15:29:00,261.13,261.21,260.953,261.02,195592
2026-04-27 15:30:00,261.02,261.14,260.97,261.11,73811
2026-04-27 15:31:00,261.11,261.19,261.1,261.14,29040
2026-04-27 15:32:00,261.14,261.14,261.07,261.07,31921
2026-04-27 15:33:00,261.08,261.12,260.99,261.02,32215
2026-04-27 15:34:00,261.02,261.13,261.01,261.12,34489
2026-04-27 15:35:00,261.12,261.13,260.89,260.89,60757
2026-04-27 15:36:00,260.9,260.955,260.85,260.91,48245
2026-04-27 15:37:00,260.91,260.94,260.82,260.85,106730
2026-04-27 15:38:00,260.86,260.97,260.85,260.945,36614
2026-04-27 15:39:00,260.95,260.97,260.86,260.905,54123
2026-04-27 15:40:00,260.9,261.005,260.9,260.97,68608
2026-04-27 15:41:00,260.98,260.9899,260.89,260.9,60124
2026-04-27 15:42:00,260.9,260.945,260.85,260.88,63667
2026-04-27 15:43:00,260.89,260.92,260.86,260.92,31280
2026-04-27 15:44:00,260.915,261.02,260.915,260.94,41151
2026-04-27 15:45:00,260.93,261.025,260.88,260.96,68449
2026-04-27 15:46:00,260.96,261.02,260.85,260.85,87891
2026-04-27 15:47:00,260.86,261.02,260.83,260.9799,75051
2026-04-27 15:48:00,260.97,261.0155,260.91,260.99,70938
2026-04-27 15:49:00,260.985,261.065,260.94,261.0,130697
2026-04-27 15:50:00,261.01,261.08,260.75,261.065,220090
2026-04-27 15:51:00,261.05,261.2,260.9901,261.2,83701
2026-04-27 15:52:00,261.195,261.245,260.92,261.03,204357
2026-04-27 15:53:00,261.02,261.02,260.9,260.97,129673
2026-04-27 15:54:00,260.96,261.14,260.9,261.1349,100907
2026-04-27 15:55:00,261.15,261.3,261.15,261.185,205434
2026-04-27 15:56:00,261.2,261.25,261.12,261.135,218480
2026-04-27 15:57:00,261.13,261.14,261.0,261.025,252820
2026-04-27 15:58:00,261.0295,261.15,261.005,261.145,243550
2026-04-27 15:59:00,261.14,261.145,261.0,261.08,526988
2026-04-27 16:00:00,261.095,261.12,260.98,260.98,4007959
2026-04-27 16:01:00,260.96,261.0998,260.89,261.02,2533
2026-04-27 16:02:00,261.1,261.1,261.0117,261.0117,700
2026-04-27 16:03:00,261.0,261.07,260.9,261.07,1115
2026-04-27 16:04:00,260.99,260.99,260.956,260.956,350
2026-04-27 16:05:00,261.0586,261.0586,261.0586,261.0586,100
2026-04-27 16:06:00,261.02,261.06,261.0,261.01,1553
2026-04-27 16:07:00,260.91,261.05,260.91,261.0045,550
2026-04-27 16:08:00,260.99,260.99,260.9,260.9,358
2026-04-27 16:09:00,261.02,261.02,260.94,260.94,1119
2026-04-27 16:10:00,261.0131,261.0131,261.0131,261.0131,100
2026-04-27 16:11:00,260.9663,261.0,260.9,260.9,995
2026-04-27 16:12:00,260.913,260.9685,260.913,260.94,2970
2026-04-27 16:14:00,260.92,261.0,260.9,260.9,1980
2026-04-27 16:15:00,260.91,260.91,260.88,260.9,1260
2026-04-27 16:16:00,260.89,260.9,260.88,260.8801,3138
2026-04-27 16:17:00,260.93,260.94,260.93,260.9387,1231
2026-04-27 16:18:00,260.9409,260.9409,260.89,260.94,820
2026-04-27 16:21:00,260.95,260.95,260.95,260.95,100
2026-04-27 16:22:00,260.9,260.95,260.9,260.95,3039
2026-04-27 16:23:00,260.94,261.12,260.94,261.005,2279
2026-04-27 16:24:00,260.98,260.98,260.92,260.98,1070
2026-04-27 16:25:00,260.92,260.98,260.92,260.98,1932
2026-04-27 16:26:00,261.08,261.5,261.0,261.5,12959
2026-04-27 16:27:00,261.48,261.48,261.06,261.1,1708
2026-04-27 16:28:00,261.12,261.28,261.11,261.28,1644
2026-04-27 16:30:00,261.2,261.2,261.16,261.16,1028
2026-04-27 16:31:00,261.2,261.2,261.2,261.2,235
2026-04-27 16:32:00,261.15,261.15,261.12,261.15,700
2026-04-27 16:33:00,261.21,261.21,261.21,261.21,100
2026-04-27 16:34:00,261.22,261.22,261.22,261.22,100
2026-04-27 16:35:00,261.2,261.2,261.2,261.2,684
2026-04-27 16:37:00,261.3,261.3,261.3,261.3,268
2026-04-27 16:38:00,261.4201,261.45,261.4201,261.45,200
2026-04-27 16:39:00,261.4066,261.42,261.4066,261.42,500
2026-04-27 16:40:00,261.4,261.43,261.4,261.43,555
2026-04-27 16:41:00,261.43,261.43,261.43,261.43,300
2026-04-27 16:43:00,261.45,261.49,261.45,261.47,1883
2026-04-27 16:44:00,261.4391,261.4792,261.43,261.43,987
2026-04-27 16:45:00,261.5,261.5,261.5,261.5,495
2026-04-27 16:46:00,261.43,261.43,261.42,261.42,341
2026-04-27 16:49:00,261.35,261.35,261.34,261.34,511
2026-04-27 16:51:00,261.3,261.42,261.3,261.42,1420
2026-04-27 16:52:00,261.2734,261.34,261.2734,261.34,600
2026-04-27 16:53:00,261.34,261.34,261.34,261.34,100
2026-04-27 16:54:00,261.2501,261.2501,261.2501,261.2501,500
2026-04-27 16:55:00,261.25,261.25,261.25,261.25,880
2026-04-27 16:57:00,261.12,261.13,261.12,261.13,337
2026-04-27 16:58:00,261.12,261.12,261.12,261.12,200
2026-04-27 17:02:00,261.3,261.3,261.22,261.22,811
2026-04-27 17:03:00,261.2,261.2,261.2,261.2,242
2026-04-27 17:04:00,261.3,261.3,261.3,261.3,200
2026-04-27 17:07:00,261.251,261.251,261.251,261.251,149
2026-04-27 17:08:00,261.3,261.39,261.3,261.39,250
2026-04-27 17:09:00,261.39,261.4,261.25,261.25,782
2026-04-27 17:10:00,261.3,261.3,261.3,261.3,300
2026-04-27 17:12:00,261.34,261.34,261.34,261.34,185
2026-04-27 17:14:00,261.3399,261.3399,261.3399,261.3399,500
2026-04-27 17:16:00,261.301,261.313,261.3008,261.313,709
2026-04-27 17:21:00,261.35,261.35,261.35,261.35,194
2026-04-27 17:24:00,261.31,261.31,261.31,261.31,100
2026-04-27 17:25:00,261.31,261.31,261.3099,261.3099,200
2026-04-27 17:26:00,261.31,261.31,261.31,261.31,614
2026-04-27 17:27:00,261.32,261.32,261.31,261.31,1007
2026-04-27 17:28:00,261.4,261.4,261.4,261.4,1100
2026-04-27 17:29:00,261.4,261.4,261.4,261.4,100
2026-04-27 17:30:00,261.3,261.3,261.3,261.3,100
2026-04-27 17:31:00,261.3,261.31,261.3,261.31,865
2026-04-27 17:33:00,261.29,261.3196,261.29,261.3196,419
2026-04-27 17:34:00,261.25,261.25,261.25,261.25,300
2026-04-27 17:35:00,261.32,261.32,261.32,261.32,179
2026-04-27 17:38:00,261.35,261.35,261.34,261.34,500
2026-04-27 17:41:00,261.35,261.4,261.35,261.4,500
2026-04-27 17:42:00,261.4,261.4,261.4,261.4,100
2026-04-27 17:43:00,261.34,261.34,261.32,261.32,575
2026-04-27 17:46:00,261.3208,261.3218,261.3208,261.3218,608
2026-04-27 17:47:00,261.32,261.32,261.32,261.32,970
2026-04-27 17:49:00,261.3,261.3015,261.3,261.3015,500
2026-04-27 17:50:00,261.2997,261.2997,261.2997,261.2997,400
2026-04-27 17:52:00,261.29,261.3,261.29,261.3,898
2026-04-27 17:53:00,261.3,261.3,261.3,261.3,100
2026-04-27 17:54:00,261.28,261.2826,261.28,261.2826,250
2026-04-27 17:55:00,261.3,261.3,261.3,261.3,100
2026-04-27 17:56:00,261.28,261.28,261.28,261.28,189
2026-04-27 17:59:00,261.25,261.2885,261.25,261.2885,365
2026-04-27 18:00:00,261.28,261.4,261.26,261.4,7042
2026-04-27 18:01:00,261.33,261.33,261.33,261.33,100
2026-04-27 18:02:00,261.39,261.39,261.36,261.38,950
2026-04-27 18:03:00,261.4,261.4,261.4,261.4,888
2026-04-27 18:04:00,261.33,261.35,261.33,261.35,600
2026-04-27 18:05:00,261.39,261.51,261.39,261.51,3964
2026-04-27 18:06:00,261.74,261.74,261.3948,261.5,835
2026-04-27 18:07:00,261.55,261.74,261.55,261.61,1527
2026-04-27 18:08:00,261.65,261.65,261.65,261.65,113
2026-04-27 18:09:00,261.3501,261.3501,261.3501,261.3501,2000
2026-04-27 18:12:00,261.75,261.75,261.7056,261.7056,1327
2026-04-27 18:13:00,261.6893,261.6893,261.61,261.61,269
2026-04-27 18:14:00,261.6,261.6,261.6,261.6,242
2026-04-27 18:17:00,261.7,261.74,261.62,261.62,1383
2026-04-27 18:18:00,261.69,261.75,261.69,261.74,3349
2026-04-27 18:19:00,261.75,261.75,261.75,261.75,100
2026-04-27 18:20:00,261.73,261.81,261.73,261.81,1774
2026-04-27 18:21:00,261.7813,261.7813,261.7813,261.7813,500
2026-04-27 18:23:00,261.75,261.75,261.69,261.69,314
2026-04-27 18:24:00,261.65,261.66,261.65,261.66,468
2026-04-27 18:25:00,261.66,261.66,261.65,261.65,1100
2026-04-27 18:26:00,261.67,261.67,261.67,261.67,130
2026-04-27 18:27:00,261.7,261.7,261.7,261.7,300
2026-04-27 18:29:00,261.83,261.83,261.83,261.83,200
2026-04-27 18:31:00,261.75,261.78,261.75,261.7796,1245
2026-04-27 18:32:00,261.75,261.75,261.75,261.75,200
2026-04-27 18:34:00,261.75,261.75,261.7,261.7,300
2026-04-27 18:35:00,261.7484,261.7484,261.7484,261.7484,100
2026-04-27 18:37:00,261.6565,261.6565,261.6565,261.6565,500
2026-04-27 18:38:00,261.66,261.66,261.66,261.66,344
2026-04-27 18:39:00,261.67,261.67,261.65,261.65,324
2026-04-27 18:40:00,261.65,261.65,261.6499,261.65,886
2026-04-27 18:41:00,261.6435,261.7,261.6435,261.7,898
2026-04-27 18:42:00,261.66,261.66,261.66,261.66,100
2026-04-27 18:43:00,261.6505,261.7,261.6505,261.6541,1506
2026-04-27 18:44:00,261.7,261.7,261.7,261.7,458
2026-04-27 18:45:00,261.7493,261.7493,261.7013,261.7013,1000
2026-04-27 18:46:00,261.73,261.7348,261.73,261.73,958
2026-04-27 18:47:00,261.7,261.7001,261.7,261.7001,831
2026-04-27 18:48:00,261.65,261.6501,261.65,261.6501,230
2026-04-27 18:50:00,261.65,261.65,261.65,261.65,385
2026-04-27 18:55:00,261.66,261.686,261.66,261.686,200
2026-04-27 18:56:00,261.66,261.66,261.66,261.66,141
2026-04-27 18:57:00,261.613,261.613,261.613,261.613,500
2026-04-27 18:59:00,261.7,261.7,261.64,261.64,230
2026-04-27 19:00:00,261.66,261.66,261.66,261.66,100
2026-04-27 19:01:00,261.66,261.66,261.66,261.66,100
2026-04-27 19:02:00,261.6,261.6,261.6,261.6,172
2026-04-27 19:03:00,261.69,261.69,261.613,261.69,300
2026-04-27 19:04:00,261.7,261.7,261.7,261.7,120
2026-04-27 19:05:00,261.67,261.67,261.67,261.67,100
2026-04-27 19:09:00,261.63,261.63,261.61,261.613,675
2026-04-27 19:11:00,261.65,261.65,261.65,261.65,100
2026-04-27 19:14:00,261.6061,261.6061,261.6061,261.6061,400
2026-04-27 19:15:00,261.61,261.61,261.61,261.61,124
2026-04-27 19:16:00,261.6922,261.6922,261.6922,261.6922,100
2026-04-27 19:18:00,261.7,261.7,261.7,261.7,145
2026-04-27 19:20:00,261.71,261.78,261.71,261.78,1200
2026-04-27 19:22:00,261.71,261.71,261.693,261.7084,966
2026-04-27 19:24:00,261.74,261.74,261.74,261.74,193
2026-04-27 19:29:00,261.77,261.7798,261.77,261.7798,300
2026-04-27 19:30:00,261.7791,261.7791,261.7791,261.7791,288
2026-04-27 19:31:00,261.78,261.78,261.78,261.78,308
2026-04-27 19:32:00,261.75,261.75,261.75,261.75,100
2026-04-27 19:33:00,261.77,261.77,261.75,261.75,200
2026-04-27 19:34:00,261.75,261.75,261.7499,261.75,410
2026-04-27 19:35:00,261.7,261.75,261.7,261.75,660
2026-04-27 19:36:00,261.8,261.8,261.8,261.8,100
2026-04-27 19:39:00,261.7861,261.7861,261.78,261.78,545
2026-04-27 19:40:00,261.7948,261.8,261.7948,261.8,200
2026-04-27 19:41:00,261.774,261.774,261.7614,261.7614,708
2026-04-27 19:42:00,261.79,261.79,261.79,261.79,100
2026-04-27 19:43:00,261.73,261.76,261.71,261.76,437
2026-04-27 19:44:00,261.79,261.79,261.79,261.79,150
2026-04-27 19:45:00,261.7,261.8,261.7,261.8,3060
2026-04-27 19:47:00,261.787,261.8,261.7,261.8,329
2026-04-27 19:49:00,261.76,261.76,261.62,261.63,907
2026-04-27 19:53:00,261.72,261.72,261.6896,261.6896,290
2026-04-27 19:54:00,261.62,261.62,261.62,261.62,1000
2026-04-27 19:55:00,261.7,261.7,261.69,261.6999,1082
2026-04-27 19:56:00,261.63,261.7,261.63,261.6304,1463
2026-04-27 19:57:00,261.7,261.7,261.6304,261.68,300
2026-04-27 19:58:00,261.7,261.7003,261.7,261.7003,670
2026-04-27 19:59:00,261.72,261.73,261.71,261.71,2710
2026-04-28 04:00:00,260.2,261.44,260.0,260.02,18185
2026-04-28 04:01:00,260.06,260.36,260.04,260.04,1319
2026-04-28 04:02:00,260.19,260.19,260.19,260.19,100
2026-04-28 04:03:00,260.0,260.0,260.0,260.0,501
2026-04-28 04:05:00,260.2,260.2,260.07,260.07,250
2026-04-28 04:06:00,260.23,260.23,260.23,260.23,191
2026-04-28 04:07:00,260.31,260.31,260.15,260.2,3263
2026-04-28 04:08:00,260.15,260.25,260.15,260.25,1215
2026-04-28 04:09:00,260.14,260.14,260.14,260.14,491
2026-04-28 04:10:00,260.01,260.01,260.01,260.01,173
2026-04-28 04:11:00,260.09,260.26,260.09,260.14,585
2026-04-28 04:13:00,260.17,260.17,260.14,260.14,600
2026-04-28 04:15:00,260.23,260.23,260.08,260.08,3198
2026-04-28 04:16:00,260.27,260.5,260.27,260.5,542
2026-04-28 04:17:00,260.4844,260.4844,260.2,260.2,3963
2026-04-28 04:18:00,260.2,260.2,260.2,260.2,1314
2026-04-28 04:19:00,260.08,260.08,260.08,260.08,730
2026-04-28 04:20:00,260.17,260.17,260.17,260.17,300
2026-04-28 04:21:00,260.15,260.5,260.15,260.5,1040
2026-04-28 04:22:00,260.49,260.49,260.49,260.49,300
2026-04-28 04:23:00,260.31,260.47,260.3,260.47,2892
2026-04-28 04:24:00,260.2,260.2,260.2,260.2,200
2026-04-28 04:25:00,260.04,260.48,260.04,260.48,2463
2026-04-28 04:27:00,260.41,260.48,260.41,260.45,600
2026-04-28 04:28:00,260.3,260.69,260.3,260.6,1900
2026-04-28 04:29:00,260.3,260.52,260.3,260.5,568
2026-04-28 04:30:00,260.5,260.5,260.5,260.5,1064
2026-04-28 04:31:00,260.69,260.69,260.69,260.69,100
2026-04-28 04:32:00,260.5,260.69,260.5,260.69,370
2026-04-28 04:33:00,260.69,260.75,260.65,260.75,972
2026-04-28 04:34:00,260.79,260.91,260.79,260.9,822
2026-04-28 04:35:00,260.92,260.92,260.85,260.92,2000
2026-04-28 04:36:00,260.92,261.0,260.91,261.0,3742
2026-04-28 04:39:00,261.02,261.16,261.02,261.16,320
2026-04-28 04:40:00,261.1,261.11,261.04,261.04,2264
2026-04-28 04:41:00,261.11,261.11,260.95,260.95,646
2026-04-28 04:42:00,260.92,260.92,260.92,260.92,161
2026-04-28 04:43:00,260.91,260.91,260.9,260.9,324
2026-04-28 04:44:00,260.825,260.9,260.825,260.9,350
2026-04-28 04:45:00,260.8,260.95,260.76,260.95,700
2026-04-28 04:47:00,260.92,260.92,260.92,260.92,291
2026-04-28 04:48:00,260.82,260.82,260.75,260.75,297
2026-04-28 04:49:00,261.0,261.0,261.0,261.0,164
2026-04-28 04:50:00,261.0,261.0,261.0,261.0,100
2026-04-28 04:51:00,260.8322,260.8322,260.8322,260.8322,144
2026-04-28 04:53:00,261.0087,261.01,260.9,260.9,992
2026-04-28 04:54:00,261.0,261.0,261.0,261.0,100
2026-04-28 04:55:00,261.0,261.0,260.92,260.92,560
2026-04-28 04:56:00,261.0,261.01,260.94,260.94,900
2026-04-28 04:57:00,260.9,260.9,260.9,260.9,298
2026-04-28 04:58:00,260.8131,260.8131,260.8131,260.8131,300
2026-04-28 05:02:00,260.7,260.7,260.7,260.7,100
2026-04-28 05:03:00,260.69,260.69,260.69,260.69,100
2026-04-28 05:06:00,260.64,260.79,260.64,260.65,600
2026-04-28 05:08:00,260.6,262.42,260.6,262.42,33958
2026-04-28 05:09:00,261.87,261.87,261.45,261.45,2280
2026-04-28 05:10:00,261.45,261.52,261.21,261.21,2488
2026-04-28 05:11:00,261.55,261.6,261.55,261.6,689
2026-04-28 05:12:00,261.4,261.4,261.35,261.35,1627
2026-04-28 05:13:00,261.22,261.22,261.07,261.07,705
2026-04-28 05:14:00,261.22,262.0,261.22,262.0,459
2026-04-28 05:15:00,261.38,261.38,261.31,261.31,300
2026-04-28 05:16:00,261.4,261.41,261.39,261.41,622
2026-04-28 05:17:00,261.3,261.53,261.3,261.5,1420
2026-04-28 05:19:00,261.71,261.71,261.42,261.5,732
2026-04-28 05:20:00,261.5,261.5,261.24,261.24,1847
2026-04-28 05:21:00,261.17,261.17,261.15,261.15,336
2026-04-28 05:22:00,261.16,261.3,261.15,261.15,1100
2026-04-28 05:23:00,261.16,261.3,261.16,261.3,1262
2026-04-28 05:24:00,261.15,261.34,261.15,261.15,3259
2026-04-28 05:25:00,261.15,261.16,261.15,261.15,600
2026-04-28 05:26:00,261.15,261.15,261.0,261.0,828
2026-04-28 05:27:00,261.28,261.28,261.28,261.28,100
2026-04-28 05:28:00,261.02,261.02,261.0,261.0,820
2026-04-28 05:30:00,261.25,261.25,261.1,261.1,1100
2026-04-28 05:31:00,261.0,261.0,260.74,260.74,430
2026-04-28 05:32:00,260.58,260.7,260.55,260.7,901
2026-04-28 05:33:00,260.72,260.72,260.72,260.72,106
2026-04-28 05:34:00,260.91,260.91,260.56,260.56,350
2026-04-28 05:36:00,260.86,260.92,260.86,260.92,1530
2026-04-28 05:37:00,261.33,261.33,260.91,261.32,800
2026-04-28 05:38:00,261.07,261.07,260.7,260.7,3100
2026-04-28 05:40:00,260.75,260.75,260.6,260.6,3874
2026-04-28 05:41:00,260.55,260.55,260.5,260.5,400
2026-04-28 05:43:00,260.6248,260.6248,260.6,260.6,1912
2026-04-28 05:44:00,260.68,260.8,260.68,260.8,491
2026-04-28 05:45:00,260.8,260.8,260.5,260.5,1386
2026-04-28 05:47:00,260.4,260.4,260.4,260.4,860
2026-04-28 05:48:00,260.41,260.41,260.29,260.3,2300
2026-04-28 05:49:00,260.21,260.26,260.0,260.2,2176
2026-04-28 05:50:00,260.01,260.1,260.01,260.1,2449
2026-04-28 05:52:00,260.21,260.21,260.0,260.0,3072
2026-04-28 05:54:00,260.04,260.04,260.04,260.04,120
2026-04-28 05:55:00,260.33,260.33,260.33,260.33,195
2026-04-28 05:56:00,260.5,260.5,260.5,260.5,440
2026-04-28 05:57:00,260.27,260.27,260.27,260.27,500
2026-04-28 05:59:00,260.5,260.5,260.5,260.5,1951
2026-04-28 06:00:00,260.55,260.8,260.21,260.8,2719
2026-04-28 06:01:00,260.62,260.62,260.62,260.62,100
2026-04-28 06:03:00,260.8,260.8,260.66,260.66,945
2026-04-28 06:04:00,260.79,260.8,260.79,260.8,2463
2026-04-28 06:05:00,260.8311,261.02,260.8311,261.0,901
2026-04-28 06:06:00,260.8,260.8,260.8,260.8,100
2026-04-28 06:07:00,261.1,261.1,260.8339,260.8339,642
2026-04-28 06:08:00,260.8,260.92,260.67,260.67,3331
2026-04-28 06:09:00,260.6,260.6,260.5,260.5,1203
2026-04-28 06:10:00,260.1,260.1,260.1,260.1,981
2026-04-28 06:11:00,260.36,260.36,260.36,260.36,200
2026-04-28 06:13:00,261.0,261.0,260.4,260.4,200
2026-04-28 06:14:00,260.89,260.89,260.26,260.26,1679
2026-04-28 06:15:00,260.4889,260.4889,260.4889,260.4889,100
2026-04-28 06:17:00,260.26,260.28,260.2,260.28,2334
2026-04-28 06:18:00,260.14,260.33,260.0,260.33,4512
2026-04-28 06:19:00,260.14,260.24,260.14,260.24,862
2026-04-28 06:20:00,260.0,260.0,260.0,260.0,408
2026-04-28 06:21:00,260.185,260.2,260.185,260.2,597
2026-04-28 06:22:00,260.2389,260.25,260.19,260.24,3170
2026-04-28 06:23:00,260.22,260.22,260.0,260.0,2338
2026-04-28 06:24:00,259.97,259.97,259.97,259.97,540
2026-04-28 06:25:00,260.0,260.0,259.97,259.97,611
2026-04-28 06:26:00,259.81,259.91,259.81,259.91,2070
2026-04-28 06:27:00,260.01,260.03,260.01,260.03,3489
2026-04-28 06:28:00,260.05,260.05,260.05,260.05,100
2026-04-28 06:30:00,260.17,260.17,260.17,260.17,100
2026-04-28 06:31:00,260.17,260.3563,260.17,260.3563,925
2026-04-28 06:32:00,260.0,260.0,260.0,260.0,1000
2026-04-28 06:33:00,260.07,260.1,260.07,260.1,680
2026-04-28 06:34:00,260.06,260.06,259.5,259.5,7035
2026-04-28 06:35:00,259.66,260.0613,259.5,260.0613,824
2026-04-28 06:36:00,259.78,260.0,259.78,260.0,550
2026-04-28 06:37:00,260.1,260.1,260.0,260.0,540
2026-04-28 06:39:00,260.1,260.1,260.0,260.05,1298
2026-04-28 06:40:00,260.1,260.1,260.0,260.04,554
2026-04-28 06:42:00,260.1,260.1,260.1,260.1,260
2026-04-28 06:44:00,259.9,259.9,259.9,259.9,100
2026-04-28 06:45:00,259.9,259.9,259.9,259.9,328
2026-04-28 06:47:00,259.89,259.89,259.84,259.87,457
2026-04-28 06:48:00,259.81,259.81,259.77,259.77,200
2026-04-28 06:51:00,259.9404,259.96,259.9404,259.96,306
2026-04-28 06:52:00,259.96,260.07,259.96,260.07,475
2026-04-28 06:55:00,259.8078,259.8078,259.8071,259.8071,699
2026-04-28 06:57:00,260.0,260.0,260.0,260.0,474
2026-04-28 06:59:00,260.0,260.0,260.0,260.0,2912
2026-04-28 07:00:00,260.04,260.11,259.92,260.07,10394
2026-04-28 07:01:00,259.9989,260.0,259.9989,260.0,2686
2026-04-28 07:02:00,260.0175,260.0175,259.78,259.9862,1687
2026-04-28 07:03:00,259.9254,259.9996,259.9,259.93,1550
2026-04-28 07:04:00,260.0,260.0,259.9,259.92,3611
2026-04-28 07:05:00,259.84,259.87,259.7178,259.7732,1384
2026-04-28 07:06:00,259.9104,259.9104,259.69,259.7,1400
2026-04-28 07:07:00,259.8,259.8,259.61,259.61,2154
2026-04-28 07:08:00,259.65,259.6695,259.15,259.1734,4577
2026-04-28 07:09:00,259.2312,259.3,259.21,259.3,747
2026-04-28 07:10:00,259.25,259.29,259.0,259.096,4157
2026-04-28 07:11:00,259.27,259.28,259.1195,259.1887,1690
2026-04-28 07:12:00,259.15,259.19,259.1,259.19,2478
2026-04-28 07:13:00,259.185,259.27,259.1,259.16,2201
2026-04-28 07:14:00,259.19,259.19,259.1,259.12,3761
2026-04-28 07:15:00,259.13,259.13,259.0,259.0,3521
2026-04-28 07:16:00,259.0,259.02,258.8163,258.9,6369
2026-04-28 07:17:00,258.86,258.97,258.8247,258.8885,3748
2026-04-28 07:18:00,258.85,259.08,258.85,259.03,4577
2026-04-28 07:19:00,259.11,259.11,259.03,259.11,300
2026-04-28 07:20:00,259.03,259.1495,258.98,259.05,1735
2026-04-28 07:21:00,258.9876,259.0045,258.8,258.82,7467
2026-04-28 07:22:00,258.9,259.0453,258.9,259.0453,600
2026-04-28 07:23:00,259.05,259.05,258.75,258.75,3702
2026-04-28 07:24:00,258.75,258.8,258.655,258.655,8804
2026-04-28 07:25:00,258.6201,258.71,258.58,258.612,10846
2026-04-28 07:26:00,258.64,258.6848,258.6,258.6024,4534
2026-04-28 07:27:00,258.6348,258.6348,258.42,258.46,4658
2026-04-28 07:28:00,258.55,258.64,258.42,258.64,7806
2026-04-28 07:29:00,258.7,258.73,258.7,258.73,1200
2026-04-28 07:30:00,258.75,258.75,258.42,258.5014,8390
2026-04-28 07:31:00,258.4659,258.5,258.25,258.5,4768
2026-04-28 07:32:00,258.6974,258.6974,258.55,258.6,477
2026-04-28 07:33:00,258.55,258.71,258.51,258.71,5210
2026-04-28 07:34:00,258.55,258.6918,258.55,258.65,3498
2026-04-28 07:35:00,258.75,258.75,258.69,258.69,400
2026-04-28 07:36:00,258.66,258.87,258.61,258.61,950
2026-04-28 07:37:00,258.7914,258.7914,258.6,258.6,1189
2026-04-28 07:38:00,258.61,258.71,258.5,258.53,7765
2026-04-28 07:39:00,258.37,258.5,258.36,258.3676,1160
2026-04-28 07:40:00,258.35,258.35,257.77,257.96,21924
2026-04-28 07:41:00,257.95,257.95,257.77,257.83,4895
2026-04-28 07:42:00,257.87,258.0,257.78,257.9912,12685
2026-04-28 07:43:00,257.85,258.0,257.62,257.7,14629
2026-04-28 07:44:00,257.7,257.92,257.7,257.895,3178
2026-04-28 07:45:00,257.8155,257.9653,257.81,257.81,579
2026-04-28 07:46:00,257.8612,257.8804,257.58,257.58,7481
2026-04-28 07:47:00,257.55,257.91,257.55,257.6,9526
2026-04-28 07:48:00,257.55,257.6,257.3,257.31,3358
2026-04-28 07:49:00,257.35,257.55,256.81,257.005,4804
2026-04-28 07:50:00,257.11,257.55,256.95,257.0,11824
2026-04-28 07:51:00,256.73,256.85,256.64,256.6844,9337
2026-04-28 07:52:00,256.58,256.95,256.39,256.95,6603
2026-04-28 07:53:00,257.04,257.1,256.91,257.05,3346
2026-04-28 07:54:00,257.02,257.55,257.0006,257.17,3666
2026-04-28 07:55:00,257.17,257.55,257.17,257.39,2480
2026-04-28 07:56:00,257.2875,257.46,257.24,257.34,1459
2026-04-28 07:57:00,257.5,257.5,257.0,257.2007,10315
2026-04-28 07:58:00,257.2183,257.4,257.2183,257.4,2602
2026-04-28 07:59:00,257.35,257.47,257.2,257.2,1238
2026-04-28 08:00:00,257.28,257.31,257.0253,257.31,1559
2026-04-28 08:01:00,257.32,257.32,257.215,257.215,326
2026-04-28 08:02:00,257.25,257.5,257.25,257.2722,2069
2026-04-28 08:03:00,257.37,257.5,257.0251,257.0251,2015
2026-04-28 08:04:00,257.065,257.24,256.95,257.0,3387
2026-04-28 08:05:00,257.0,257.15,257.0,257.15,2036
2026-04-28 08:06:00,257.01,257.16,256.88,257.0,4077
2026-04-28 08:07:00,257.07,257.17,256.87,257.0,4090
2026-04-28 08:08:00,256.94,257.0377,256.94,256.99,1964
2026-04-28 08:09:00,257.0,257.0,256.89,256.9,700
2026-04-28 08:10:00,257.0,257.0,256.81,256.9,916
2026-04-28 08:11:00,256.94,256.94,256.71,256.79,3686
2026-04-28 08:12:00,256.9,257.39,256.9,257.2015,13194
2026-04-28 08:13:00,257.17,257.4,257.17,257.4,1822
2026-04-28 08:14:00,257.2381,257.3,257.23,257.23,492
2026-04-28 08:15:00,257.3,257.5,257.2653,257.43,7929
2026-04-28 08:16:00,257.43,257.5385,257.4,257.515,1800
2026-04-28 08:17:00,257.435,257.5,257.43,257.4825,1156
2026-04-28 08:18:00,257.48,257.63,257.48,257.56,717
2026-04-28 08:19:00,257.4,257.416,257.25,257.2912,3823
2026-04-28 08:20:00,257.5,257.76,257.3,257.4,4579
2026-04-28 08:21:00,257.48,257.64,257.25,257.25,1450
2026-04-28 08:22:00,257.41,257.41,257.2,257.2,1512
2026-04-28 08:23:00,257.09,257.34,257.08,257.34,1437
2026-04-28 08:24:00,257.2138,257.2138,257.08,257.08,2809
2026-04-28 08:25:00,257.07,257.07,257.0,257.0,756
2026-04-28 08:26:00,256.97,256.97,256.9005,256.9005,295
2026-04-28 08:27:00,256.9998,257.0,256.9,256.94,827
2026-04-28 08:28:00,256.91,256.98,256.9,256.98,1700
2026-04-28 08:29:00,256.9014,256.91,256.82,256.82,1192
2026-04-28 08:30:00,256.8,256.84,256.7,256.82,2433
2026-04-28 08:31:00,256.88,256.8895,256.8,256.8895,2059
2026-04-28 08:32:00,257.0,257.1,256.94,257.0,2192
2026-04-28 08:33:00,256.9771,257.0,256.91,257.0,2135
2026-04-28 08:34:00,256.94,257.23,256.94,257.0299,2350
2026-04-28 08:35:00,257.0,257.13,256.95,256.96,2296
2026-04-28 08:36:00,256.96,256.99,256.87,256.99,1858
2026-04-28 08:37:00,256.92,256.96,256.92,256.96,1650
2026-04-28 08:38:00,256.99,257.11,256.84,256.84,6152
2026-04-28 08:39:00,256.89,256.9179,256.49,256.57,11106
2026-04-28 08:40:00,256.71,257.2,256.62,257.1,3256
2026-04-28 08:41:00,256.94,257.1,256.69,256.69,4092
2026-04-28 08:42:00,256.85,256.85,256.8243,256.8243,400
2026-04-28 08:43:00,256.89,257.39,256.89,257.39,5542
2026-04-28 08:44:00,257.1181,257.45,257.1181,257.39,3761
2026-04-28 08:45:00,257.4,257.5,257.3038,257.46,3589
2026-04-28 08:46:00,257.49,257.5,257.33,257.33,2236
2026-04-28 08:47:00,257.4,257.55,257.4,257.55,2069
2026-04-28 08:48:00,257.52,257.62,257.5,257.5525,2001
2026-04-28 08:49:00,257.6305,257.77,257.5,257.65,3268
2026-04-28 08:50:00,257.5922,257.72,257.58,257.58,1504
2026-04-28 08:51:00,257.55,257.85,257.55,257.85,3393
2026-04-28 08:52:00,257.85,258.0584,257.8,258.0584,9840
2026-04-28 08:53:00,257.991,257.991,257.8,257.81,4052
2026-04-28 08:54:00,257.89,258.07,257.89,258.07,3381
2026-04-28 08:55:00,258.01,258.042,257.9,257.98,2425
2026-04-28 08:56:00,257.99,258.02,257.93,257.93,5980
2026-04-28 08:57:00,257.99,258.39,257.99,258.249,2209
2026-04-28 08:58:00,258.25,258.31,258.2001,258.31,1864
2026-04-28 08:59:00,258.25,258.2766,258.12,258.1795,3219
2026-04-28 09:00:00,258.033,258.14,258.033,258.14,2399
2026-04-28 09:01:00,258.09,258.4,258.0,258.29,4661
2026-04-28 09:02:00,258.283,258.33,258.14,258.2,3120
2026-04-28 09:03:00,258.2,258.2,258.03,258.16,874
2026-04-28 09:04:00,258.19,258.27,258.06,258.06,1560
2026-04-28 09:05:00,258.13,258.13,258.06,258.06,1791
2026-04-28 09:06:00,258.07,258.135,257.93,257.94,6512
2026-04-28 09:07:00,258.0234,258.13,257.9,257.9,733
2026-04-28 09:08:00,257.95,257.95,257.9,257.9394,4844
2026-04-28 09:09:00,257.83,257.89,257.81,257.82,2489
2026-04-28 09:10:00,257.88,257.88,257.82,257.82,574
2026-04-28 09:11:00,257.8718,257.89,257.8182,257.851,2108
2026-04-28 09:12:00,257.86,257.89,257.81,257.82,4125
2026-04-28 09:13:00,257.94,257.94,257.38,257.44,9891
2026-04-28 09:14:00,257.37,257.59,257.36,257.52,2288
2026-04-28 09:15:00,257.66,257.66,257.64,257.65,1127
2026-04-28 09:16:00,257.5565,257.67,257.5565,257.65,400
2026-04-28 09:17:00,257.55,257.55,257.35,257.4994,4469
2026-04-28 09:18:00,257.35,257.5,257.35,257.4869,1230
2026-04-28 09:19:00,257.56,257.61,257.56,257.6,741
2026-04-28 09:20:00,257.59,257.76,257.59,257.72,3328
2026-04-28 09:21:00,257.721,257.9727,257.7,257.8635,2798
2026-04-28 09:22:00,257.83,257.9324,257.83,257.9324,600
2026-04-28 09:23:00,257.78,257.84,257.5151,257.67,525
2026-04-28 09:24:00,257.78,257.84,257.6825,257.6825,4175
2026-04-28 09:25:00,257.75,257.9,257.75,257.8831,1672
2026-04-28 09:26:00,257.77,258.02,257.77,257.98,3056
2026-04-28 09:27:00,257.7,257.7,257.12,257.68,3449
2026-04-28 09:28:00,257.65,257.99,257.55,257.99,2565
2026-04-28 09:29:00,258.1,258.4,258.1,258.35,2305
2026-04-28 09:30:00,258.39,258.44,257.1,257.435,925889
2026-04-28 09:31:00,257.46,257.74,256.63,256.685,202821
2026-04-28 09:32:00,256.695,257.69,256.66,257.675,160378
2026-04-28 09:33:00,257.65,257.98,257.5,257.84,124643
2026-04-28 09:34:00,257.86,258.0,257.37,257.54,126445
2026-04-28 09:35:00,257.51,257.78,257.22,257.65,93848
2026-04-28 09:36:00,257.65,257.855,257.22,257.24,123967
2026-04-28 09:37:00,257.25,257.92,257.13,257.9,76542
2026-04-28 09:38:00,257.92,258.52,257.88,258.385,155005
2026-04-28 09:39:00,258.4,258.44,257.75,257.85,77872
2026-04-28 09:40:00,257.85,257.975,257.58,257.7,64307
2026-04-28 09:41:00,257.69,257.8,257.58,257.69,75153
2026-04-28 09:42:00,257.74,258.17,257.74,258.16,70579
2026-04-28 09:43:00,258.16,258.6356,258.03,258.435,105640
2026-04-28 09:44:00,258.43,258.83,258.21,258.75,83845
2026-04-28 09:45:00,258.74,258.82,258.19,258.77,171182
2026-04-28 09:46:00,258.79,259.4,258.7,259.3801,109204
2026-04-28 09:47:00,259.42,259.63,258.2,259.445,175226
2026-04-28 09:48:00,259.42,259.89,259.35,259.84,164569
2026-04-28 09:49:00,259.835,260.08,259.58,259.81,209494
2026-04-28 09:50:00,259.8,260.05,259.75,260.0,79065
2026-04-28 09:51:00,260.0,260.15,259.77,260.14,78798
2026-04-28 09:52:00,260.13,260.13,259.74,259.75,77447
2026-04-28 09:53:00,259.74,259.8199,259.515,259.675,83342
2026-04-28 09:54:00,259.67,259.905,259.5135,259.57,75094
2026-04-28 09:55:00,259.55,259.57,259.06,259.22,133246
2026-04-28 09:56:00,259.2026,259.27,258.7918,258.86,82027
2026-04-28 09:57:00,258.8799,259.125,258.86,259.125,136006
2026-04-28 09:58:00,259.09,259.58,259.09,259.58,45437
2026-04-28 09:59:00,259.53,259.62,259.1901,259.32,101764
2026-04-28 10:00:00,259.339,259.7,259.23,259.68,98509
2026-04-28 10:01:00,259.69,259.91,259.655,259.81,94940
2026-04-28 10:02:00,259.825,259.93,259.63,259.815,88665
2026-04-28 10:03:00,259.825,259.97,259.78,259.97,79659
2026-04-28 10:04:00,259.99,260.18,259.86,259.89,91062
2026-04-28 10:05:00,259.91,260.205,259.84,260.13,68319
2026-04-28 10:06:00,260.13,260.59,260.08,260.37,122045
2026-04-28 10:07:00,260.36,260.62,260.34,260.3557,96855
2026-04-28 10:08:00,260.39,260.43,260.01,260.12,137411
2026-04-28 10:09:00,260.115,260.21,259.9,259.98,56439
2026-04-28 10:10:00,259.98,260.25,259.9,260.24,68798
2026-04-28 10:11:00,260.24,260.33,260.13,260.2701,45868
2026-04-28 10:12:00,260.28,260.5,260.175,260.44,50032
2026-04-28 10:13:00,260.48,261.01,260.34,260.61,289430
2026-04-28 10:14:00,260.61,260.74,260.4,260.57,145036
2026-04-28 10:15:00,260.57,261.03,260.45,260.855,225598
2026-04-28 10:16:00,260.83,260.97,260.55,260.65,172194
2026-04-28 10:17:00,260.655,260.68,260.3,260.62,36738
2026-04-28 10:18:00,260.59,260.8,260.42,260.645,62953
2026-04-28 10:19:00,260.63,260.63,260.27,260.29,57595
2026-04-28 10:20:00,260.29,260.62,260.27,260.59,40205
2026-04-28 10:21:00,260.59,260.7,260.45,260.6375,45888
2026-04-28 10:22:00,260.63,260.785,260.5,260.51,99309
2026-04-28 10:23:00,260.54,260.55,260.365,260.48,49789
2026-04-28 10:24:00,260.47,260.47,260.2,260.205,63832
2026-04-28 10:25:00,260.215,260.4075,260.1775,260.4075,74006
2026-04-28 10:26:00,260.37,260.45,260.29,260.35,25695
2026-04-28 10:27:00,260.38,260.43,260.2,260.265,45514
2026-04-28 10:28:00,260.28,260.5199,260.27,260.395,49301
2026-04-28 10:29:00,260.4,260.49,259.91,259.98,134831
2026-04-28 10:30:00,259.98,260.1,259.89,260.06,99068
2026-04-28 10:31:00,260.1,260.305,260.05,260.09,100938
2026-04-28 10:32:00,260.07,260.07,259.92,259.9705,41223
2026-04-28 10:33:00,259.97,259.99,259.75,259.884,46663
2026-04-28 10:34:00,259.89,260.215,259.86,259.97,78784
2026-04-28 10:35:00,259.96,259.99,259.5,259.56,101437
2026-04-28 10:36:00,259.59,259.905,259.57,259.905,64819
2026-04-28 10:37:00,259.9,259.94,259.75,259.7644,41258
2026-04-28 10:38:00,259.78,259.78,259.5,259.61,54816
2026-04-28 10:39:00,259.6,259.9753,259.48,259.845,98519
2026-04-28 10:40:00,259.86,259.86,259.64,259.67,56809
2026-04-28 10:41:00,259.67,260.08,259.66,260.01,89342
2026-04-28 10:42:00,260.02,260.0875,259.85,259.91,71333
2026-04-28 10:43:00,259.9101,259.92,259.73,259.745,51471
2026-04-28 10:44:00,259.76,260.015,259.76,259.93,52330
2026-04-28 10:45:00,259.94,260.01,259.6003,259.675,49736
2026-04-28 10:46:00,259.67,259.975,259.56,259.95,60640
2026-04-28 10:47:00,259.95,260.02,259.72,259.99,85493
2026-04-28 10:48:00,259.94,260.02,259.75,259.87,62250
2026-04-28 10:49:00,259.865,259.96,259.78,259.915,53585
2026-04-28 10:50:00,259.91,259.92,259.19,259.73,155801
2026-04-28 10:51:00,259.71,259.93,259.71,259.88,61919
2026-04-28 10:52:00,259.87,260.01,259.77,260.0,86075
2026-04-28 10:53:00,259.98,260.315,259.87,260.1,112487
2026-04-28 10:54:00,260.1,260.14,259.905,259.965,57589
2026-04-28 10:55:00,259.9699,260.26,259.89,260.1,108997
2026-04-28 10:56:00,260.09,260.17,259.84,260.0125,174987
2026-04-28 10:57:00,260.01,260.525,259.99,260.405,110228
2026-04-28 10:58:00,260.41,260.535,259.92,259.925,158151
2026-04-28 10:59:00,259.9,260.075,259.803,260.075,96488
2026-04-28 11:00:00,260.08,260.22,260.0,260.17,81880
2026-04-28 11:01:00,260.195,260.46,260.195,260.29,66902
2026-04-28 11:02:00,260.3,260.54,260.225,260.425,78659
2026-04-28 11:03:00,260.445,260.5,260.29,260.3144,61265
2026-04-28 11:04:00,260.32,260.41,260.21,260.35,63021
2026-04-28 11:05:00,260.34,260.51,260.12,260.195,108542
2026-04-28 11:06:00,260.19,260.6,260.18,260.4,112291
2026-04-28 11:07:00,260.4,260.4,259.85,259.88,65109
2026-04-28 11:08:00,259.88,260.17,259.7,260.015,73026
2026-04-28 11:09:00,260.022,260.06,259.82,259.965,42032
2026-04-28 11:10:00,259.95,260.1587,259.91,260.1,58601
2026-04-28 11:11:00,260.08,260.17,260.05,260.13,55115
2026-04-28 11:12:00,260.13,260.41,260.09,260.38,73499
2026-04-28 11:13:00,260.38,260.63,260.37,260.465,63683
2026-04-28 11:14:00,260.46,260.67,260.4,260.605,25476
2026-04-28 11:15:00,260.62,260.74,260.3,260.314,101301
2026-04-28 11:16:00,260.3,260.49,260.1499,260.4501,75764
2026-04-28 11:17:00,260.49,260.505,260.23,260.32,38570
2026-04-28 11:18:00,260.35,260.44,260.285,260.3558,27920
2026-04-28 11:19:00,260.355,260.4,260.1701,260.22,34773
2026-04-28 11:20:00,260.23,260.23,259.895,259.91,108260
2026-04-28 11:21:00,259.89,259.89,259.7,259.725,67825
2026-04-28 11:22:00,259.74,259.78,259.63,259.71,45155
2026-04-28 11:23:00,259.72,259.74,259.08,259.23,133688
2026-04-28 11:24:00,259.23,259.45,259.22,259.38,58298
2026-04-28 11:25:00,259.42,259.42,259.25,259.3399,37066
2026-04-28 11:26:00,259.335,259.48,259.29,259.48,53156
2026-04-28 11:27:00,259.47,259.56,259.44,259.52,47222
2026-04-28 11:28:00,259.52,259.67,259.51,259.53,38128
2026-04-28 11:29:00,259.51,259.57,259.435,259.54,30788
2026-04-28 11:30:00,259.55,259.61,259.43,259.49,32402
2026-04-28 11:31:00,259.4801,259.505,259.34,259.475,45176
2026-04-28 11:32:00,259.48,259.54,259.41,259.53,27924
2026-04-28 11:33:00,259.505,259.56,259.45,259.49,36179
2026-04-28 11:34:00,259.5,259.59,259.4801,259.5,33023
2026-04-28 11:35:00,259.47,259.7399,259.46,259.7103,48280
2026-04-28 11:36:00,259.72,259.73,259.61,259.65,36520
2026-04-28 11:37:00,259.645,259.93,259.6438,259.915,70134
2026-04-28 11:38:00,259.93,260.01,259.71,259.75,59989
2026-04-28 11:39:00,259.76,259.855,259.71,259.745,42850
2026-04-28 11:40:00,259.745,259.76,259.57,259.61,49159
2026-04-28 11:41:00,259.5901,259.8,259.5901,259.7261,28803
2026-04-28 11:42:00,259.71,259.76,259.66,259.71,22093
2026-04-28 11:43:00,259.71,259.77,259.575,259.58,34590
2026-04-28 11:44:00,259.6,259.63,259.49,259.5299,45356
2026-04-28 11:45:00,259.52,259.52,259.22,259.37,61595
2026-04-28 11:46:00,259.36,259.36,259.19,259.32,39487
2026-04-28 11:47:00,259.33,259.46,259.23,259.35,49222
2026-04-28 11:48:00,259.32,259.4299,259.21,259.25,32802
2026-04-28 11:49:00,259.26,259.4099,259.23,259.37,33082
2026-04-28 11:50:00,259.38,259.48,259.38,259.43,27768
2026-04-28 11:51:00,259.4294,259.5,259.31,259.325,36057
2026-04-28 11:52:00,259.325,259.555,259.31,259.48,29036
2026-04-28 11:53:00,259.48,259.59,259.44,259.58,35621
2026-04-28 11:54:00,259.6,259.715,259.6,259.68,35509
2026-04-28 11:55:00,259.67,259.74,259.54,259.55,33203
2026-04-28 11:56:00,259.56,259.59,259.37,259.545,40271
2026-04-28 11:57:00,259.55,259.85,259.52,259.75,45438
2026-04-28 11:58:00,259.75,259.81,259.65,259.65,30591
2026-04-28 11:59:00,259.65,259.83,259.64,259.83,32892
2026-04-28 12:00:00,259.82,260.04,259.8,259.87,61000
2026-04-28 12:01:00,259.85,260.025,259.65,259.93,53319
2026-04-28 12:02:00,259.92,260.07,259.89,259.91,74667
2026-04-28 12:03:00,259.895,260.19,259.88,260.1439,117559
2026-04-28 12:04:00,260.11,260.4991,260.08,260.44,148138
2026-04-28 12:05:00,260.44,260.52,260.11,260.12,82210
2026-04-28 12:06:00,260.13,260.31,260.12,260.18,71230
2026-04-28 12:07:00,260.18,260.26,260.12,260.24,25838
2026-04-28 12:08:00,260.235,260.24,260.0,260.11,54277
2026-04-28 12:09:00,260.105,260.19,260.0106,260.19,26441
2026-04-28 12:10:00,260.1992,260.25,260.14,260.21,23142
2026-04-28 12:11:00,260.2,260.495,260.16,260.47,81275
2026-04-28 12:12:00,260.48,260.525,260.22,260.24,48189
2026-04-28 12:13:00,260.25,260.31,260.18,260.19,30543
2026-04-28 12:14:00,260.195,260.25,260.08,260.24,23838
2026-04-28 12:15:00,260.25,260.275,260.12,260.18,33867
2026-04-28 12:16:00,260.19,260.26,260.13,260.155,25045
2026-04-28 12:17:00,260.16,260.17,259.92,260.11,74484
2026-04-28 12:18:00,260.13,260.2699,260.097,260.22,45913
2026-04-28 12:19:00,260.22,260.5,260.2,260.485,79135
2026-04-28 12:20:00,260.49,260.53,260.37,260.39,47374
2026-04-28 12:21:00,260.38,260.38,260.125,260.13,38777
2026-04-28 12:22:00,260.1101,260.25,260.09,260.22,34269
2026-04-28 12:23:00,260.225,260.29,260.15,260.265,32947
2026-04-28 12:24:00,260.27,260.295,260.07,260.073,45699
2026-04-28 12:25:00,260.09,260.155,260.01,260.0299,39054
2026-04-28 12:26:00,260.02,260.225,259.98,260.18,39378
2026-04-28 12:27:00,260.18,260.26,260.08,260.11,29608
2026-04-28 12:28:00,260.115,260.18,260.0697,260.18,24072
2026-04-28 12:29:00,260.17,260.22,260.12,260.16,21509
2026-04-28 12:30:00,260.16,260.25,260.12,260.18,31380
2026-04-28 12:31:00,260.19,260.2199,260.095,260.14,31042
2026-04-28 12:32:00,260.135,260.22,260.115,260.2,70412
2026-04-28 12:33:00,260.2,260.21,260.08,260.1,46527
2026-04-28 12:34:00,260.09,260.185,260.07,260.145,25662
2026-04-28 12:35:00,260.13,260.13,259.86,259.925,54885
2026-04-28 12:36:00,259.925,260.0,259.87,259.9,37406
2026-04-28 12:37:00,259.885,260.0,259.8501,259.91,30632
2026-04-28 12:38:00,259.92,259.96,259.865,259.87,21421
2026-04-28 12:39:00,259.88,259.92,259.81,259.92,33649
2026-04-28 12:40:00,259.92,259.95,259.78,259.805,36190
2026-04-28 12:41:00,259.8,259.915,259.77,259.77,24737
2026-04-28 12:42:00,259.78,259.785,259.695,259.755,28452
2026-04-28 12:43:00,259.755,259.76,259.61,259.69,30165
2026-04-28 12:44:00,259.68,259.73,259.555,259.59,38228
2026-04-28 12:45:00,259.585,259.735,259.55,259.65,46766
2026-04-28 12:46:00,259.66,259.7287,259.56,259.56,33740
2026-04-28 12:47:00,259.55,259.557,259.265,259.265,45493
2026-04-28 12:48:00,259.26,259.28,259.14,259.26,45146
2026-04-28 12:49:00,259.28,259.3,259.17,259.2,50880
2026-04-28 12:50:00,259.2023,259.39,259.18,259.3299,89590
2026-04-28 12:51:00,259.335,259.4,259.26,259.38,48444
2026-04-28 12:52:00,259.37,259.49,259.365,259.37,42811
2026-04-28 12:53:00,259.35,259.6278,259.33,259.5998,34223
2026-04-28 12:54:00,259.59,259.63,259.44,259.44,37227
2026-04-28 12:55:00,259.445,259.496,259.165,259.17,43946
2026-04-28 12:56:00,259.175,259.24,259.17,259.19,51086
2026-04-28 12:57:00,259.2,259.3,259.1,259.115,37636
2026-04-28 12:58:00,259.115,259.24,259.1,259.22,34885
2026-04-28 12:59:00,259.21,259.415,259.19,259.4,41391
2026-04-28 13:00:00,259.4,259.72,259.3,259.36,96805
2026-04-28 13:01:00,259.37,259.6,259.34,259.555,60591
2026-04-28 13:02:00,259.56,259.56,259.28,259.28,36768
2026-04-28 13:03:00,259.27,259.28,258.88,258.89,65500
2026-04-28 13:04:00,258.89,259.03,258.84,258.9999,52546
2026-04-28 13:05:00,258.985,259.06,258.915,259.02,36568
2026-04-28 13:06:00,259.01,259.13,258.87,258.87,31866
2026-04-28 13:07:00,258.9,258.93,258.821,258.9,31275
2026-04-28 13:08:00,258.91,258.9899,258.88,258.91,21817
2026-04-28 13:09:00,258.93,258.95,258.815,258.84,31159
2026-04-28 13:10:00,258.83,258.84,258.53,258.57,75395
2026-04-28 13:11:00,258.59,258.64,258.48,258.52,53767
2026-04-28 13:12:00,258.5399,258.6,258.44,258.515,46106
2026-04-28 13:13:00,258.52,258.57,258.37,258.415,34797
2026-04-28 13:14:00,258.415,258.63,258.41,258.5392,38667
2026-04-28 13:15:00,258.5325,258.56,258.18,258.33,58682
2026-04-28 13:16:00,258.325,258.485,258.27,258.31,27634
2026-04-28 13:17:00,258.32,258.43,258.285,258.295,22029
2026-04-28 13:18:00,258.31,258.33,258.155,258.21,53990
2026-04-28 13:19:00,258.23,258.23,258.11,258.1993,44274
2026-04-28 13:20:00,258.22,258.24,258.065,258.0799,30436
2026-04-28 13:21:00,258.07,258.23,258.06,258.22,53134
2026-04-28 13:22:00,258.22,258.23,258.11,258.195,32744
2026-04-28 13:23:00,258.1801,258.185,257.97,257.99,69006
2026-04-28 13:24:00,258.005,258.1393,257.99,258.0533,30652
2026-04-28 13:25:00,258.06,258.1,258.015,258.03,33337
2026-04-28 13:26:00,258.03,258.06,257.87,257.97,41381
2026-04-28 13:27:00,257.945,258.3,257.925,258.275,31457
2026-04-28 13:28:00,258.2851,258.29,258.14,258.21,24505
2026-04-28 13:29:00,258.195,258.22,258.0,258.0,36702
2026-04-28 13:30:00,258.02,258.2499,258.015,258.23,36244
2026-04-28 13:31:00,258.22,258.3,258.11,258.1531,70560
2026-04-28 13:32:00,258.15,258.35,258.14,258.315,51735
2026-04-28 13:33:00,258.3,258.36,258.18,258.183,33657
2026-04-28 13:34:00,258.17,258.3,258.13,258.3,24087
2026-04-28 13:35:00,258.29,258.35,258.23,258.35,30782
2026-04-28 13:36:00,258.35,258.375,258.25,258.305,29686
2026-04-28 13:37:00,258.3,258.325,258.2001,258.23,32711
2026-04-28 13:38:00,258.23,258.35,258.19,258.335,24194
2026-04-28 13:39:00,258.33,258.8609,258.309,258.38,56983
2026-04-28 13:40:00,258.38,258.8609,258.2,258.38,66123
2026-04-28 13:41:00,258.375,258.435,258.32,258.375,22928
2026-04-28 13:42:00,258.37,258.38,258.27,258.33,20584
2026-04-28 13:43:00,258.315,258.3686,258.295,258.35,14672
2026-04-28 13:44:00,258.34,258.34,258.26,258.305,37855
2026-04-28 13:45:00,258.315,258.3788,258.29,258.35,30793
2026-04-28 13:46:00,258.36,258.45,258.3301,258.36,31569
2026-04-28 13:47:00,258.34,258.455,258.265,258.43,36971
2026-04-28 13:48:00,258.42,258.49,258.37,258.395,20145
2026-04-28 13:49:00,258.39,258.43,258.28,258.285,33730
2026-04-28 13:50:00,258.29,258.61,258.23,258.6083,43378
2026-04-28 13:51:00,258.6001,258.61,258.495,258.51,29564
2026-04-28 13:52:00,258.515,258.58,258.48,258.495,33240
2026-04-28 13:53:00,258.465,258.51,258.38,258.41,23692
2026-04-28 13:54:00,258.4101,258.465,258.3709,258.41,30252
2026-04-28 13:55:00,258.4,258.52,258.35,258.5034,27460
2026-04-28 13:56:00,258.5,258.535,258.47,258.49,25894
2026-04-28 13:57:00,258.49,258.57,258.47,258.51,15063
2026-04-28 13:58:00,258.48,258.65,258.47,258.545,44755
2026-04-28 13:59:00,258.55,258.81,258.55,258.7301,58905
2026-04-28 14:00:00,258.735,258.83,258.64,258.8113,58571
2026-04-28 14:01:00,258.83,258.9328,258.77,258.91,39162
2026-04-28 14:02:00,258.9,258.974,258.81,258.83,72506
2026-04-28 14:03:00,258.82,258.9594,258.735,258.92,94753
2026-04-28 14:04:00,258.93,259.11,258.9201,258.99,106062
2026-04-28 14:05:00,258.99,259.05,258.89,258.89,102003
2026-04-28 14:06:00,258.89,259.145,258.89,259.14,99397
2026-04-28 14:07:00,259.1,259.26,259.085,259.24,74519
2026-04-28 14:08:00,259.23,259.3,259.1801,259.295,40853
2026-04-28 14:09:00,259.295,259.4,259.27,259.39,42150
2026-04-28 14:10:00,259.39,259.39,259.23,259.24,41515
2026-04-28 14:11:00,259.24,259.31,259.1501,259.19,51260
2026-04-28 14:12:00,259.195,259.3,259.09,259.26,30136
2026-04-28 14:13:00,259.26,259.29,259.22,259.24,26282
2026-04-28 14:14:00,259.235,259.35,259.23,259.317,31428
2026-04-28 14:15:00,259.31,259.345,259.16,259.345,32729
2026-04-28 14:16:00,259.34,259.34,259.27,259.28,19069
2026-04-28 14:17:00,259.27,259.41,259.22,259.41,233553
2026-04-28 14:18:00,259.405,259.5112,259.4,259.42,33104
2026-04-28 14:19:00,259.42,259.49,259.36,259.47,32317
2026-04-28 14:20:00,259.48,259.61,259.48,259.57,26676
2026-04-28 14:21:00,259.5509,259.62,259.5,259.5616,22889
2026-04-28 14:22:00,259.56,259.58,259.43,259.475,31327
2026-04-28 14:23:00,259.47,259.8,259.47,259.585,38837
2026-04-28 14:24:00,259.57,259.58,259.485,259.54,29960
2026-04-28 14:25:00,259.55,259.68,259.49,259.65,31961
2026-04-28 14:26:00,259.64,259.65,259.55,259.58,33711
2026-04-28 14:27:00,259.595,259.61,259.54,259.5901,29465
2026-04-28 14:28:00,259.59,259.63,259.53,259.62,15566
2026-04-28 14:29:00,259.635,259.725,259.58,259.695,25647
2026-04-28 14:30:00,259.69,259.735,259.57,259.66,49549
2026-04-28 14:31:00,259.655,259.8,259.635,259.65,51083
2026-04-28 14:32:00,259.6501,259.735,259.57,259.59,37614
2026-04-28 14:33:00,259.58,259.59,259.49,259.49,22410
2026-04-28 14:34:00,259.5,259.516,259.31,259.31,26523
2026-04-28 14:35:00,259.31,259.3688,259.25,259.355,25208
2026-04-28 14:36:00,259.35,259.44,259.3202,259.355,17854
2026-04-28 14:37:00,259.355,259.38,259.25,259.28,17463
2026-04-28 14:38:00,259.28,259.37,259.2469,259.34,29527
2026-04-28 14:39:00,259.36,259.37,259.2875,259.32,44631
2026-04-28 14:40:00,259.32,259.41,259.24,259.27,26625
2026-04-28 14:41:00,259.27,259.27,259.07,259.18,38203
2026-04-28 14:42:00,259.18,259.2,259.1,259.115,45354
2026-04-28 14:43:00,259.12,259.12,259.075,259.08,25170
2026-04-28 14:44:00,259.09,259.18,259.09,259.16,17438
2026-04-28 14:45:00,259.16,259.165,259.06,259.145,19721
2026-04-28 14:46:00,259.145,259.22,259.145,259.22,30978
2026-04-28 14:47:00,259.23,259.245,259.125,259.125,25335
2026-04-28 14:48:00,259.11,259.18,259.09,259.155,21805
2026-04-28 14:49:00,259.155,259.165,259.0499,259.08,48993
2026-04-28 14:50:00,259.08,259.095,259.04,259.04,19076
2026-04-28 14:51:00,259.05,259.14,259.01,259.0937,26390
2026-04-28 14:52:00,259.095,259.14,259.01,259.035,20563
2026-04-28 14:53:00,259.035,259.0351,258.97,259.03,33353
2026-04-28 14:54:00,259.02,259.04,258.98,258.985,20805
2026-04-28 14:55:00,258.9799,258.985,258.86,258.925,37934
2026-04-28 14:56:00,258.925,259.02,258.92,259.01,26804
2026-04-28 14:57:00,259.01,259.045,258.93,259.045,28255
2026-04-28 14:58:00,259.045,259.06,258.95,258.98,24309
2026-04-28 14:59:00,258.98,259.08,258.95,259.04,28555
2026-04-28 15:00:00,259.04,259.195,259.01,259.16,108870
2026-04-28 15:01:00,259.16,259.415,259.15,259.415,51733
2026-04-28 15:02:00,259.42,259.44,259.24,259.26,60354
2026-04-28 15:03:00,259.27,259.31,259.2,259.245,32169
2026-04-28 15:04:00,259.24,259.28,259.19,259.26,19553
2026-04-28 15:05:00,259.265,259.55,259.265,259.55,25840
2026-04-28 15:06:00,259.53,259.5799,259.49,259.505,23353
2026-04-28 15:07:00,259.49,259.53,259.41,259.51,26037
2026-04-28 15:08:00,259.485,259.54,259.45,259.53,28000
2026-04-28 15:09:00,259.52,259.59,259.52,259.55,21289
2026-04-28 15:10:00,259.555,259.6681,259.54,259.64,23676
2026-04-28 15:11:00,259.64,259.8,259.64,259.75,39687
2026-04-28 15:12:00,259.75,259.78,259.67,259.715,29290
2026-04-28 15:13:00,259.69,259.78,259.69,259.715,40208
2026-04-28 15:14:00,259.715,259.715,259.58,259.6,53672
2026-04-28 15:15:00,259.58,259.58,259.49,259.495,40714
2026-04-28 15:16:00,259.48,259.58,259.46,259.47,40771
2026-04-28 15:17:00,259.46,259.49,259.42,259.47,29484
2026-04-28 15:18:00,259.46,259.57,259.44,259.49,24741
2026-04-28 15:19:00,259.49,259.63,259.49,259.56,32788
2026-04-28 15:20:00,259.55,259.57,259.45,259.45,32778
2026-04-28 15:21:00,259.4499,259.51,259.41,259.428,27672
2026-04-28 15:22:00,259.43,259.52,259.415,259.52,32989
2026-04-28 15:23:00,259.52,259.525,259.43,259.4331,28131
2026-04-28 15:24:00,259.425,259.54,259.38,259.53,25805
2026-04-28 15:25:00,259.525,259.65,259.5,259.65,26367
2026-04-28 15:26:00,259.62,259.64,259.53,259.56,31612
2026-04-28 15:27:00,259.56,259.575,259.47,259.555,41573
2026-04-28 15:28:00,259.56,259.5996,259.48,259.48,32862
2026-04-28 15:29:00,259.475,259.58,259.475,259.54,31766
2026-04-28 15:30:00,259.55,259.66,259.55,259.6599,26517
2026-04-28 15:31:00,259.66,259.75,259.635,259.635,35268
2026-04-28 15:32:00,259.65,259.7,259.62,259.69,30906
2026-04-28 15:33:00,259.69,259.7,259.53,259.55,36071
2026-04-28 15:34:00,259.54,259.555,259.395,259.4099,40464
2026-04-28 15:35:00,259.395,259.44,259.34,259.395,44160
2026-04-28 15:36:00,259.4,259.44,259.36,259.41,50425
2026-04-28 15:37:00,259.41,259.49,259.38,259.4003,59723
2026-04-28 15:38:00,259.4,259.45,259.32,259.335,31333
2026-04-28 15:39:00,259.33,259.37,259.2842,259.35,55305
2026-04-28 15:40:00,259.36,259.49,259.36,259.44,44764
2026-04-28 15:41:00,259.43,259.52,259.42,259.45,37861
2026-04-28 15:42:00,259.46,259.52,259.41,259.485,54376
2026-04-28 15:43:00,259.49,259.5492,259.45,259.47,60662
2026-04-28 15:44:00,259.48,259.61,259.46,259.55,40676
2026-04-28 15:45:00,259.55,259.58,259.47,259.58,50543
2026-04-28 15:46:00,259.59,259.68,259.56,259.59,78514
2026-04-28 15:47:00,259.59,259.64,259.545,259.56,76315
2026-04-28 15:48:00,259.54,259.59,259.48,259.55,55606
2026-04-28 15:49:00,259.55,259.62,259.53,259.61,50877
2026-04-28 15:50:00,259.61,259.88,259.61,259.64,149847
2026-04-28 15:51:00,259.65,259.84,259.65,259.785,77728
2026-04-28 15:52:00,259.78,259.81,259.69,259.78,78420
2026-04-28 15:53:00,259.77,259.85,259.37,259.5,147149
2026-04-28 15:54:00,259.51,259.51,259.25,259.45,117825
2026-04-28 15:55:00,259.43,259.49,259.25,259.47,178892
2026-04-28 15:56:00,259.47,259.56,259.38,259.53,443462
2026-04-28 15:57:00,259.54,259.7,259.52,259.7,202936
2026-04-28 15:58:00,259.71,259.8,259.68,259.785,230947
2026-04-28 15:59:00,259.78,259.79,259.69,259.77,514781
2026-04-28 16:00:00,259.74,259.74,259.5,259.5,4943375
2026-04-28 16:01:00,259.52,259.52,259.34,259.4,4692
2026-04-28 16:03:00,259.25,259.4,259.25,259.4,3348
2026-04-28 16:04:00,259.4,259.42,259.3,259.42,3241
2026-04-28 16:05:00,259.4195,259.65,259.3575,259.49,2244
2026-04-28 16:06:00,259.41,259.6,259.41,259.6,231
2026-04-28 16:07:00,259.5,259.5,259.35,259.3694,1875
2026-04-28 16:08:00,259.4222,259.72,259.4222,259.72,3063
2026-04-28 16:09:00,259.56,259.5658,259.55,259.5658,1117
2026-04-28 16:10:00,259.7,259.7,259.5971,259.5971,588
2026-04-28 16:11:00,259.55,259.69,259.55,259.5709,2925
2026-04-28 16:12:00,259.6,259.6,259.5572,259.5672,1142
2026-04-28 16:13:00,259.59,259.59,259.59,259.59,200
2026-04-28 16:14:00,259.59,259.6,259.59,259.6,1999
2026-04-28 16:15:00,259.5791,259.69,259.5,259.57,1780
2026-04-28 16:16:00,259.6623,259.6623,259.4195,259.4195,351
2026-04-28 16:17:00,259.414,259.674,259.4,259.674,1548
2026-04-28 16:18:00,259.52,259.52,259.5,259.5,315
2026-04-28 16:19:00,259.5,259.5,259.5,259.5,2047
2026-04-28 16:20:00,259.41,259.41,259.32,259.32,558
2026-04-28 16:21:00,259.5,259.5,259.5,259.5,488
2026-04-28 16:22:00,259.4,259.4,259.4,259.4,129
2026-04-28 16:23:00,259.468,259.468,259.468,259.468,100
2026-04-28 16:24:00,259.4,259.4,259.4,259.4,625
2026-04-28 16:25:00,259.4,259.4,259.4,259.4,696
2026-04-28 16:26:00,259.39,259.4,259.35,259.4,1518
2026-04-28 16:27:00,259.4,259.4,259.4,259.4,360
2026-04-28 16:28:00,259.3652,259.3652,259.3652,259.3652,100
2026-04-28 16:29:00,259.4,259.4,259.4,259.4,940
2026-04-28 16:30:00,259.4707,259.49,259.4707,259.49,225
2026-04-28 16:31:00,259.49,259.5257,259.43,259.43,426
2026-04-28 16:32:00,259.43,259.43,259.43,259.43,100
2026-04-28 16:33:00,259.38,259.38,259.38,259.38,128
2026-04-28 16:35:00,259.4,259.5,259.4,259.4296,591
2026-04-28 16:37:00,259.37,259.37,259.35,259.35,636
2026-04-28 16:38:00,259.44,259.45,259.44,259.45,219
2026-04-28 16:39:00,259.36,259.5,259.36,259.5,1045
2026-04-28 16:40:00,259.57,259.68,259.5595,259.64,2716
2026-04-28 16:41:00,259.6783,259.68,259.6,259.6,406
2026-04-28 16:42:00,259.5279,259.5279,259.5279,259.5279,101
2026-04-28 16:43:00,259.6,259.6,259.59,259.59,759
2026-04-28 16:44:00,259.68,259.68,259.68,259.68,100
2026-04-28 16:45:00,259.68,259.7,259.68,259.7,1919
2026-04-28 16:46:00,259.73,259.73,259.73,259.73,125
2026-04-28 16:47:00,259.71,259.71,259.7,259.7,267
2026-04-28 16:48:00,259.6,259.6,259.6,259.6,113
2026-04-28 16:49:00,259.6,259.6,259.44,259.44,1060
2026-04-28 16:52:00,259.45,259.45,259.45,259.45,100
2026-04-28 16:54:00,259.49,259.5,259.48,259.5,300
2026-04-28 16:55:00,259.5331,259.5331,259.5331,259.5331,100
2026-04-28 16:56:00,259.5,259.5,259.5,259.5,155
2026-04-28 16:57:00,259.4565,259.4565,259.4565,259.4565,250
2026-04-28 16:58:00,259.48,259.48,259.35,259.35,4904
2026-04-28 16:59:00,259.45,259.49,259.45,259.49,435
2026-04-28 17:02:00,259.63,259.67,259.3716,259.67,3583
2026-04-28 17:04:00,259.5,259.5,259.5,259.5,133
2026-04-28 17:06:00,259.69,259.69,259.42,259.42,205
2026-04-28 17:07:00,259.36,259.5,259.36,259.5,2169
2026-04-28 17:08:00,259.52,259.52,259.52,259.52,160
2026-04-28 17:10:00,259.4,259.4,259.35,259.4,5183
2026-04-28 17:11:00,259.27,259.27,259.27,259.27,161
2026-04-28 17:12:00,259.27,259.27,259.1556,259.1556,3462
2026-04-28 17:13:00,259.0,259.0,259.0,259.0,200
2026-04-28 17:14:00,259.1146,259.1146,259.0,259.0,1732
2026-04-28 17:15:00,259.189,259.189,259.189,259.189,500
2026-04-28 17:16:00,259.04,259.04,259.04,259.04,202
2026-04-28 17:18:00,259.1993,259.1993,259.02,259.07,929
2026-04-28 17:19:00,258.9242,259.07,258.9242,259.07,344
2026-04-28 17:20:00,259.04,259.04,259.04,259.04,100
2026-04-28 17:21:00,259.07,259.13,259.07,259.13,257
2026-04-28 17:22:00,259.1275,259.1275,259.1275,259.1275,143
2026-04-28 17:23:00,259.01,259.01,259.01,259.01,397
2026-04-28 17:24:00,259.13,259.13,259.1,259.1,610
2026-04-28 17:25:00,259.13,259.2,259.13,259.2,2020
2026-04-28 17:27:00,259.11,259.2,259.0067,259.0067,500
2026-04-28 17:28:00,259.2,259.2,259.0078,259.0078,200
2026-04-28 17:29:00,259.2,259.2,259.2,259.2,100
2026-04-28 17:31:00,259.13,259.2,259.13,259.2,1028
2026-04-28 17:32:00,259.058,259.058,259.058,259.058,226
2026-04-28 17:33:00,259.2,259.2,259.2,259.2,110
2026-04-28 17:34:00,259.1,259.1,259.1,259.1,200
2026-04-28 17:35:00,259.0626,259.1,259.0626,259.1,254
2026-04-28 17:36:00,259.0704,259.0704,259.0704,259.0704,100
2026-04-28 17:38:00,259.1,259.12,259.01,259.01,1389
2026-04-28 17:39:00,259.04,259.04,259.04,259.04,204
2026-04-28 17:41:00,259.0,259.01,259.0,259.01,699
2026-04-28 17:43:00,259.08,259.1851,259.08,259.1851,520
2026-04-28 17:45:00,259.1003,259.15,259.1003,259.15,200
2026-04-28 17:46:00,259.17,259.17,259.15,259.15,251
2026-04-28 17:47:00,259.15,259.15,259.1013,259.15,3038
2026-04-28 17:49:00,259.13,259.13,259.13,259.13,100
2026-04-28 17:51:00,259.13,259.13,259.1299,259.1299,320
2026-04-28 17:52:00,259.1205,259.13,259.1205,259.13,2130
2026-04-28 17:53:00,259.1986,259.2,259.15,259.15,2472
2026-04-28 17:55:00,259.2,259.2,259.2,259.2,350
2026-04-28 17:56:00,259.1675,259.1675,259.15,259.15,200
2026-04-28 17:58:00,259.15,259.1935,259.15,259.1935,300
2026-04-28 18:00:00,259.3,259.3,259.2992,259.2992,1457
2026-04-28 18:01:00,259.29,259.4,259.29,259.4,818
2026-04-28 18:04:00,259.4,259.4,259.4,259.4,100
2026-04-28 18:07:00,259.2004,259.2004,259.2004,259.2004,940
2026-04-28 18:08:00,259.3,259.3,259.3,259.3,1131
2026-04-28 18:10:00,259.35,259.35,259.35,259.35,108
2026-04-28 18:13:00,259.35,259.3615,259.35,259.3615,600
2026-04-28 18:14:00,259.36,259.36,259.36,259.36,564
2026-04-28 18:15:00,259.35,259.35,259.35,259.35,109
2026-04-28 18:16:00,259.35,259.35,259.35,259.35,200
2026-04-28 18:17:00,259.21,259.2563,259.21,259.2563,443
2026-04-28 18:18:00,259.2364,259.2364,259.2364,259.2364,500
2026-04-28 18:20:00,259.3,259.3,259.3,259.3,100
2026-04-28 18:21:00,259.31,259.4,259.31,259.4,1005
2026-04-28 18:22:00,259.4,259.4,259.4,259.4,100
2026-04-28 18:23:00,259.3,259.3,259.3,259.3,100
2026-04-28 18:27:00,259.2,259.39,259.2,259.39,750
2026-04-28 18:28:00,259.35,259.35,259.16,259.16,689
2026-04-28 18:29:00,259.274,259.274,259.274,259.274,250
2026-04-28 18:31:00,259.38,259.39,259.38,259.39,300
2026-04-28 18:33:00,259.3996,259.3996,259.3996,259.3996,488
2026-04-28 18:35:00,259.39,259.4,259.385,259.385,1185
2026-04-28 18:36:00,259.37,259.37,259.35,259.35,380
2026-04-28 18:39:00,259.3997,259.4,259.38,259.38,524
2026-04-28 18:40:00,259.32,259.32,259.32,259.32,100
2026-04-28 18:41:00,259.3999,259.4,259.3999,259.4,462
2026-04-28 18:42:00,259.44,259.44,259.44,259.44,100
2026-04-28 18:43:00,259.45,259.45,259.45,259.45,200
2026-04-28 18:44:00,259.49,259.49,259.49,259.49,100
2026-04-28 18:45:00,259.49,259.49,259.49,259.49,1359
2026-04-28 18:47:00,259.487,259.487,259.487,259.487,500
2026-04-28 18:48:00,259.4,259.4,259.4,259.4,200
2026-04-28 18:50:00,259.3,259.5,259.3,259.36,1500
2026-04-28 18:51:00,259.36,259.3996,259.36,259.3996,1641
2026-04-28 18:52:00,259.3986,259.3986,259.3986,259.3986,150
2026-04-28 18:53:00,259.5,259.5,259.5,259.5,165
2026-04-28 18:54:00,259.4,259.4,259.3925,259.4,696
2026-04-28 18:55:00,259.4625,259.4625,259.2527,259.2527,1648
2026-04-28 18:56:00,259.28,259.3,259.25,259.3,1130
2026-04-28 18:57:00,259.38,259.38,259.38,259.38,100
2026-04-28 18:58:00,259.4,259.4,259.25,259.25,650
2026-04-28 18:59:00,259.25,259.3318,259.25,259.3318,1000
2026-04-28 19:00:00,259.33,259.34,259.33,259.34,600
2026-04-28 19:01:00,259.35,259.35,259.35,259.35,539
2026-04-28 19:02:00,259.3312,259.3312,259.331,259.331,200
2026-04-28 19:03:00,259.45,259.45,259.45,259.45,100
2026-04-28 19:05:00,259.31,259.31,259.31,259.31,119
2026-04-28 19:06:00,259.25,259.34,259.25,259.3,449
2026-04-28 19:07:00,259.3,259.3,259.3,259.3,300
2026-04-28 19:09:00,259.2712,259.2712,259.2712,259.2712,100
2026-04-28 19:12:00,259.3499,259.3499,259.26,259.26,2107
2026-04-28 19:13:00,259.34,259.34,259.34,259.34,100
2026-04-28 19:15:00,259.2658,259.2658,259.2658,259.2658,150
2026-04-28 19:16:00,259.29,259.31,259.29,259.31,725
2026-04-28 19:18:00,259.26,259.26,259.26,259.26,120
2026-04-28 19:19:00,259.33,259.35,259.33,259.35,1797
2026-04-28 19:20:00,259.34,259.34,259.3,259.3,580
2026-04-28 19:21:00,259.33,259.33,259.3,259.3009,1880
2026-04-28 19:22:00,259.4594,259.4596,259.3965,259.4,3450
2026-04-28 19:23:00,259.39,259.4,259.39,259.4,1330
2026-04-28 19:24:00,259.46,259.46,259.46,259.46,452
2026-04-28 19:25:00,259.5,259.5,259.5,259.5,150
2026-04-28 19:26:00,259.5,259.5,259.5,259.5,200
2026-04-28 19:30:00,259.5,259.5,259.4998,259.4998,200
2026-04-28 19:31:00,259.5,259.59,259.5,259.59,1172
2026-04-28 19:32:00,259.5,259.5,259.5,259.5,100
2026-04-28 19:37:00,259.6,259.6,259.6,259.6,1000
2026-04-28 19:40:00,259.58,259.6,259.58,259.5999,1570
2026-04-28 19:41:00,259.55,259.55,259.55,259.55,100
2026-04-28 19:42:00,259.5083,259.5083,259.5083,259.5083,140
2026-04-28 19:44:00,259.5992,259.5992,259.5992,259.5992,500
2026-04-28 19:46:00,259.6,259.6,259.6,259.6,309
2026-04-28 19:48:00,259.58,259.58,259.58,259.58,1445
2026-04-28 19:49:00,259.58,259.58,259.5799,259.5799,952
2026-04-28 19:50:00,259.5,259.5001,259.5,259.5001,900
2026-04-28 19:51:00,259.5,259.5104,259.5,259.5,470
2026-04-28 19:52:00,259.57,259.58,259.57,259.58,962
2026-04-28 19:53:00,259.58,259.58,259.55,259.55,530
2026-04-28 19:55:00,259.6,259.6,259.517,259.6,865
2026-04-28 19:56:00,259.6,259.6,259.6,259.6,2590
2026-04-28 19:57:00,259.64,259.65,259.64,259.65,350
2026-04-28 19:58:00,259.68,259.68,259.65,259.65,200
2026-04-28 19:59:00,259.66,259.6694,259.6599,259.6694,715
2026-04-29 04:00:00,260.1,261.17,260.0,260.0,22062
2026-04-29 04:01:00,260.0,260.97,260.0,260.95,3268
2026-04-29 04:02:00,260.33,260.4,260.33,260.4,1380
2026-04-29 04:03:00,260.35,260.4,260.2,260.2,517
2026-04-29 04:05:00,260.0,260.0,259.9,259.9,2379
2026-04-29 04:06:00,259.88,259.88,259.6,259.67,1533
2026-04-29 04:07:00,259.65,260.99,259.64,260.99,483
2026-04-29 04:08:00,260.5,261.14,260.5,261.14,498
2026-04-29 04:10:00,259.63,259.63,259.63,259.63,193
2026-04-29 04:11:00,259.5,259.5,259.5,259.5,100
2026-04-29 04:12:00,259.5,259.5,259.5,259.5,100
2026-04-29 04:13:00,259.7,259.71,259.7,259.71,472
2026-04-29 04:14:00,259.7,259.7,259.7,259.7,350
2026-04-29 04:16:00,259.8,259.8,259.68,259.7,763
2026-04-29 04:19:00,259.71,259.71,259.6,259.6,5625
2026-04-29 04:20:00,259.75,259.75,259.75,259.75,209
2026-04-29 04:21:00,259.74,259.8,259.74,259.8,674
2026-04-29 04:22:00,259.81,259.82,259.81,259.81,864
2026-04-29 04:23:00,259.74,259.74,259.74,259.74,100
2026-04-29 04:25:00,259.72,259.77,259.69,259.69,1275
2026-04-29 04:26:00,259.75,259.77,259.75,259.77,1078
2026-04-29 04:29:00,259.97,259.98,259.97,259.97,953
2026-04-29 04:30:00,259.9947,260.0,259.9947,260.0,1370
2026-04-29 04:31:00,259.782,259.782,259.782,259.782,101
2026-04-29 04:32:00,259.9,259.9,259.9,259.9,100
2026-04-29 04:33:00,259.77,259.77,259.77,259.77,11839
2026-04-29 04:34:00,259.75,259.75,259.56,259.56,980
2026-04-29 04:36:00,259.61,259.61,259.56,259.56,200
2026-04-29 04:37:00,259.57,259.57,259.5,259.5,1920
2026-04-29 04:38:00,259.35,259.35,259.35,259.35,117
2026-04-29 04:40:00,259.35,259.35,259.2,259.2,800
2026-04-29 04:41:00,259.2,259.3,259.2,259.3,9688
2026-04-29 04:45:00,259.55,259.6,259.55,259.56,2323
2026-04-29 04:46:00,259.6,259.8,259.58,259.8,2877
2026-04-29 04:49:00,259.51,259.51,259.51,259.51,200
2026-04-29 04:53:00,259.55,259.55,259.55,259.55,100
2026-04-29 04:55:00,259.51,259.64,259.51,259.64,589
2026-04-29 04:56:00,259.62,259.62,259.62,259.62,195
2026-04-29 04:57:00,259.54,259.54,259.32,259.32,257
2026-04-29 05:00:00,259.51,259.51,259.51,259.51,300
2026-04-29 05:03:00,259.51,259.51,259.51,259.51,100
2026-04-29 05:05:00,259.5,259.7,259.5,259.7,888
2026-04-29 05:08:00,259.59,259.59,259.59,259.59,100
2026-04-29 05:09:00,259.64,259.64,259.59,259.59,300
2026-04-29 05:10:00,259.59,259.59,259.59,259.59,100
2026-04-29 05:11:00,259.59,259.59,259.59,259.59,100
2026-04-29 05:12:00,259.6,259.6,259.6,259.6,100
2026-04-29 05:15:00,259.55,259.55,259.55,259.55,230
2026-04-29 05:20:00,259.69,259.69,259.5,259.5,1105
2026-04-29 05:21:00,259.5,259.5,259.44,259.44,200
2026-04-29 05:23:00,259.44,259.44,259.4,259.4,420
2026-04-29 05:28:00,259.47,259.59,259.32,259.32,422
2026-04-29 05:30:00,259.54,259.54,259.54,259.54,129
2026-04-29 05:32:00,259.5,259.6,259.5,259.6,398
2026-04-29 05:35:00,259.52,259.52,259.52,259.52,100
2026-04-29 05:36:00,259.64,259.64,259.59,259.59,200
2026-04-29 05:38:00,259.47,259.47,259.45,259.45,1434
2026-04-29 05:39:00,259.31,259.31,259.31,259.31,140
2026-04-29 05:40:00,259.04,259.04,259.02,259.02,200
2026-04-29 05:41:00,259.18,259.44,259.18,259.18,1050
2026-04-29 05:42:00,259.0762,259.7,259.0185,259.0185,2740
2026-04-29 05:44:00,259.09,259.09,259.09,259.09,100
2026-04-29 05:48:00,259.05,259.05,259.05,259.05,100
2026-04-29 05:52:00,259.27,259.7,259.27,259.7,300
2026-04-29 05:53:00,259.5,259.5,259.5,259.5,151
2026-04-29 05:56:00,259.21,259.21,259.21,259.21,150
2026-04-29 05:57:00,259.13,259.54,259.13,259.54,200
2026-04-29 06:00:00,259.0878,259.0878,259.0,259.0,690
2026-04-29 06:01:00,259.18,259.35,259.18,259.35,200
2026-04-29 06:03:00,259.2,259.3,259.2,259.3,1054
2026-04-29 06:05:00,259.2,259.21,259.2,259.21,258
2026-04-29 06:07:00,259.24,259.24,259.24,259.24,132
2026-04-29 06:08:00,259.48,259.66,259.25,259.44,1131
2026-04-29 06:10:00,259.29,260.0,259.27,259.3,13857
2026-04-29 06:11:00,259.48,259.48,259.48,259.48,200
2026-04-29 06:12:00,259.51,259.51,259.49,259.49,421
2026-04-29 06:14:00,259.44,259.71,259.4,259.71,2824
2026-04-29 06:15:00,259.7649,259.7649,259.7649,259.7649,498
2026-04-29 06:18:00,259.71,259.8,259.71,259.8,619
2026-04-29 06:19:00,259.89,259.89,259.89,259.89,100
2026-04-29 06:20:00,259.86,259.89,259.86,259.89,2876
2026-04-29 06:21:00,259.89,259.89,259.89,259.89,500
2026-04-29 06:22:00,259.8406,259.88,259.8248,259.8248,1450
2026-04-29 06:23:00,259.88,259.88,259.88,259.88,250
2026-04-29 06:24:00,259.99,259.99,259.86,259.86,270
2026-04-29 06:25:00,259.8,259.8,259.8,259.8,113
2026-04-29 06:26:00,259.86,259.86,259.86,259.86,100
2026-04-29 06:27:00,259.8,259.8,259.76,259.8,1849
2026-04-29 06:28:00,259.6,259.6,259.6,259.6,177
2026-04-29 06:30:00,259.61,259.61,259.61,259.61,150
2026-04-29 06:31:00,259.66,259.8,259.66,259.66,979
2026-04-29 06:32:00,259.8,259.8,259.8,259.8,446
2026-04-29 06:33:00,259.8,259.8,259.79,259.8,408
2026-04-29 06:34:00,259.62,259.62,259.62,259.62,268
2026-04-29 06:39:00,259.78,259.78,259.78,259.78,100
2026-04-29 06:40:00,259.8,259.8,259.8,259.8,106
2026-04-29 06:41:00,259.8,259.8,259.62,259.62,782
2026-04-29 06:42:00,259.97,259.97,259.97,259.97,450
2026-04-29 06:43:00,259.66,259.85,259.56,259.85,5460
2026-04-29 06:46:00,259.81,259.81,259.78,259.78,392
2026-04-29 06:47:00,259.75,259.85,259.75,259.85,1531
2026-04-29 06:49:00,259.73,259.73,259.73,259.73,358
2026-04-29 06:52:00,259.82,259.82,259.82,259.82,100
2026-04-29 06:53:00,259.78,259.78,259.78,259.78,100
2026-04-29 06:56:00,259.68,259.68,259.68,259.68,100
2026-04-29 06:58:00,259.61,259.61,259.55,259.55,668
2026-04-29 06:59:00,259.56,259.56,259.56,259.56,200
2026-04-29 07:00:00,259.68,259.78,259.51,259.51,3250
2026-04-29 07:01:00,259.6,259.7863,259.59,259.6,1718
2026-04-29 07:02:00,259.5,259.7337,259.5,259.7337,1515
2026-04-29 07:03:00,259.8,259.8,259.8,259.8,100
2026-04-29 07:04:00,259.5,259.8197,259.4,259.56,2945
2026-04-29 07:05:00,259.5,259.64,259.2,259.23,4428
2026-04-29 07:06:00,259.23,259.23,259.23,259.23,100
2026-04-29 07:07:00,259.08,259.14,258.91,259.14,600
2026-04-29 07:09:00,259.2,259.33,259.19,259.19,500
2026-04-29 07:10:00,259.33,259.33,259.03,259.03,3750
2026-04-29 07:11:00,259.01,259.17,259.01,259.1682,300
2026-04-29 07:12:00,259.12,259.51,259.12,259.51,408
2026-04-29 07:13:00,259.222,259.45,259.222,259.45,1200
2026-04-29 07:14:00,259.56,259.56,259.45,259.56,2060
2026-04-29 07:15:00,259.556,259.8,259.5,259.5,3986
2026-04-29 07:16:00,259.49,259.6,259.49,259.59,300
2026-04-29 07:17:00,259.55,259.79,259.55,259.65,2404
2026-04-29 07:19:00,259.69,259.71,259.6,259.71,444
2026-04-29 07:20:00,259.7117,259.7117,259.36,259.36,300
2026-04-29 07:21:00,259.55,259.55,259.2111,259.2111,400
2026-04-29 07:22:00,259.46,259.46,259.46,259.46,100
2026-04-29 07:23:00,259.45,259.45,259.26,259.26,885
2026-04-29 07:24:00,259.62,259.62,259.62,259.62,500
2026-04-29 07:25:00,259.35,259.35,259.31,259.31,300
2026-04-29 07:26:00,259.41,259.41,259.21,259.21,300
2026-04-29 07:27:00,259.42,259.42,259.42,259.42,160
2026-04-29 07:28:00,259.42,259.42,259.42,259.42,100
2026-04-29 07:29:00,259.25,259.25,259.25,259.25,125
2026-04-29 07:30:00,259.14,259.14,259.14,259.14,100
2026-04-29 07:31:00,259.65,259.65,259.65,259.65,100
2026-04-29 07:32:00,259.2,259.3388,259.19,259.3388,550
2026-04-29 07:33:00,259.2499,259.2499,259.0,259.0,1302
2026-04-29 07:34:00,259.1,259.22,259.1,259.22,2017
2026-04-29 07:35:00,259.1,259.2,259.1,259.2,467
2026-04-29 07:36:00,259.1,259.6,259.1,259.6,660
2026-04-29 07:38:00,259.3549,259.3549,259.35,259.35,375
2026-04-29 07:39:00,259.11,259.31,259.0574,259.3,800
2026-04-29 07:40:00,259.25,259.3,259.0,259.0,3071
2026-04-29 07:42:00,259.3536,259.3536,258.674,258.76,3735
2026-04-29 07:43:00,258.8,258.95,258.8,258.95,984
2026-04-29 07:44:00,259.0,259.15,258.94,259.15,3119
2026-04-29 07:46:00,259.0,259.0,258.87,258.87,1016
2026-04-29 07:47:00,258.78,258.79,258.77,258.77,1497
2026-04-29 07:50:00,258.65,258.96,258.65,258.96,800
2026-04-29 07:51:00,259.0,259.05,258.8738,259.04,1821
2026-04-29 07:52:00,259.0991,259.0991,259.0991,259.0991,500
2026-04-29 07:53:00,259.1,259.16,259.04,259.15,1422
2026-04-29 07:54:00,259.0,259.0,259.0,259.0,530
2026-04-29 07:55:00,259.0,259.2,259.0,259.2,856
2026-04-29 07:56:00,259.0,259.1,259.0,259.0825,1594
2026-04-29 07:57:00,259.28,259.4,259.28,259.39,1700
2026-04-29 07:58:00,259.46,259.5,259.2,259.2,714
2026-04-29 07:59:00,259.46,259.46,259.46,259.46,100
2026-04-29 08:00:00,259.3,259.3244,259.2,259.22,1455
2026-04-29 08:01:00,259.3473,259.35,259.3146,259.3146,2200
2026-04-29 08:02:00,259.31,259.39,259.31,259.39,469
2026-04-29 08:03:00,259.28,259.32,259.22,259.22,742
2026-04-29 08:04:00,259.5,259.5,259.22,259.25,1341
2026-04-29 08:05:00,259.22,259.22,259.21,259.21,1188
2026-04-29 08:06:00,259.21,259.31,259.2,259.31,630
2026-04-29 08:07:00,259.2142,259.37,259.2142,259.37,200
2026-04-29 08:08:00,259.3805,259.3805,259.3805,259.3805,485
2026-04-29 08:09:00,259.3,259.35,259.26,259.26,2352
2026-04-29 08:10:00,259.37,259.37,259.37,259.37,100
2026-04-29 08:11:00,259.352,259.38,259.3,259.38,345
2026-04-29 08:12:00,259.31,259.31,259.3,259.3,1671
2026-04-29 08:13:00,259.28,259.28,259.25,259.28,502
2026-04-29 08:14:00,259.21,259.22,259.1,259.1,750
2026-04-29 08:15:00,259.0721,259.11,259.0721,259.11,300
2026-04-29 08:17:00,259.22,259.22,259.22,259.22,300
2026-04-29 08:18:00,259.25,259.49,259.2,259.29,3761
2026-04-29 08:19:00,259.499,259.499,259.45,259.4574,674
2026-04-29 08:20:00,259.37,259.37,259.31,259.31,835
2026-04-29 08:21:00,259.405,259.409,259.405,259.409,275
2026-04-29 08:22:00,259.45,259.5,259.25,259.36,2109
2026-04-29 08:23:00,259.21,259.21,259.21,259.21,168
2026-04-29 08:24:00,259.47,259.47,259.47,259.47,100
2026-04-29 08:25:00,259.4494,259.4494,259.33,259.33,500
2026-04-29 08:26:00,259.32,259.32,259.3,259.3,714
2026-04-29 08:27:00,259.41,259.4101,259.41,259.4101,600
2026-04-29 08:28:00,259.4843,259.4843,259.41,259.41,350
2026-04-29 08:29:00,259.41,259.41,259.41,259.41,296
2026-04-29 08:30:00,259.2151,259.37,259.21,259.37,1400
2026-04-29 08:31:00,259.3,259.3,259.0,259.09,8007
2026-04-29 08:32:00,259.11,259.2,259.11,259.17,453
2026-04-29 08:33:00,259.26,259.26,259.26,259.26,100
2026-04-29 08:34:00,259.0,259.0,258.9,258.9,4086
2026-04-29 08:35:00,259.0,259.0,258.9,258.9,1992
2026-04-29 08:36:00,259.02,259.02,259.0,259.0,468
2026-04-29 08:37:00,258.95,259.0,258.9,259.0,1592
2026-04-29 08:38:00,259.06,259.1,258.99,259.0,2770
2026-04-29 08:39:00,258.9,258.98,258.9,258.98,650
2026-04-29 08:40:00,258.99,259.02,258.99,259.02,200
2026-04-29 08:41:00,259.1,259.15,259.1,259.15,700
2026-04-29 08:42:00,259.11,259.11,259.11,259.11,100
2026-04-29 08:44:00,259.24,259.25,259.24,259.25,230
2026-04-29 08:45:00,259.1783,259.19,259.1,259.19,4652
2026-04-29 08:46:00,259.22,259.26,259.19,259.19,770
2026-04-29 08:47:00,259.1,259.1,259.08,259.08,815
2026-04-29 08:48:00,259.08,259.1495,259.021,259.08,684
2026-04-29 08:49:00,259.1653,259.1653,259.0,259.0,2123
2026-04-29 08:50:00,258.9992,258.9992,258.9992,258.9992,300
2026-04-29 08:51:00,258.913,258.95,258.89,258.9,1876
2026-04-29 08:53:00,258.9922,258.9922,258.97,258.97,2200
2026-04-29 08:54:00,258.94,258.95,258.87,258.87,1216
2026-04-29 08:56:00,258.87,258.9295,258.87,258.9295,210
2026-04-29 08:57:00,258.93,258.93,258.93,258.93,196
2026-04-29 08:58:00,259.0,259.0,258.9756,258.9756,400
2026-04-29 08:59:00,259.0426,259.0426,258.99,258.99,200
2026-04-29 09:00:00,259.04,259.1,258.96,258.96,2990
2026-04-29 09:01:00,258.91,258.91,258.82,258.82,2732
2026-04-29 09:02:00,258.8517,258.9,258.85,258.9,956
2026-04-29 09:03:00,258.87,258.87,258.8,258.8,200
2026-04-29 09:04:00,258.8261,258.8261,258.8,258.8,273
2026-04-29 09:05:00,258.77,258.77,258.77,258.77,328
2026-04-29 09:06:00,258.77,258.77,258.62,258.74,5295
2026-04-29 09:07:00,259.0,259.0,258.7,259.0,339
2026-04-29 09:08:00,258.9826,258.9826,258.909,258.96,1223
2026-04-29 09:09:00,258.76,258.88,258.76,258.8613,954
2026-04-29 09:10:00,258.87,258.87,258.87,258.87,100
2026-04-29 09:11:00,258.84,258.88,258.8,258.88,1002
2026-04-29 09:13:00,258.8785,259.0,258.8785,259.0,2240
2026-04-29 09:14:00,258.9032,259.0,258.9032,258.95,400
2026-04-29 09:15:00,259.0,259.14,258.95,259.1,8416
2026-04-29 09:16:00,259.1,259.13,259.1,259.13,1034
2026-04-29 09:17:00,259.0547,259.0547,259.05,259.05,642
2026-04-29 09:18:00,259.02,259.14,259.0,259.14,1055
2026-04-29 09:19:00,259.16,259.1997,259.0,259.06,12344
2026-04-29 09:20:00,259.0,259.0,258.83,258.91,4276
2026-04-29 09:21:00,258.96,258.96,258.83,258.83,1600
2026-04-29 09:22:00,258.83,258.83,258.75,258.78,1925
2026-04-29 09:23:00,258.81,258.84,258.73,258.84,1676
2026-04-29 09:24:00,258.74,258.96,258.74,258.96,629
2026-04-29 09:25:00,258.96,258.96,258.5,258.5,3876
2026-04-29 09:26:00,258.48,258.552,258.4,258.4,1956
2026-04-29 09:27:00,258.37,258.45,257.75,258.08,12258
2026-04-29 09:28:00,258.01,258.08,257.5,257.81,15193
2026-04-29 09:29:00,257.81,258.09,257.7003,258.0,11474
2026-04-29 09:30:00,258.0,259.29,257.85,258.15,1195374
2026-04-29 09:31:00,258.14,259.4575,257.85,259.28,222375
2026-04-29 09:32:00,259.26,259.3,257.8,258.01,163815
2026-04-29 09:33:00,258.01,258.32,257.7,257.97,142716
2026-04-29 09:34:00,258.05,258.46,257.955,258.2699,113344
2026-04-29 09:35:00,258.235,258.31,257.91,258.085,142192
2026-04-29 09:36:00,258.09,259.2399,258.08,259.18,160868
2026-04-29 09:37:00,259.17,259.4,258.58,259.15,130135
2026-04-29 09:38:00,259.15,259.16,258.61,258.77,105705
2026-04-29 09:39:00,258.81,259.24,258.765,259.121,100816
2026-04-29 09:40:00,259.12,259.12,258.69,258.96,132394
2026-04-29 09:41:00,258.93,259.46,258.85,259.46,159535
2026-04-29 09:42:00,259.45,259.68,259.34,259.645,146024
2026-04-29 09:43:00,259.63,260.18,259.54,260.005,162302
2026-04-29 09:44:00,259.975,260.74,259.85,260.62,240659
2026-04-29 09:45:00,260.62,260.67,260.08,260.13,281700
2026-04-29 09:46:00,260.1,261.0,260.035,260.7099,240442
2026-04-29 09:47:00,260.69,260.84,260.295,260.35,158755
2026-04-29 09:48:00,260.35,260.52,260.0301,260.38,126849
2026-04-29 09:49:00,260.41,261.055,260.39,260.93,181199
2026-04-29 09:50:00,260.96,261.68,260.7925,261.6301,197217
2026-04-29 09:51:00,261.67,261.732,261.11,261.46,164519
2026-04-29 09:52:00,261.455,261.455,261.12,261.19,128066
2026-04-29 09:53:00,261.2,261.6,261.1,261.53,224080
2026-04-29 09:54:00,261.53,261.92,261.2,261.88,195816
2026-04-29 09:55:00,261.87,261.99,261.44,261.47,139302
2026-04-29 09:56:00,261.45,261.99,261.32,261.65,143741
2026-04-29 09:57:00,261.6596,262.05,261.64,261.9101,127180
2026-04-29 09:58:00,261.9,262.2499,261.86,262.23,104575
2026-04-29 09:59:00,262.19,262.76,262.06,262.63,174078
2026-04-29 10:00:00,262.63,262.81,262.31,262.49,198291
2026-04-29 10:01:00,262.46,262.76,262.3101,262.3151,114832
2026-04-29 10:02:00,262.325,262.5396,261.85,262.3,202224
2026-04-29 10:03:00,262.315,262.48,262.0,262.38,159038
2026-04-29 10:04:00,262.36,262.97,262.33,262.947,169124
2026-04-29 10:05:00,262.955,263.04,262.69,262.8916,178998
2026-04-29 10:06:00,262.915,263.47,262.84,263.153,196332
2026-04-29 10:07:00,263.2,263.24,262.79,262.925,170991
2026-04-29 10:08:00,262.975,263.46,262.899,262.98,115119
2026-04-29 10:09:00,262.96,263.32,262.87,263.26,124211
2026-04-29 10:10:00,263.265,263.5599,263.11,263.52,125625
2026-04-29 10:11:00,263.52,264.08,263.52,264.01,246384
2026-04-29 10:12:00,264.015,264.0797,263.58,263.805,147734
2026-04-29 10:13:00,263.78,264.0,263.56,263.81,121310
2026-04-29 10:14:00,263.8,263.96,263.39,263.96,123178
2026-04-29 10:15:00,263.945,264.01,263.5601,263.96,101629
2026-04-29 10:16:00,263.96,264.2799,263.94,264.14,133231
2026-04-29 10:17:00,264.145,264.27,263.81,263.8575,142741
2026-04-29 10:18:00,263.875,264.11,263.74,263.835,109692
2026-04-29 10:19:00,263.835,264.11,263.6901,264.015,97008
2026-04-29 10:20:00,264.015,264.19,263.57,263.665,119350
2026-04-29 10:21:00,263.69,263.92,263.5001,263.7401,151283
2026-04-29 10:22:00,263.805,263.95,263.52,263.69,186374
2026-04-29 10:23:00,263.688,264.33,263.43,264.26,128849
2026-04-29 10:24:00,264.27,264.3699,264.1,264.34,124121
2026-04-29 10:25:00,264.345,264.89,264.345,264.705,319935
2026-04-29 10:26:00,264.7,264.7107,264.48,264.52,97925
2026-04-29 10:27:00,264.53,264.94,264.4136,264.94,163986
2026-04-29 10:28:00,264.9,265.41,264.755,265.41,432749
2026-04-29 10:29:00,265.425,265.77,265.19,265.4825,226277
2026-04-29 10:30:00,265.51,265.57,264.93,265.06,184625
2026-04-29 10:31:00,265.075,265.1887,264.78,265.17,133286
2026-04-29 10:32:00,265.13,265.59,264.97,265.54,133201
2026-04-29 10:33:00,265.53,265.78,265.51,265.66,96664
2026-04-29 10:34:00,265.675,265.91,265.38,265.475,97486
2026-04-29 10:35:00,265.47,265.48,265.22,265.2499,94613
2026-04-29 10:36:00,265.24,265.49,265.1901,265.24,94353
2026-04-29 10:37:00,265.219,265.595,265.14,265.33,131174
2026-04-29 10:38:00,265.33,265.46,265.25,265.36,45906
2026-04-29 10:39:00,265.36,265.57,265.35,265.3653,78654
2026-04-29 10:40:00,265.36,265.36,265.0,265.1,105680
2026-04-29 10:41:00,265.0904,265.135,264.8,264.85,156117
2026-04-29 10:42:00,264.86,265.1867,264.5,265.14,120199
2026-04-29 10:43:00,265.13,265.165,264.8001,265.07,75267
2026-04-29 10:44:00,265.075,265.61,265.015,265.5298,302942
2026-04-29 10:45:00,265.52,265.62,265.34,265.425,74341
2026-04-29 10:46:00,265.43,265.43,265.04,265.145,75004
2026-04-29 10:47:00,265.145,265.315,265.0,265.07,121857
2026-04-29 10:48:00,265.07,265.58,265.06,265.5402,109102
2026-04-29 10:49:00,265.5101,265.5487,265.3401,265.38,79545
2026-04-29 10:50:00,265.38,265.43,265.17,265.39,92347
2026-04-29 10:51:00,265.37,265.6,265.13,265.27,98799
2026-04-29 10:52:00,265.27,265.385,265.14,265.14,58199
2026-04-29 10:53:00,265.145,265.2431,265.08,265.1854,61653
2026-04-29 10:54:00,265.17,265.31,265.09,265.0951,54672
2026-04-29 10:55:00,265.12,265.235,265.0,265.235,91209
2026-04-29 10:56:00,265.23,265.37,265.1,265.34,52134
2026-04-29 10:57:00,265.35,265.63,265.3201,265.56,72429
2026-04-29 10:58:00,265.55,265.5799,265.17,265.17,60401
2026-04-29 10:59:00,265.158,265.25,265.12,265.165,64989
2026-04-29 11:00:00,265.1788,265.21,264.855,264.88,115892
2026-04-29 11:01:00,264.8603,264.94,264.6,264.66,159282
2026-04-29 11:02:00,264.67,264.74,264.4201,264.59,162821
2026-04-29 11:03:00,264.59,264.73,264.35,264.45,114392
2026-04-29 11:04:00,264.46,264.59,264.21,264.24,126742
2026-04-29 11:05:00,264.23,264.45,264.23,264.31,154252
2026-04-29 11:06:00,264.31,264.585,264.3,264.55,70852
2026-04-29 11:07:00,264.58,264.58,264.33,264.375,77497
2026-04-29 11:08:00,264.38,264.435,264.05,264.07,79198
2026-04-29 11:09:00,264.06,264.28,264.03,264.2,56121
2026-04-29 11:10:00,264.2,264.21,264.0,264.05,101959
2026-04-29 11:11:00,264.04,264.15,264.01,264.02,57786
2026-04-29 11:12:00,264.02,264.04,263.69,263.76,94258
2026-04-29 11:13:00,263.7602,263.84,263.435,263.44,205911
2026-04-29 11:14:00,263.435,263.64,263.33,263.415,138351
2026-04-29 11:15:00,263.41,263.47,263.295,263.36,112782
2026-04-29 11:16:00,263.365,263.43,263.21,263.42,103705
2026-04-29 11:17:00,263.42,263.57,263.32,263.54,63058
2026-04-29 11:18:00,263.54,263.68,263.42,263.42,75490
2026-04-29 11:19:00,263.42,263.5,263.26,263.26,73295
2026-04-29 11:20:00,263.29,263.5495,263.27,263.3236,47100
2026-04-29 11:21:00,263.34,263.44,263.21,263.395,61173
2026-04-29 11:22:00,263.3737,263.42,263.28,263.33,45744
2026-04-29 11:23:00,263.33,263.8199,263.295,263.7651,51590
2026-04-29 11:24:00,263.765,263.9162,263.72,263.9,48557
2026-04-29 11:25:00,263.905,264.25,263.89,264.19,90547
2026-04-29 11:26:00,264.22,264.2899,264.0,264.09,83516
2026-04-29 11:27:00,264.08,264.2699,263.98,263.98,61167
2026-04-29 11:28:00,263.9702,264.0299,263.835,263.875,34120
2026-04-29 11:29:00,263.86,264.08,263.81,263.94,76646
2026-04-29 11:30:00,263.96,264.33,263.95,264.27,119594
2026-04-29 11:31:00,264.28,264.44,264.1542,264.44,100543
2026-04-29 11:32:00,264.43,264.43,264.11,264.3,94714
2026-04-29 11:33:00,264.315,264.3799,264.22,264.31,58871
2026-04-29 11:34:00,264.34,264.53,264.26,264.49,86929
2026-04-29 11:35:00,264.51,264.57,264.285,264.285,63996
2026-04-29 11:36:00,264.28,264.305,264.14,264.28,56091
2026-04-29 11:37:00,264.28,264.485,264.265,264.43,34242
2026-04-29 11:38:00,264.4101,264.46,264.24,264.44,65505
2026-04-29 11:39:00,264.44,264.57,264.39,264.55,98137
2026-04-29 11:40:00,264.55,264.58,264.35,264.43,61639
2026-04-29 11:41:00,264.47,264.525,264.265,264.265,43171
2026-04-29 11:42:00,264.26,264.355,264.1601,264.325,38701
2026-04-29 11:43:00,264.34,264.59,264.325,264.3351,73594
2026-04-29 11:44:00,264.3585,264.4,264.26,264.265,34732
2026-04-29 11:45:00,264.265,264.4651,264.26,264.46,25923
2026-04-29 11:46:00,264.46,264.64,264.46,264.58,59134
2026-04-29 11:47:00,264.58,264.75,264.575,264.65,49105
2026-04-29 11:48:00,264.64,264.69,264.465,264.48,25749
2026-04-29 11:49:00,264.494,264.494,264.26,264.32,65359
2026-04-29 11:50:00,264.315,264.49,264.315,264.34,41102
2026-04-29 11:51:00,264.3499,264.43,263.7752,264.05,110073
2026-04-29 11:52:00,264.06,264.11,263.695,263.79,81671
2026-04-29 11:53:00,263.79,263.82,263.56,263.635,58577
2026-04-29 11:54:00,263.62,263.625,263.38,263.5046,116731
2026-04-29 11:55:00,263.495,263.6,263.3401,263.6,75075
2026-04-29 11:56:00,263.6,263.64,263.16,263.23,57814
2026-04-29 11:57:00,263.21,263.24,263.065,263.18,47012
2026-04-29 11:58:00,263.2,263.44,263.2,263.37,51761
2026-04-29 11:59:00,263.36,263.48,263.19,263.475,61050
2026-04-29 12:00:00,263.5,263.51,263.2,263.21,71236
2026-04-29 12:01:00,263.21,263.485,263.17,263.47,61134
2026-04-29 12:02:00,263.47,263.49,263.24,263.355,44867
2026-04-29 12:03:00,263.36,263.52,263.2,263.495,62740
2026-04-29 12:04:00,263.48,263.48,263.01,263.0899,50124
2026-04-29 12:05:00,263.08,263.18,262.95,263.0,65064
2026-04-29 12:06:00,262.995,263.185,262.9808,263.105,50255
2026-04-29 12:07:00,263.09,263.1,262.83,262.935,76200
2026-04-29 12:08:00,262.92,263.06,262.83,263.0001,65479
2026-04-29 12:09:00,263.0,263.015,262.86,262.88,41913
2026-04-29 12:10:00,262.87,263.04,262.85,262.96,40696
2026-04-29 12:11:00,262.945,263.1,262.81,262.81,61722
2026-04-29 12:12:00,262.81,262.82,262.56,262.7,91369
2026-04-29 12:13:00,262.7199,262.82,262.61,262.68,63909
2026-04-29 12:14:00,262.6899,262.6899,262.575,262.6599,68185
2026-04-29 12:15:00,262.65,262.9699,262.51,262.8601,89792
2026-04-29 12:16:00,262.87,262.94,262.755,262.76,75373
2026-04-29 12:17:00,262.74,262.88,262.61,262.61,55286
2026-04-29 12:18:00,262.6299,262.63,262.4447,262.485,72729
2026-04-29 12:19:00,262.48,262.52,262.255,262.255,68684
2026-04-29 12:20:00,262.25,262.27,262.14,262.2004,83426
2026-04-29 12:21:00,262.2175,262.34,262.1,262.11,67467
2026-04-29 12:22:00,262.109,262.19,262.05,262.1,42653
2026-04-29 12:23:00,262.08,262.2,262.0701,262.115,80731
2026-04-29 12:24:00,262.11,262.1499,261.91,261.92,63541
2026-04-29 12:25:00,261.92,261.94,261.74,261.77,86150
2026-04-29 12:26:00,261.7899,262.0999,261.74,262.0445,54247
2026-04-29 12:27:00,262.05,262.07,261.6201,261.66,121211
2026-04-29 12:28:00,261.655,261.655,261.46,261.56,62622
2026-04-29 12:29:00,261.55,261.62,261.26,261.31,76074
2026-04-29 12:30:00,261.29,261.3,261.1,261.12,70723
2026-04-29 12:31:00,261.1,261.12,260.74,260.755,114518
2026-04-29 12:32:00,260.78,260.81,260.61,260.615,123365
2026-04-29 12:33:00,260.6,260.88,260.52,260.64,77645
2026-04-29 12:34:00,260.61,260.77,260.51,260.675,79907
2026-04-29 12:35:00,260.67,260.73,260.45,260.6,53465
2026-04-29 12:36:00,260.605,260.7499,260.555,260.62,60504
2026-04-29 12:37:00,260.62,260.6999,260.2017,260.485,88847
2026-04-29 12:38:00,260.485,260.77,260.485,260.74,88718
2026-04-29 12:39:00,260.7528,260.98,260.69,260.935,65304
2026-04-29 12:40:00,260.96,261.31,260.96,261.3,89474
2026-04-29 12:41:00,261.29,261.29,260.87,261.04,71827
2026-04-29 12:42:00,261.02,261.2499,261.015,261.165,52963
2026-04-29 12:43:00,261.165,261.33,261.125,261.28,43832
2026-04-29 12:44:00,261.275,261.285,261.06,261.09,51613
2026-04-29 12:45:00,261.085,261.255,261.01,261.25,43581
2026-04-29 12:46:00,261.23,261.49,261.23,261.47,58377
2026-04-29 12:47:00,261.465,261.47,261.24,261.295,37546
2026-04-29 12:48:00,261.29,261.29,261.1,261.165,26361
2026-04-29 12:49:00,261.15,261.3399,261.145,261.33,20934
2026-04-29 12:50:00,261.32,261.4399,261.21,261.4,34961
2026-04-29 12:51:00,261.41,261.49,261.37,261.3992,45980
2026-04-29 12:52:00,261.39,261.6245,261.35,261.6099,40108
2026-04-29 12:53:00,261.59,261.5999,261.29,261.315,50842
2026-04-29 12:54:00,261.32,261.37,261.21,261.24,35025
2026-04-29 12:55:00,261.22,261.46,261.21,261.42,34807
2026-04-29 12:56:00,261.43,261.48,261.24,261.33,38653
2026-04-29 12:57:00,261.33,261.45,261.27,261.42,55053
2026-04-29 12:58:00,261.44,261.57,261.375,261.57,47411
2026-04-29 12:59:00,261.57,261.6,261.44,261.57,47155
2026-04-29 13:00:00,261.585,261.66,261.525,261.57,57612
2026-04-29 13:01:00,261.58,261.75,261.53,261.605,64250
2026-04-29 13:02:00,261.6,261.61,261.45,261.55,59724
2026-04-29 13:03:00,261.56,261.66,261.475,261.475,34321
2026-04-29 13:04:00,261.4725,261.76,261.46,261.76,43868
2026-04-29 13:05:00,261.76,261.89,261.655,261.865,59921
2026-04-29 13:06:00,261.86,261.99,261.8501,261.9377,56896
2026-04-29 13:07:00,261.93,262.13,261.85,262.095,68125
2026-04-29 13:08:00,262.105,262.12,262.03,262.07,57727
2026-04-29 13:09:00,262.07,262.145,262.0,262.14,55433
2026-04-29 13:10:00,262.14,262.24,261.9,262.0,81054
2026-04-29 13:11:00,262.0,262.15,262.0,262.0801,36693
2026-04-29 13:12:00,262.1,262.2,262.01,262.02,73272
2026-04-29 13:13:00,262.02,262.18,261.9702,262.13,40218
2026-04-29 13:14:00,262.13,262.165,262.0,262.03,43685
2026-04-29 13:15:00,262.03,262.04,261.9,261.99,36339
2026-04-29 13:16:00,261.9999,262.165,261.99,262.16,36567
2026-04-29 13:17:00,262.136,262.44,262.136,262.4101,42099
2026-04-29 13:18:00,262.43,262.43,262.32,262.39,38033
2026-04-29 13:19:00,262.38,262.44,262.31,262.375,47511
2026-04-29 13:20:00,262.38,262.665,262.375,262.56,89819
2026-04-29 13:21:00,262.56,262.59,262.3,262.36,55216
2026-04-29 13:22:00,262.34,262.49,262.32,262.37,29612
2026-04-29 13:23:00,262.37,262.54,262.37,262.51,30744
2026-04-29 13:24:00,262.48,262.48,262.23,262.2801,64678
2026-04-29 13:25:00,262.2999,262.3398,262.265,262.3398,20169
2026-04-29 13:26:00,262.34,262.359,262.21,262.23,25136
2026-04-29 13:27:00,262.21,262.21,261.92,261.98,53709
2026-04-29 13:28:00,262.0,262.01,261.915,261.97,60265
2026-04-29 13:29:00,261.97,262.09,261.9,262.09,71031
2026-04-29 13:30:00,262.09,262.28,262.09,262.19,30105
2026-04-29 13:31:00,262.165,262.3,262.09,262.23,59177
2026-04-29 13:32:00,262.22,262.37,262.2,262.34,40328
2026-04-29 13:33:00,262.33,262.33,262.18,262.2001,33836
2026-04-29 13:34:00,262.205,262.25,262.08,262.125,57177
2026-04-29 13:35:00,262.115,262.14,262.02,262.0701,29439
2026-04-29 13:36:00,262.1,262.275,262.06,262.25,56808
2026-04-29 13:37:00,262.25,262.315,262.16,262.315,28835
2026-04-29 13:38:00,262.3145,262.41,262.23,262.4,73332
2026-04-29 13:39:00,262.4,262.5499,262.4,262.485,52897
2026-04-29 13:40:00,262.49,262.6,262.4725,262.5,68753
2026-04-29 13:41:00,262.5,262.64,262.48,262.5201,54700
2026-04-29 13:42:00,262.53,262.605,262.44,262.4692,59931
2026-04-29 13:43:00,262.45,262.47,262.38,262.4346,52499
2026-04-29 13:44:00,262.45,262.6551,262.415,262.64,25613
2026-04-29 13:45:00,262.65,262.81,262.65,262.7,45305
2026-04-29 13:46:00,262.7,262.83,262.65,262.79,59035
2026-04-29 13:47:00,262.79,262.83,262.73,262.79,19513
2026-04-29 13:48:00,262.785,263.1,262.78,263.015,94338
2026-04-29 13:49:00,263.03,263.19,263.03,263.06,59823
2026-04-29 13:50:00,263.06,263.12,262.94,263.0,50559
2026-04-29 13:51:00,263.01,263.15,262.95,263.01,43511
2026-04-29 13:52:00,263.015,263.07,262.81,262.82,53934
2026-04-29 13:53:00,262.81,262.93,262.735,262.925,77453
2026-04-29 13:54:00,262.925,262.955,262.87,262.88,62323
2026-04-29 13:55:00,262.88,262.97,262.85,262.935,41146
2026-04-29 13:56:00,262.935,263.04,262.88,262.955,44980
2026-04-29 13:57:00,262.94,263.11,262.919,263.09,56405
2026-04-29 13:58:00,263.09,263.19,263.05,263.18,31738
2026-04-29 13:59:00,263.18,263.24,263.08,263.23,34686
2026-04-29 14:00:00,263.2,263.26,263.0,263.19,75720
2026-04-29 14:01:00,263.15,263.54,263.15,263.51,64263
2026-04-29 14:02:00,263.52,263.52,263.27,263.32,50109
2026-04-29 14:03:00,263.32,263.3695,263.15,263.26,49127
2026-04-29 14:04:00,263.26,263.46,263.19,263.42,60735
2026-04-29 14:05:00,263.42,263.53,263.395,263.51,67392
2026-04-29 14:06:00,263.52,263.6399,263.49,263.56,75048
2026-04-29 14:07:00,263.56,263.71,263.41,263.54,63218
2026-04-29 14:08:00,263.5319,263.5319,263.09,263.11,69542
2026-04-29 14:09:00,263.1,263.2,263.0201,263.16,49867
2026-04-29 14:10:00,263.16,263.175,262.84,263.025,82434
2026-04-29 14:11:00,263.04,263.18,262.94,263.03,64592
2026-04-29 14:12:00,263.03,263.1,262.95,262.9999,42506
2026-04-29 14:13:00,262.9802,263.3,262.962,263.29,51281
2026-04-29 14:14:00,263.3,263.41,263.205,263.385,45040
2026-04-29 14:15:00,263.385,263.47,263.295,263.41,61461
2026-04-29 14:16:00,263.42,263.6599,263.41,263.58,83909
2026-04-29 14:17:00,263.58,263.72,263.49,263.62,81255
2026-04-29 14:18:00,263.61,263.7,263.5801,263.7,53075
2026-04-29 14:19:00,263.71,263.75,263.58,263.615,32633
2026-04-29 14:20:00,263.6006,263.7599,263.575,263.75,38625
2026-04-29 14:21:00,263.76,263.77,263.62,263.62,57586
2026-04-29 14:22:00,263.6,263.6899,263.53,263.595,37948
2026-04-29 14:23:00,263.595,263.6699,263.49,263.6001,54981
2026-04-29 14:24:00,263.61,263.67,263.5501,263.667,61197
2026-04-29 14:25:00,263.66,263.66,263.35,263.42,66083
2026-04-29 14:26:00,263.41,263.42,263.2989,263.33,43782
2026-04-29 14:27:00,263.32,263.53,263.32,263.475,33824
2026-04-29 14:28:00,263.475,263.475,263.34,263.35,33280
2026-04-29 14:29:00,263.34,263.44,263.295,263.44,45542
2026-04-29 14:30:00,263.45,263.49,263.09,263.09,81982
2026-04-29 14:31:00,263.06,263.18,262.9245,263.06,60637
2026-04-29 14:32:00,263.06,263.32,263.06,263.29,46628
2026-04-29 14:33:00,263.31,263.5,263.31,263.39,56137
2026-04-29 14:34:00,263.42,263.5299,263.33,263.51,51409
2026-04-29 14:35:00,263.5,263.73,263.46,263.63,64585
2026-04-29 14:36:00,263.64,264.0,263.59,263.77,69394
2026-04-29 14:37:00,263.76,263.87,263.35,263.645,107872
2026-04-29 14:38:00,263.6551,263.7099,263.38,263.42,34255
2026-04-29 14:39:00,263.43,263.4699,263.31,263.34,50344
2026-04-29 14:40:00,263.34,263.41,263.2,263.35,49565
2026-04-29 14:41:00,263.35,263.3699,263.2,263.28,41655
2026-04-29 14:42:00,263.28,263.325,263.2025,263.315,29205
2026-04-29 14:43:00,263.33,263.3599,263.19,263.2,36270
2026-04-29 14:44:00,263.21,263.21,262.93,263.04,77523
2026-04-29 14:45:00,263.03,263.19,262.91,263.1801,51172
2026-04-29 14:46:00,263.2,263.27,262.91,262.9701,54613
2026-04-29 14:47:00,263.0,263.34,262.96,263.31,75642
2026-04-29 14:48:00,263.32,263.37,263.259,263.35,43894
2026-04-29 14:49:00,263.35,263.47,263.31,263.445,54836
2026-04-29 14:50:00,263.455,263.63,263.4286,263.59,45741
2026-04-29 14:51:00,263.58,263.73,263.5401,263.58,58301
2026-04-29 14:52:00,263.6,263.66,263.45,263.58,52386
2026-04-29 14:53:00,263.5801,263.5801,263.34,263.365,44742
2026-04-29 14:54:00,263.36,263.42,263.3,263.34,40565
2026-04-29 14:55:00,263.34,263.49,263.27,263.48,51081
2026-04-29 14:56:00,263.475,263.63,263.475,263.615,39879
2026-04-29 14:57:00,263.6,263.84,263.59,263.805,81747
2026-04-29 14:58:00,263.805,263.93,263.76,263.9,61570
2026-04-29 14:59:00,263.9157,263.94,263.806,263.88,57360
2026-04-29 15:00:00,263.87,264.01,263.7991,263.82,72392
2026-04-29 15:01:00,263.81,263.855,263.72,263.815,45569
2026-04-29 15:02:00,263.815,263.815,263.69,263.72,47803
2026-04-29 15:03:00,263.715,263.72,263.46,263.48,71613
2026-04-29 15:04:00,263.475,263.56,263.3,263.31,92804
2026-04-29 15:05:00,263.29,263.3,263.155,263.17,47678
2026-04-29 15:06:00,263.16,263.2899,263.15,263.23,55031
2026-04-29 15:07:00,263.23,263.28,263.16,263.21,31566
2026-04-29 15:08:00,263.2,263.36,263.17,263.17,65061
2026-04-29 15:09:00,263.16,263.23,263.1,263.13,61961
2026-04-29 15:10:00,263.13,263.18,262.98,263.14,59284
2026-04-29 15:11:00,263.11,263.24,263.1,263.15,42720
2026-04-29 15:12:00,263.15,263.48,263.07,263.3999,109870
2026-04-29 15:13:00,263.4,263.42,263.26,263.34,57617
2026-04-29 15:14:00,263.33,263.47,263.325,263.43,43111
2026-04-29 15:15:00,263.43,263.64,263.43,263.56,108046
2026-04-29 15:16:00,263.56,263.56,263.26,263.31,100305
2026-04-29 15:17:00,263.305,263.43,263.23,263.32,48184
2026-04-29 15:18:00,263.325,263.38,263.255,263.3299,66637
2026-04-29 15:19:00,263.31,263.39,263.13,263.1399,53756
2026-04-29 15:20:00,263.13,263.2401,263.105,263.13,75355
2026-04-29 15:21:00,263.13,263.34,263.09,263.29,64944
2026-04-29 15:22:00,263.29,263.39,263.2301,263.25,83863
2026-04-29 15:23:00,263.24,263.375,263.22,263.29,81545
2026-04-29 15:24:00,263.3,263.44,263.3,263.39,87332
2026-04-29 15:25:00,263.4,263.45,263.26,263.3,47366
2026-04-29 15:26:00,263.3,263.3,263.0701,263.11,73926
2026-04-29 15:27:00,263.1,263.12,262.95,262.98,138899
2026-04-29 15:28:00,262.99,263.05,262.69,262.7,66957
2026-04-29 15:29:00,262.7,262.705,262.57,262.6,80449
2026-04-29 15:30:00,262.59,262.88,262.58,262.745,130596
2026-04-29 15:31:00,262.73,262.84,262.55,262.61,117957
2026-04-29 15:32:00,262.6,262.63,262.413,262.465,90075
2026-04-29 15:33:00,262.46,262.58,262.39,262.53,114481
2026-04-29 15:34:00,262.53,262.67,262.52,262.61,93342
2026-04-29 15:35:00,262.605,262.69,262.51,262.58,69855
2026-04-29 15:36:00,262.58,262.83,262.58,262.7803,72735
2026-04-29 15:37:00,262.785,263.0,262.7601,262.9601,94500
2026-04-29 15:38:00,262.97,263.05,262.8,262.82,122238
2026-04-29 15:39:00,262.8,262.81,262.54,262.59,139706
2026-04-29 15:40:00,262.6,262.66,262.25,262.28,101400
2026-04-29 15:41:00,262.2501,262.3,262.15,262.16,89580
2026-04-29 15:42:00,262.14,262.35,262.04,262.29,153622
2026-04-29 15:43:00,262.295,262.32,262.155,262.285,89635
2026-04-29 15:44:00,262.285,262.3,262.16,262.22,87480
2026-04-29 15:45:00,262.22,262.4699,262.2,262.46,150539
2026-04-29 15:46:00,262.45,262.525,262.37,262.415,70608
2026-04-29 15:47:00,262.42,262.595,262.4,262.555,75789
2026-04-29 15:48:00,262.555,262.6,262.41,262.41,85062
2026-04-29 15:49:00,262.4299,262.69,262.41,262.51,158876
2026-04-29 15:50:00,262.5,262.69,262.16,262.555,234689
2026-04-29 15:51:00,262.56,262.68,262.35,262.375,217973
2026-04-29 15:52:00,262.39,262.42,262.2,262.37,231266
2026-04-29 15:53:00,262.38,262.525,262.28,262.3,213831
2026-04-29 15:54:00,262.31,262.65,262.03,262.4901,253328
2026-04-29 15:55:00,262.49,262.69,262.455,262.5599,226230
2026-04-29 15:56:00,262.56,262.65,262.43,262.565,224259
2026-04-29 15:57:00,262.58,262.76,262.56,262.665,284849
2026-04-29 15:58:00,262.66,262.78,262.53,262.555,286423
2026-04-29 15:59:00,262.555,263.57,262.5,263.27,831646
2026-04-29 16:00:00,263.31,264.91,262.9,263.83,4157696
2026-04-29 16:01:00,264.71,267.0,245.02,253.4162,382892
2026-04-29 16:02:00,253.01,268.0,253.01,263.0,341158
2026-04-29 16:03:00,263.13,264.0,254.99,256.0192,218915
2026-04-29 16:04:00,256.79,260.4,252.0,259.39,183290
2026-04-29 16:05:00,259.1287,261.49,259.0,259.55,140183
2026-04-29 16:06:00,259.41,265.01,259.0,263.2715,250167
2026-04-29 16:07:00,263.08,267.25,260.0,263.58,292277
2026-04-29 16:08:00,263.9,265.62,263.05,264.5,109472
2026-04-29 16:09:00,264.28,265.0,261.64,263.73,135862
2026-04-29 16:10:00,262.09,263.66,260.0,261.0,173197
2026-04-29 16:11:00,261.06,262.6937,260.63,260.81,80402
2026-04-29 16:12:00,261.11,262.0,259.3,260.0,166133
2026-04-29 16:13:00,259.3,261.46,257.06,257.73,125090
2026-04-29 16:14:00,258.0,258.0099,253.1,253.85,146941
2026-04-29 16:15:00,254.1099,255.22,250.98,251.0,144989
2026-04-29 16:16:00,251.02,253.0,250.05,252.0,99311
2026-04-29 16:17:00,252.0,252.0,249.61,250.39,216451
2026-04-29 16:18:00,250.53,252.05,250.0,251.3,89634
2026-04-29 16:19:00,251.7745,255.52,251.66,255.01,82566
2026-04-29 16:20:00,255.06,258.9,255.0,257.03,144892
2026-04-29 16:21:00,257.32,261.69,256.4,260.5,151454
2026-04-29 16:22:00,260.5,261.0,258.71,259.5,90183
2026-04-29 16:23:00,259.0,259.5,257.0,259.34,35347
2026-04-29 16:24:00,259.0442,261.4,258.4,260.5629,79989
2026-04-29 16:25:00,260.94,261.7,258.2607,259.0,69549
2026-04-29 16:26:00,258.4,260.13,258.4,259.712,39366
2026-04-29 16:27:00,259.6,260.51,258.6,260.25,39494
2026-04-29 16:28:00,260.19,260.5,259.0,259.98,39235
2026-04-29 16:29:00,259.9993,261.99,259.72,261.9,83002
2026-04-29 16:30:00,261.6,263.04,261.0,263.04,128312
2026-04-29 16:31:00,262.99,263.14,261.02,261.9012,46416
2026-04-29 16:32:00,262.0,262.235,259.11,259.54,67310
2026-04-29 16:33:00,259.54,259.88,258.6,258.6,34555
2026-04-29 16:34:00,258.6001,259.2,257.41,259.2,37476
2026-04-29 16:35:00,259.2,259.88,257.6,259.05,35342
2026-04-29 16:36:00,259.24,259.44,258.5689,258.6163,13336
2026-04-29 16:37:00,258.51,258.51,257.0,257.0001,79721
2026-04-29 16:38:00,257.03,257.3915,256.26,256.3679,67622
2026-04-29 16:39:00,256.44,257.5,256.13,256.6,35339
2026-04-29 16:40:00,256.5,257.55,256.09,257.0708,27860
2026-04-29 16:41:00,257.0695,258.05,257.05,257.96,24838
2026-04-29 16:42:00,257.8,258.9,257.73,258.9,65126
2026-04-29 16:43:00,258.8162,259.2523,258.0,258.4785,43634
2026-04-29 16:44:00,258.56,258.56,258.0,258.0,32421
2026-04-29 16:45:00,258.0,258.24,258.0,258.0,17724
2026-04-29 16:46:00,258.0378,259.0,257.1,258.54,40012
2026-04-29 16:47:00,258.88,258.88,258.1,258.49,14671
2026-04-29 16:48:00,258.49,258.6,258.0,258.4115,13683
2026-04-29 16:49:00,258.03,258.35,257.39,257.39,13207
2026-04-29 16:50:00,257.2825,257.49,256.46,256.85,16727
2026-04-29 16:51:00,256.9558,257.2,256.75,256.75,15069
2026-04-29 16:52:00,256.75,257.83,256.05,257.5765,23520
2026-04-29 16:53:00,257.51,258.05,257.49,257.8,34387
2026-04-29 16:54:00,257.61,257.69,256.13,256.1404,15800
2026-04-29 16:55:00,256.1303,256.6935,256.05,256.0825,19682
2026-04-29 16:56:00,256.27,256.95,254.5,254.5,78594
2026-04-29 16:57:00,254.5724,255.0,253.11,253.34,86573
2026-04-29 16:58:00,253.6973,254.1,252.11,253.652,107851
2026-04-29 16:59:00,253.74,254.47,253.2,253.81,37535
2026-04-29 17:00:00,253.65,254.03,253.5,253.825,25220
2026-04-29 17:01:00,253.61,253.8,251.77,252.0,49999
2026-04-29 17:02:00,251.9,252.0,250.36,250.36,85539
2026-04-29 17:03:00,250.55,253.15,250.11,252.31,59343
2026-04-29 17:04:00,252.0,253.56,252.0,253.49,28407
2026-04-29 17:05:00,253.55,253.6335,252.64,253.0,33847
2026-04-29 17:06:00,252.99,253.4,252.0,252.99,30935
2026-04-29 17:07:00,252.65,253.95,252.65,253.568,28486
2026-04-29 17:08:00,253.5,255.4,253.1,254.22,43364
2026-04-29 17:09:00,254.33,256.0,253.6,255.7013,32934
2026-04-29 17:10:00,255.6,255.6,253.5,254.5,20210
2026-04-29 17:11:00,254.5,254.55,253.569,254.0,16909
2026-04-29 17:12:00,253.88,255.69,253.88,255.07,26507
2026-04-29 17:13:00,254.44,255.286,254.44,254.76,18675
2026-04-29 17:14:00,254.75,255.4,254.31,255.0,31385
2026-04-29 17:15:00,255.0,255.4699,254.19,254.21,23567
2026-04-29 17:16:00,254.39,254.75,252.77,253.76,27843
2026-04-29 17:17:00,253.77,254.4,253.5602,254.35,15753
2026-04-29 17:18:00,254.2816,254.6973,254.01,254.6,20947
2026-04-29 17:19:00,254.3398,255.0,254.28,254.65,42904
2026-04-29 17:20:00,254.9604,257.46,254.71,256.77,59423
2026-04-29 17:21:00,257.19,257.46,256.62,257.35,41890
2026-04-29 17:22:00,257.3,257.7,257.0,257.6505,21898
2026-04-29 17:23:00,257.6217,259.0,257.57,258.01,47968
2026-04-29 17:24:00,258.0,258.5,257.0,257.213,18544
2026-04-29 17:25:00,257.5471,257.5471,257.0,257.16,20065
2026-04-29 17:26:00,257.2319,257.99,257.16,257.864,15833
2026-04-29 17:27:00,257.87,258.65,257.27,258.1,39299
2026-04-29 17:28:00,258.2,259.42,258.15,259.42,28885
2026-04-29 17:29:00,259.45,259.99,259.01,259.5603,37456
2026-04-29 17:30:00,259.5612,259.9,259.0,259.163,20854
2026-04-29 17:31:00,259.15,259.15,258.1,258.1,24131
2026-04-29 17:32:00,258.1,258.35,257.06,258.2,9475
2026-04-29 17:33:00,258.2,259.5,258.0437,259.4545,16794
2026-04-29 17:34:00,259.5,261.45,259.27,261.2551,67512
2026-04-29 17:35:00,261.45,261.5,260.1001,260.5,27773
2026-04-29 17:36:00,260.5865,261.4,259.3422,260.99,47131
2026-04-29 17:37:00,261.0,261.9,260.71,261.21,42095
2026-04-29 17:38:00,261.2,261.5,260.62,261.292,15843
2026-04-29 17:39:00,261.5,263.36,261.5,263.36,145115
2026-04-29 17:40:00,263.37,264.88,263.3091,264.0,126128
2026-04-29 17:41:00,264.31,266.89,264.01,266.89,168667
2026-04-29 17:42:00,266.96,268.9997,264.6067,268.88,149034
2026-04-29 17:43:00,268.98,270.01,267.5737,268.0,252800
2026-04-29 17:44:00,267.73,269.47,267.57,269.14,84649
2026-04-29 17:45:00,269.21,270.99,268.21,268.22,156539
2026-04-29 17:46:00,268.04,268.497,266.11,267.5,88493
2026-04-29 17:47:00,267.5,267.83,266.28,266.972,46093
2026-04-29 17:48:00,266.9218,266.94,264.3,265.1,47201
2026-04-29 17:49:00,264.9,266.7,264.0,266.16,64346
2026-04-29 17:50:00,266.15,267.6,266.0,267.5,68253
2026-04-29 17:51:00,267.45,267.6,266.4,266.6,34646
2026-04-29 17:52:00,266.63,267.99,266.63,267.99,35757
2026-04-29 17:53:00,267.99,269.5,267.82,269.2205,66419
2026-04-29 17:54:00,269.4267,269.47,267.3,268.0,41038
2026-04-29 17:55:00,268.0,268.34,267.31,267.37,31981
2026-04-29 17:56:00,267.25,267.9922,266.01,267.385,36253
2026-04-29 17:57:00,267.49,267.5,265.5,265.52,24338
2026-04-29 17:58:00,265.0475,267.06,265.01,266.0,36861
2026-04-29 17:59:00,266.0,266.0,265.5,265.81,23660
2026-04-29 18:00:00,265.51,265.8,264.5,264.95,30256
2026-04-29 18:01:00,264.72,265.3,264.34,265.06,20068
2026-04-29 18:02:00,265.39,269.0101,265.33,269.0,84564
2026-04-29 18:03:00,268.76,268.77,267.01,268.02,32995
2026-04-29 18:04:00,268.0402,269.5,268.0,269.49,58478
2026-04-29 18:05:00,269.28,269.5,268.5,269.18,32116
2026-04-29 18:06:00,269.05,269.5,269.0,269.15,56777
2026-04-29 18:07:00,269.42,269.99,269.176,269.63,45367
2026-04-29 18:08:00,269.48,271.6,269.39,271.21,144595
2026-04-29 18:09:00,271.13,273.6,270.5,273.39,157631
2026-04-29 18:10:00,272.99,274.0,272.72,273.99,114662
2026-04-29 18:11:00,273.9506,274.5,273.0,273.12,105487
2026-04-29 18:12:00,273.12,274.23,273.0655,273.61,27023
2026-04-29 18:13:00,273.6,274.21,273.5,274.21,46993
2026-04-29 18:14:00,274.23,275.85,274.2,275.62,128327
2026-04-29 18:15:00,275.7679,276.57,275.4,275.59,70805
2026-04-29 18:16:00,275.73,276.5,275.0,275.91,50893
2026-04-29 18:17:00,275.91,277.1202,275.0,276.9307,57114
2026-04-29 18:18:00,276.67,276.98,275.0,275.51,57969
2026-04-29 18:19:00,275.74,276.03,275.0,275.5,54504
2026-04-29 18:20:00,275.51,275.677,275.0,275.11,30117
2026-04-29 18:21:00,275.1019,275.96,275.1,275.25,22838
2026-04-29 18:22:00,275.27,275.27,274.52,274.52,36946
2026-04-29 18:23:00,274.52,274.5981,273.11,273.86,54765
2026-04-29 18:24:00,273.9519,274.3827,273.6,274.2095,21501
2026-04-29 18:25:00,274.2,275.55,274.2,275.01,33958
2026-04-29 18:26:00,275.36,276.5157,275.1868,276.31,53321
2026-04-29 18:27:00,276.31,276.5,275.23,275.24,16752
2026-04-29 18:28:00,275.51,276.0994,275.14,275.14,20692
2026-04-29 18:29:00,275.36,275.5,275.0,275.24,10552
2026-04-29 18:30:00,275.2,275.51,275.0,275.35,22758
2026-04-29 18:31:00,275.0719,275.35,274.25,275.195,25212
2026-04-29 18:32:00,275.15,275.239,274.0,274.4,21865
2026-04-29 18:33:00,274.4,275.13,274.3,274.92,18987
2026-04-29 18:34:00,274.9,274.9392,274.5,274.6,15532
2026-04-29 18:35:00,274.6,275.5,274.6,275.01,25392
2026-04-29 18:36:00,275.1,275.3,274.6344,274.8598,5260
2026-04-29 18:37:00,274.7,275.0,274.62,274.66,13537
2026-04-29 18:38:00,274.6375,274.69,273.5,273.72,31070
2026-04-29 18:39:00,273.72,274.0,273.5174,273.52,11044
2026-04-29 18:40:00,273.52,273.61,272.39,272.96,41096
2026-04-29 18:41:00,272.71,273.4,272.69,273.2,21580
2026-04-29 18:42:00,273.1,273.25,272.39,272.59,10754
2026-04-29 18:43:00,272.41,272.65,272.14,272.14,12497
2026-04-29 18:44:00,272.17,274.06,272.14,274.06,25508
2026-04-29 18:45:00,273.4105,274.15,273.4105,273.53,12673
2026-04-29 18:46:00,273.5,274.0,273.3,273.8999,5646
2026-04-29 18:47:00,273.74,273.74,273.0,273.0,5491
2026-04-29 18:48:00,273.0,273.44,273.0,273.44,4263
2026-04-29 18:49:00,273.2,273.41,272.71,273.0,9645
2026-04-29 18:50:00,272.8,273.0,272.2,272.3,3926
2026-04-29 18:51:00,272.21,272.5,272.15,272.15,6318
2026-04-29 18:52:00,272.31,273.0,272.2,272.7,3946
2026-04-29 18:53:00,272.71,272.72,272.25,272.51,3648
2026-04-29 18:54:00,272.5,273.1,272.5,272.7,9533
2026-04-29 18:55:00,272.7012,272.89,272.7,272.7,6156
2026-04-29 18:56:00,272.7,272.7,272.2446,272.44,5753
2026-04-29 18:57:00,272.49,272.49,271.4,271.4,22478
2026-04-29 18:58:00,271.27,271.99,271.22,271.27,20775
2026-04-29 18:59:00,271.3,271.35,271.05,271.2301,12990
2026-04-29 19:00:00,271.2784,271.49,271.16,271.19,13021
2026-04-29 19:01:00,271.4572,271.69,271.1901,271.6666,8193
2026-04-29 19:02:00,271.55,271.8,271.5,271.5,6492
2026-04-29 19:03:00,271.5,271.65,271.0,271.03,19027
2026-04-29 19:04:00,271.0,271.05,270.55,271.05,13579
2026-04-29 19:05:00,270.9195,271.461,270.9195,271.0,3787
2026-04-29 19:06:00,271.0,271.3306,270.8313,271.0187,2942
2026-04-29 19:07:00,271.1,271.16,269.6486,269.9,36361
2026-04-29 19:08:00,269.74,269.9677,268.66,269.07,32128
2026-04-29 19:09:00,268.9956,269.82,268.8,268.8,9030
2026-04-29 19:10:00,268.72,269.38,268.72,269.23,11118
2026-04-29 19:11:00,269.24,270.45,269.0,270.3008,11551
2026-04-29 19:12:00,270.32,271.68,270.29,271.35,24776
2026-04-29 19:13:00,271.5,271.5,270.67,270.7,10709
2026-04-29 19:14:00,270.66,271.1,270.6,270.9666,7939
2026-04-29 19:15:00,270.75,271.0,270.45,270.45,6542
2026-04-29 19:16:00,270.5,270.6,270.1637,270.41,7826
2026-04-29 19:17:00,270.34,270.4916,270.25,270.25,2056
2026-04-29 19:18:00,270.4852,270.52,270.3,270.3,4035
2026-04-29 19:19:00,270.5,270.5,270.3,270.3,1800
2026-04-29 19:20:00,270.25,270.42,269.66,269.72,9309
2026-04-29 19:21:00,269.99,270.0,269.51,269.55,5202
2026-04-29 19:22:00,269.51,269.55,269.2,269.4,10328
2026-04-29 19:23:00,269.24,269.4,269.15,269.15,6328
2026-04-29 19:24:00,269.4,269.69,269.38,269.69,7391
2026-04-29 19:25:00,269.73,271.0,269.73,270.99,12338
2026-04-29 19:26:00,270.9,270.9,270.21,270.8,5257
2026-04-29 19:27:00,270.1847,270.81,270.16,270.5,3235
2026-04-29 19:28:00,271.0,271.5,271.0,271.24,15541
2026-04-29 19:29:00,271.3407,271.49,271.0,271.22,11334
2026-04-29 19:30:00,271.2436,271.49,270.9483,271.2097,16689
2026-04-29 19:31:00,271.31,271.98,271.3012,271.97,7765
2026-04-29 19:32:00,271.83,271.98,271.04,271.0955,9341
2026-04-29 19:33:00,271.22,271.76,271.22,271.76,6769
2026-04-29 19:34:00,271.7,271.76,271.5,271.5,3819
2026-04-29 19:35:00,271.5,271.5,271.35,271.3889,2022
2026-04-29 19:36:00,271.43,271.7,271.35,271.7,6132
2026-04-29 19:37:00,271.5,271.5,271.42,271.5,4754
2026-04-29 19:38:00,271.3515,271.5,270.5,270.5,6273
2026-04-29 19:39:00,270.57,270.9,270.2736,270.4322,2231
2026-04-29 19:40:00,270.88,271.4,270.7,271.24,7754
2026-04-29 19:41:00,271.31,271.95,271.31,271.74,11728
2026-04-29 19:42:00,271.7,271.7,271.1,271.5425,3000
2026-04-29 19:43:00,271.55,271.6857,271.2009,271.4,2972
2026-04-29 19:44:00,271.4,271.65,271.2599,271.65,2362
2026-04-29 19:45:00,271.69,271.75,271.63,271.65,3533
2026-04-29 19:46:00,271.7175,271.7175,271.5,271.5,1873
2026-04-29 19:47:00,271.5711,271.5818,271.3171,271.5001,3792
2026-04-29 19:48:00,271.55,271.5948,271.11,271.11,6956
2026-04-29 19:49:00,271.14,271.25,270.9981,271.2,5769
2026-04-29 19:50:00,271.1931,271.25,271.1,271.2,3310
2026-04-29 19:51:00,271.45,271.49,271.25,271.25,2185
2026-04-29 19:52:00,271.3496,271.5,271.3496,271.5,3429
2026-04-29 19:53:00,271.4851,271.5,271.3,271.3,3321
2026-04-29 19:54:00,271.3951,271.3951,270.6,270.61,8276
2026-04-29 19:55:00,270.65,270.7612,270.0,270.62,7010
2026-04-29 19:56:00,270.5,270.7,270.49,270.5,5640
2026-04-29 19:57:00,270.4499,270.5,269.53,269.97,13063
2026-04-29 19:58:00,269.85,270.18,269.7,270.11,4794
2026-04-29 19:59:00,270.2524,270.31,270.1,270.25,12517
2026-04-30 04:00:00,269.2,269.25,266.19,268.28,80842
2026-04-30 04:01:00,267.64,269.01,266.52,267.85,73436
2026-04-30 04:02:00,267.74,267.8,267.2,267.72,5832
2026-04-30 04:03:00,267.3,267.6,267.1405,267.5,7926
2026-04-30 04:04:00,267.65,267.83,267.25,267.82,3066
2026-04-30 04:05:00,267.7,267.9726,267.5,267.5,3541
2026-04-30 04:06:00,267.3,267.51,267.3,267.4,2069
2026-04-30 04:07:00,267.31,267.56,266.8,266.8,5179
2026-04-30 04:08:00,266.5787,266.9,266.5,266.62,7093
2026-04-30 04:09:00,268.88,268.88,266.51,267.41,4833
2026-04-30 04:10:00,267.77,267.77,266.56,266.9,2156
2026-04-30 04:11:00,266.6,267.4,266.6,267.4,1372
2026-04-30 04:12:00,267.26,267.34,266.8,266.8,21134
2026-04-30 04:13:00,267.18,267.6,267.18,267.2,2527
2026-04-30 04:14:00,267.2,267.23,267.11,267.11,403
2026-04-30 04:15:00,266.8,267.19,266.79,266.8,37666
2026-04-30 04:16:00,266.8,266.91,266.62,266.66,2705
2026-04-30 04:17:00,266.6595,266.68,266.5,266.5,595
2026-04-30 04:18:00,266.66,266.8,266.6,266.6,1340
2026-04-30 04:19:00,266.37,266.37,266.21,266.21,2162
2026-04-30 04:20:00,266.22,266.3,266.01,266.04,2102
2026-04-30 04:21:00,266.03,266.03,265.45,265.45,2220
2026-04-30 04:22:00,265.8,265.8,265.45,265.52,500
2026-04-30 04:23:00,266.4515,266.5,266.0,266.5,2554
2026-04-30 04:24:00,266.17,266.5,266.17,266.32,508
2026-04-30 04:25:00,266.69,267.06,266.69,267.0,3825
2026-04-30 04:26:00,267.05,267.08,267.0,267.06,1253
2026-04-30 04:27:00,267.2,267.39,267.2,267.27,6210
2026-04-30 04:28:00,267.49,267.69,267.49,267.69,1381
2026-04-30 04:29:00,267.34,267.34,267.3,267.3,267
2026-04-30 04:30:00,267.65,267.65,267.36,267.51,1603
2026-04-30 04:31:00,267.33,267.49,267.33,267.49,475
2026-04-30 04:32:00,267.3,267.5,267.24,267.5,760
2026-04-30 04:33:00,267.4,267.5,267.1,267.19,1484
2026-04-30 04:34:00,267.11,267.19,267.0,267.12,3969
2026-04-30 04:35:00,267.0907,267.0907,267.0,267.0,400
2026-04-30 04:36:00,267.02,267.0687,266.81,266.87,2313
2026-04-30 04:37:00,267.06,267.06,266.9,267.0,1088
2026-04-30 04:38:00,266.75,267.3,266.75,267.3,2808
2026-04-30 04:39:00,267.34,268.0,267.34,267.5,8280
2026-04-30 04:40:00,267.92,267.94,267.16,267.67,6420
2026-04-30 04:41:00,267.68,268.1,267.68,267.9,5642
2026-04-30 04:42:00,267.9093,268.17,267.87,267.9156,11139
2026-04-30 04:43:00,267.9246,268.06,267.9,268.0,2142
2026-04-30 04:44:00,268.04,268.32,268.04,268.32,897
2026-04-30 04:45:00,268.09,268.09,268.0,268.0,600
2026-04-30 04:46:00,268.3,268.42,268.0,268.28,3575
2026-04-30 04:47:00,268.1,268.22,268.1,268.14,482
2026-04-30 04:48:00,268.25,268.26,268.19,268.19,1506
2026-04-30 04:49:00,268.16,268.2,268.16,268.2,880
2026-04-30 04:50:00,268.12,268.17,267.9,268.17,3397
2026-04-30 04:51:00,268.29,268.4,268.29,268.4,608
2026-04-30 04:52:00,268.25,268.25,267.9,267.9,2272
2026-04-30 04:53:00,267.91,268.0,267.91,267.95,589
2026-04-30 04:54:00,267.9,267.9,267.9,267.9,100
2026-04-30 04:55:00,267.9915,267.9915,267.9,267.9,1450
2026-04-30 04:56:00,267.55,267.63,267.51,267.51,775
2026-04-30 04:57:00,267.7,267.7,267.4,267.4,1761
2026-04-30 04:58:00,267.64,267.64,267.64,267.64,108
2026-04-30 04:59:00,267.74,268.0,267.41,268.0,10934
2026-04-30 05:00:00,267.6,267.6,267.5,267.5,760
2026-04-30 05:01:00,267.75,267.8,267.62,267.62,322
2026-04-30 05:02:00,267.65,267.65,267.65,267.65,500
2026-04-30 05:03:00,267.8,268.0,267.8,268.0,900
2026-04-30 05:04:00,267.75,267.8,267.75,267.76,746
2026-04-30 05:05:00,267.8,267.8,267.65,267.79,1179
2026-04-30 05:06:00,267.8,267.9,267.71,267.71,691
2026-04-30 05:07:00,267.95,267.95,267.8747,267.8747,400
2026-04-30 05:08:00,267.75,267.75,267.65,267.7,3800
2026-04-30 05:09:00,267.7,268.01,267.65,267.65,1888
2026-04-30 05:10:00,267.65,267.7,267.65,267.7,500
2026-04-30 05:13:00,267.8,267.8,267.8,267.8,130
2026-04-30 05:15:00,267.7443,267.7443,267.7443,267.7443,100
2026-04-30 05:16:00,267.9,268.4,267.9,268.4,6770
2026-04-30 05:17:00,268.45,268.72,268.45,268.65,7067
2026-04-30 05:18:00,268.55,268.62,268.5,268.58,12971
2026-04-30 05:19:00,268.6,268.61,268.5,268.55,4204
2026-04-30 05:20:00,268.5,268.55,268.5,268.51,11092
2026-04-30 05:21:00,268.51,268.6,268.49,268.6,8476
2026-04-30 05:22:00,268.6896,269.25,268.6896,269.19,10494
2026-04-30 05:23:00,269.15,269.2,269.0,269.1,4504
2026-04-30 05:24:00,269.04,269.2,269.04,269.2,3299
2026-04-30 05:25:00,269.0161,269.06,268.8,269.0,5207
2026-04-30 05:26:00,268.99,269.02,268.8,268.9,4977
2026-04-30 05:27:00,268.94,268.97,268.9,268.92,1328
2026-04-30 05:28:00,268.97,269.4586,268.97,269.4586,3694
2026-04-30 05:29:00,269.2,269.38,269.2,269.3,538
2026-04-30 05:30:00,269.48,269.83,269.48,269.81,4855
2026-04-30 05:31:00,269.88,270.48,269.88,270.25,11264
2026-04-30 05:32:00,270.25,270.51,269.55,269.78,9258
2026-04-30 05:33:00,269.68,269.68,269.58,269.61,600
2026-04-30 05:34:00,269.75,269.7965,269.67,269.75,630
2026-04-30 05:35:00,269.75,270.01,269.75,270.01,1870
2026-04-30 05:36:00,269.85,269.85,269.75,269.75,915
2026-04-30 05:37:00,269.75,269.95,269.38,269.38,6233
2026-04-30 05:38:00,269.28,269.28,269.0,269.1,1342
2026-04-30 05:39:00,269.1,269.29,269.02,269.02,1700
2026-04-30 05:41:00,269.3,269.43,269.2,269.2,1481
2026-04-30 05:42:00,269.07,269.07,268.86,268.86,3424
2026-04-30 05:43:00,268.99,268.99,268.99,268.99,120
2026-04-30 05:44:00,268.81,268.82,268.8,268.8,4949
2026-04-30 05:46:00,268.9,269.31,268.9,269.3,1321
2026-04-30 05:47:00,269.3,269.3,269.23,269.23,541
2026-04-30 05:48:00,269.44,269.6776,269.44,269.6776,1200
2026-04-30 05:49:00,269.7,269.77,269.7,269.77,920
2026-04-30 05:50:00,269.5343,269.5343,269.5343,269.5343,100
2026-04-30 05:51:00,269.69,269.77,269.5,269.5,2873
2026-04-30 05:52:00,269.53,269.6,269.5,269.6,1363
2026-04-30 05:53:00,269.6,269.64,269.55,269.64,873
2026-04-30 05:54:00,269.5165,269.5165,269.5165,269.5165,230
2026-04-30 05:55:00,269.73,269.73,269.2,269.2,2494
2026-04-30 05:56:00,269.11,269.11,269.1,269.1,2905
2026-04-30 05:57:00,268.92,269.06,268.9,269.06,1190
2026-04-30 05:58:00,269.06,269.36,269.06,269.36,1715
2026-04-30 05:59:00,269.3,269.62,269.3,269.5,1943
2026-04-30 06:00:00,269.56,269.7,269.56,269.7,500
2026-04-30 06:01:00,269.6,270.0,269.6,269.99,9321
2026-04-30 06:02:00,269.99,269.99,269.99,269.99,500
2026-04-30 06:03:00,269.73,270.09,269.73,270.09,6523
2026-04-30 06:04:00,270.12,270.12,269.6,269.6,6666
2026-04-30 06:06:00,269.91,269.91,269.81,269.81,1192
2026-04-30 06:08:00,269.75,270.0,269.61,270.0,2147
2026-04-30 06:09:00,269.77,269.99,269.77,269.99,200
2026-04-30 06:10:00,269.9,269.98,269.9,269.98,326
2026-04-30 06:11:00,269.98,269.98,269.88,269.88,547
2026-04-30 06:12:00,269.89,269.99,269.88,269.99,567
2026-04-30 06:13:00,269.91,269.91,269.2565,269.2565,2323
2026-04-30 06:14:00,269.65,269.65,269.65,269.65,125
2026-04-30 06:15:00,269.19,269.78,269.19,269.78,2300
2026-04-30 06:16:00,269.49,269.49,269.36,269.36,250
2026-04-30 06:17:00,269.41,269.41,269.35,269.35,205
2026-04-30 06:18:00,269.3,269.39,269.3,269.39,446
2026-04-30 06:19:00,269.3,269.3,269.06,269.06,1200
2026-04-30 06:20:00,269.06,269.19,269.05,269.19,1200
2026-04-30 06:21:00,269.05,269.21,269.05,269.19,936
2026-04-30 06:22:00,269.35,269.35,269.35,269.35,250
2026-04-30 06:23:00,269.35,269.5,269.275,269.5,1279
2026-04-30 06:24:00,269.6,269.9241,269.6,269.77,1785
2026-04-30 06:25:00,269.79,269.93,269.5,269.56,1879
2026-04-30 06:26:00,269.75,269.75,269.75,269.75,103
2026-04-30 06:27:00,269.64,269.64,269.64,269.64,200
2026-04-30 06:28:00,269.9846,269.9846,269.8,269.8,1020
2026-04-30 06:29:00,269.62,269.62,269.62,269.62,300
2026-04-30 06:30:00,269.9604,269.9604,269.7,269.89,793
2026-04-30 06:31:00,269.9,269.9,269.51,269.51,873
2026-04-30 06:32:00,269.5,269.84,269.5,269.84,1092
2026-04-30 06:34:00,269.7,269.8,269.56,269.8,1027
2026-04-30 06:35:00,269.67,269.67,269.55,269.55,766
2026-04-30 06:36:00,269.5,269.51,269.21,269.26,2270
2026-04-30 06:37:00,269.05,269.06,268.9,269.0,3411
2026-04-30 06:38:00,269.02,269.02,268.56,268.56,8048
2026-04-30 06:39:00,268.51,268.7975,268.5,268.7975,1081
2026-04-30 06:40:00,268.58,268.84,268.52,268.65,1169
2026-04-30 06:41:00,268.85,268.91,268.75,268.86,1900
2026-04-30 06:42:00,268.72,268.72,268.72,268.72,130
2026-04-30 06:43:00,268.51,269.13,268.5,269.13,5886
2026-04-30 06:44:00,268.87,269.0,268.87,269.0,4467
2026-04-30 06:45:00,268.805,268.805,268.805,268.805,134
2026-04-30 06:46:00,268.87,268.94,268.76,268.76,9168
2026-04-30 06:47:00,268.76,268.84,268.51,268.51,2156
2026-04-30 06:48:00,268.68,269.0616,268.68,268.92,2696
2026-04-30 06:49:00,268.9,269.04,268.6,268.6,9578
2026-04-30 06:50:00,268.65,268.65,268.5,268.5,26902
2026-04-30 06:51:00,268.6,268.62,268.52,268.52,645
2026-04-30 06:52:00,268.67,268.82,268.67,268.82,1325
2026-04-30 06:53:00,268.77,269.54,268.77,269.52,5677
2026-04-30 06:54:00,269.4,269.4,269.13,269.17,3097
2026-04-30 06:55:00,269.12,269.7549,269.1,269.3,3311
2026-04-30 06:56:00,269.3,269.3,269.11,269.11,722
2026-04-30 06:57:00,269.15,269.28,269.13,269.28,872
2026-04-30 06:58:00,269.3,269.3,269.0,269.11,3105
2026-04-30 06:59:00,269.15,269.15,268.8,268.8,1100
2026-04-30 07:00:00,268.94,269.28,268.67,268.7208,15290
2026-04-30 07:01:00,268.994,269.11,268.7,269.11,3752
2026-04-30 07:02:00,269.04,269.29,268.83,269.29,8528
2026-04-30 07:03:00,269.3,269.78,269.11,269.77,8246
2026-04-30 07:04:00,269.98,269.98,269.81,269.86,2019
2026-04-30 07:05:00,269.86,270.39,269.86,270.15,15875
2026-04-30 07:06:00,270.49,270.5,270.29,270.44,9425
2026-04-30 07:07:00,270.5,270.9,270.1939,270.9,13844
2026-04-30 07:08:00,270.97,271.3,270.5,271.27,13540
2026-04-30 07:09:00,271.3,271.6,271.0,271.5,9684
2026-04-30 07:10:00,271.6,271.6,271.35,271.48,9544
2026-04-30 07:11:00,271.55,271.78,271.25,271.78,10817
2026-04-30 07:12:00,271.6999,271.71,271.5,271.7,3953
2026-04-30 07:13:00,271.57,271.96,271.5,271.75,6992
2026-04-30 07:14:00,271.56,271.8899,271.56,271.65,1549
2026-04-30 07:15:00,271.3,271.5,271.3,271.4106,5310
2026-04-30 07:16:00,271.5,271.5,270.98,271.3,16157
2026-04-30 07:17:00,271.0,271.151,271.0,271.0,1533
2026-04-30 07:18:00,270.9982,271.1136,270.87,270.977,2726
2026-04-30 07:19:00,270.9981,271.0,270.8,270.8,3967
2026-04-30 07:20:00,270.865,270.865,270.5,270.73,5616
2026-04-30 07:21:00,270.86,270.86,270.5325,270.62,2053
2026-04-30 07:22:00,270.73,271.4,270.73,271.1175,9156
2026-04-30 07:23:00,271.4,271.4,271.0151,271.0151,1717
2026-04-30 07:24:00,271.0,271.3376,270.97,271.0,8403
2026-04-30 07:25:00,270.85,271.3411,270.85,271.0,5393
2026-04-30 07:26:00,271.0,271.4,271.0,271.23,2757
2026-04-30 07:27:00,271.39,271.39,270.9,270.9999,4376
2026-04-30 07:28:00,270.75,270.93,270.56,270.79,1550
2026-04-30 07:29:00,270.5606,270.75,270.56,270.63,5493
2026-04-30 07:30:00,270.51,270.7,270.1675,270.42,5358
2026-04-30 07:31:00,270.5,270.7,270.4303,270.4303,2109
2026-04-30 07:32:00,270.49,270.585,270.3607,270.49,3993
2026-04-30 07:33:00,270.6811,270.7,270.46,270.5,2285
2026-04-30 07:34:00,270.51,270.75,270.51,270.75,3312
2026-04-30 07:35:00,270.84,271.19,270.72,270.92,11369
2026-04-30 07:36:00,270.96,270.9986,270.82,270.91,2110
2026-04-30 07:37:00,271.0,271.0,270.66,270.66,3732
2026-04-30 07:38:00,270.82,270.9035,270.735,270.89,1115
2026-04-30 07:39:00,270.89,270.89,270.42,270.46,3562
2026-04-30 07:40:00,270.45,270.55,270.4,270.4,8256
2026-04-30 07:41:00,270.27,270.41,270.11,270.1932,854
2026-04-30 07:42:00,270.34,270.75,270.1464,270.3287,4750
2026-04-30 07:43:00,270.4996,270.5,270.3434,270.5,1932
2026-04-30 07:44:00,270.52,270.54,270.18,270.18,2188
2026-04-30 07:45:00,270.11,270.15,270.0,270.06,16065
2026-04-30 07:46:00,270.0246,270.18,270.01,270.1,2373
2026-04-30 07:47:00,270.11,270.29,269.75,270.29,8354
2026-04-30 07:48:00,270.29,270.53,270.29,270.4,2007
2026-04-30 07:49:00,270.5,270.5,270.2,270.35,5769
2026-04-30 07:50:00,270.311,270.311,270.225,270.225,206
2026-04-30 07:51:00,270.08,270.23,270.0,270.01,3501
2026-04-30 07:52:00,270.0,270.0,269.6,269.68,10421
2026-04-30 07:53:00,269.7,269.9,269.55,269.64,3532
2026-04-30 07:54:00,269.61,269.83,269.61,269.83,2708
2026-04-30 07:55:00,269.8,269.86,269.5,269.5,5570
2026-04-30 07:56:00,269.45,269.7,269.35,269.7,7713
2026-04-30 07:57:00,269.79,269.9,269.6933,269.88,3702
2026-04-30 07:58:00,269.74,270.2501,269.74,270.25,19312
2026-04-30 07:59:00,270.25,270.58,270.25,270.47,11916
2026-04-30 08:00:00,270.53,270.6088,270.35,270.55,4388
2026-04-30 08:01:00,270.59,270.88,270.4999,270.83,4784
2026-04-30 08:02:00,270.761,271.0,270.6,270.8,8889
2026-04-30 08:03:00,270.88,271.2,270.7803,271.0,19542
2026-04-30 08:04:00,271.1449,271.18,270.9391,270.9391,4490
2026-04-30 08:05:00,270.91,271.0,270.9,270.9,2320
2026-04-30 08:06:00,270.91,271.22,270.91,271.15,7116
2026-04-30 08:07:00,271.18,271.33,271.18,271.3,7113
2026-04-30 08:08:00,271.32,271.32,271.16,271.2,1493
2026-04-30 08:09:00,271.28,272.0,271.28,272.0,18365
2026-04-30 08:10:00,271.94,272.4666,271.85,272.44,21007
2026-04-30 08:11:00,272.45,272.72,272.33,272.65,12773
2026-04-30 08:12:00,272.6112,272.88,272.25,272.495,24115
2026-04-30 08:13:00,272.5257,272.7365,272.315,272.36,4881
2026-04-30 08:14:00,272.3975,272.55,272.27,272.52,12233
2026-04-30 08:15:00,272.54,273.11,272.362,272.6,14600
2026-04-30 08:16:00,272.565,272.8992,272.5,272.8,4495
2026-04-30 08:17:00,272.8,272.84,272.5,272.79,7630
2026-04-30 08:18:00,272.66,272.98,272.63,272.88,15334
2026-04-30 08:19:00,272.74,273.4,272.6303,273.4,14094
2026-04-30 08:20:00,273.11,273.15,272.79,272.79,11593
2026-04-30 08:21:00,272.8,272.9999,272.52,272.9217,7264
2026-04-30 08:22:00,272.9962,273.0,272.5,272.62,2310
2026-04-30 08:23:00,272.57,272.57,272.01,272.35,7018
2026-04-30 08:24:00,272.35,272.9799,272.2465,272.7985,8877
2026-04-30 08:25:00,272.82,272.85,272.69,272.74,4118
2026-04-30 08:26:00,272.62,272.75,272.62,272.75,1561
2026-04-30 08:27:00,272.8,272.9,272.5,272.8,20888
2026-04-30 08:28:00,272.7,272.9,272.67,272.9,9059
2026-04-30 08:29:00,272.89,273.2,272.809,273.15,19113
2026-04-30 08:30:00,273.25,273.25,272.4,272.96,9932
2026-04-30 08:31:00,273.0152,273.19,273.0,273.19,5471
2026-04-30 08:32:00,273.1773,273.1773,272.6,272.63,17460
2026-04-30 08:33:00,272.5799,272.7799,272.29,272.31,9807
2026-04-30 08:34:00,272.25,272.25,271.82,271.82,8625
2026-04-30 08:35:00,271.97,271.9876,271.52,271.8,15171
2026-04-30 08:36:00,271.8,272.0,271.42,271.7531,18455
2026-04-30 08:37:00,271.7638,271.99,271.73,271.76,2500
2026-04-30 08:38:00,271.76,272.213,271.76,271.95,6599
2026-04-30 08:39:00,272.0664,272.4,272.0,272.17,7490
2026-04-30 08:40:00,272.1274,272.18,271.99,272.1,3025
2026-04-30 08:41:00,272.01,272.0104,271.95,272.0104,4191
2026-04-30 08:42:00,272.07,272.23,272.02,272.02,3681
2026-04-30 08:43:00,272.0,272.0,271.5,271.66,6862
2026-04-30 08:44:00,271.69,271.75,271.27,271.4,15411
2026-04-30 08:45:00,271.29,271.5,271.21,271.327,7747
2026-04-30 08:46:00,271.3,271.6808,271.28,271.57,2824
2026-04-30 08:47:00,271.55,271.8194,271.47,271.49,3885
2026-04-30 08:48:00,271.3,271.78,271.25,271.51,9338
2026-04-30 08:49:00,271.6,271.78,271.25,271.66,5344
2026-04-30 08:50:00,271.6415,271.96,271.6415,271.96,1212
2026-04-30 08:51:00,271.9501,273.05,271.9,273.05,28207
2026-04-30 08:52:00,273.09,273.1323,272.88,272.957,12534
2026-04-30 08:53:00,272.93,273.17,272.93,273.11,5706
2026-04-30 08:54:00,273.11,273.2,273.0,273.0,11424
2026-04-30 08:55:00,273.0,273.0349,271.978,272.13,17139
2026-04-30 08:56:00,272.12,272.36,272.02,272.36,6557
2026-04-30 08:57:00,272.49,272.49,272.36,272.36,5301
2026-04-30 08:58:00,272.27,272.27,271.83,272.03,7224
2026-04-30 08:59:00,271.96,272.18,271.9,272.1,5899
2026-04-30 09:00:00,272.0,272.49,271.97,272.48,10187
2026-04-30 09:01:00,272.513,272.66,272.03,272.26,12819
2026-04-30 09:02:00,272.12,272.55,272.0,272.21,6536
2026-04-30 09:03:00,272.3159,272.5708,272.22,272.2694,3484
2026-04-30 09:04:00,272.4001,272.88,272.4,272.726,8108
2026-04-30 09:05:00,272.7001,272.86,272.26,272.58,21197
2026-04-30 09:06:00,272.58,272.58,272.02,272.4,22319
2026-04-30 09:07:00,272.5,272.58,272.29,272.29,11189
2026-04-30 09:08:00,272.2901,272.5662,272.2901,272.5423,3950
2026-04-30 09:09:00,272.46,272.58,272.29,272.29,8019
2026-04-30 09:10:00,272.0697,272.2,271.5,271.73,28470
2026-04-30 09:11:00,271.61,272.17,271.5,272.04,14400
2026-04-30 09:12:00,272.14,272.15,271.64,272.15,15921
2026-04-30 09:13:00,272.1,272.32,271.87,272.05,11543
2026-04-30 09:14:00,272.0712,272.32,271.8138,272.2016,7137
2026-04-30 09:15:00,272.4,272.58,272.2,272.36,13598
2026-04-30 09:16:00,272.44,273.44,272.27,273.31,20190
2026-04-30 09:17:00,273.02,273.41,272.96,273.3,21284
2026-04-30 09:18:00,273.15,274.3,273.1,274.3,35079
2026-04-30 09:19:00,274.15,274.19,273.32,273.32,20244
2026-04-30 09:20:00,273.3,274.51,273.02,274.46,24293
2026-04-30 09:21:00,274.64,275.17,274.5,274.88,94710
2026-04-30 09:22:00,274.66,274.87,274.0,274.57,39411
2026-04-30 09:23:00,274.62,274.7992,273.9,274.1357,22962
2026-04-30 09:24:00,273.91,274.0,273.12,273.5,24254
2026-04-30 09:25:00,273.29,274.0,272.54,274.0,38710
2026-04-30 09:26:00,273.9107,274.09,273.3,273.38,11326
2026-04-30 09:27:00,273.25,274.3,272.31,273.86,34750
2026-04-30 09:28:00,273.86,274.04,273.21,273.67,8138
2026-04-30 09:29:00,273.68,273.69,273.06,273.33,8960
2026-04-30 09:30:00,273.17,273.88,270.34,270.625,2585751
2026-04-30 09:31:00,270.625,270.94,268.02,268.09,711906
2026-04-30 09:32:00,268.1,269.66,268.0801,268.145,502788
2026-04-30 09:33:00,268.21,269.18,267.02,267.58,592723
2026-04-30 09:34:00,267.595,267.91,266.52,266.675,476822
2026-04-30 09:35:00,266.72,266.79,264.69,264.69,666748
2026-04-30 09:36:00,264.745,264.83,262.8201,263.04,753314
2026-04-30 09:37:00,263.1,263.57,261.46,262.41,644318
2026-04-30 09:38:00,262.43,263.19,261.01,261.2814,498920
2026-04-30 09:39:00,261.19,261.37,259.6,260.21,787602
2026-04-30 09:40:00,260.21,260.85,259.8,259.83,488984
2026-04-30 09:41:00,259.8,260.0599,257.88,259.495,726377
2026-04-30 09:42:00,259.5699,260.87,259.171,260.73,553838
2026-04-30 09:43:00,260.78,260.92,259.06,259.785,478610
2026-04-30 09:44:00,259.89,261.648,259.83,261.29,495590
2026-04-30 09:45:00,261.25,262.07,260.67,260.83,596812
2026-04-30 09:46:00,260.825,261.135,259.74,259.9219,434383
2026-04-30 09:47:00,259.965,260.2399,257.45,257.99,536307
2026-04-30 09:48:00,258.01,258.96,257.54,258.91,460708
2026-04-30 09:49:00,258.95,260.9,258.38,260.47,332638
2026-04-30 09:50:00,260.4601,261.47,260.4601,261.0,401738
2026-04-30 09:51:00,260.99,261.5,260.43,260.97,478640
2026-04-30 09:52:00,260.99,261.06,259.485,260.1,360996
2026-04-30 09:53:00,260.07,260.4699,259.68,259.97,286991
2026-04-30 09:54:00,259.99,261.0,259.68,260.615,342415
2026-04-30 09:55:00,260.65,260.88,259.92,260.445,255989
2026-04-30 09:56:00,260.4448,260.9,259.42,259.5,309059
2026-04-30 09:57:00,259.47,260.0,259.1703,259.48,168857
2026-04-30 09:58:00,259.48,260.1,259.33,260.03,243570
2026-04-30 09:59:00,260.04,260.19,259.11,259.11,247794
2026-04-30 10:00:00,259.19,260.2,258.9,260.05,236617
2026-04-30 10:01:00,260.0,261.13,259.99,260.595,249546
2026-04-30 10:02:00,260.595,261.37,260.595,261.075,213001
2026-04-30 10:03:00,261.095,262.18,261.05,262.1,272856
2026-04-30 10:04:00,262.187,262.59,261.545,262.21,372325
2026-04-30 10:05:00,262.28,262.59,262.0,262.075,154769
2026-04-30 10:06:00,262.11,262.11,261.2601,261.3,210552
2026-04-30 10:07:00,261.31,261.77,260.88,261.242,156660
2026-04-30 10:08:00,261.26,261.3,260.34,260.3918,120031
2026-04-30 10:09:00,260.35,261.1199,260.25,260.93,136219
2026-04-30 10:10:00,260.915,260.96,259.93,260.125,171302
2026-04-30 10:11:00,260.11,261.36,260.11,260.7,163348
2026-04-30 10:12:00,260.694,261.2,260.45,260.675,152039
2026-04-30 10:13:00,260.7362,261.27,260.3101,260.69,122548
2026-04-30 10:14:00,260.705,261.0,260.26,260.6,128599
2026-04-30 10:15:00,260.63,260.66,259.85,259.93,184663
2026-04-30 10:16:00,259.91,260.01,258.7701,258.78,273112
2026-04-30 10:17:00,258.8299,258.97,257.9,258.05,302527
2026-04-30 10:18:00,258.1,259.0,258.01,258.92,181461
2026-04-30 10:19:00,258.9566,259.06,258.29,258.54,143055
2026-04-30 10:20:00,258.47,259.3259,258.14,259.085,175239
2026-04-30 10:21:00,259.1355,259.55,258.85,259.03,103849
2026-04-30 10:22:00,259.0,259.66,258.87,259.6199,141431
2026-04-30 10:23:00,259.62,259.8591,259.37,259.52,111483
2026-04-30 10:24:00,259.47,259.64,258.73,259.095,107028
2026-04-30 10:25:00,259.1064,259.136,258.295,258.33,103934
2026-04-30 10:26:00,258.39,258.53,258.0,258.1,113707
2026-04-30 10:27:00,258.03,258.66,257.99,258.562,116926
2026-04-30 10:28:00,258.69,259.06,258.53,259.0,105800
2026-04-30 10:29:00,258.94,259.26,258.82,259.06,111046
2026-04-30 10:30:00,259.0,259.57,258.61,259.34,167067
2026-04-30 10:31:00,259.3639,259.59,259.13,259.175,112153
2026-04-30 10:32:00,259.175,259.85,259.071,259.655,112575
2026-04-30 10:33:00,259.655,259.725,258.835,258.835,89255
2026-04-30 10:34:00,258.855,258.89,258.31,258.625,146061
2026-04-30 10:35:00,258.625,259.2699,258.47,259.1945,100381
2026-04-30 10:36:00,259.21,259.26,258.41,258.6,112970
2026-04-30 10:37:00,258.5301,258.95,258.41,258.8699,130910
2026-04-30 10:38:00,258.83,258.93,258.5,258.93,100879
2026-04-30 10:39:00,258.92,258.94,258.49,258.71,89976
2026-04-30 10:40:00,258.77,258.98,258.47,258.615,91271
2026-04-30 10:41:00,258.59,258.9,258.21,258.835,136036
2026-04-30 10:42:00,258.855,258.96,258.38,258.815,101215
2026-04-30 10:43:00,258.81,258.9,258.46,258.5,78523
2026-04-30 10:44:00,258.6,258.65,258.2406,258.25,115768
2026-04-30 10:45:00,258.27,258.455,258.02,258.3,105323
2026-04-30 10:46:00,258.33,259.09,258.29,258.79,149501
2026-04-30 10:47:00,258.765,259.13,258.65,258.73,151993
2026-04-30 10:48:00,258.75,258.92,258.22,258.235,220946
2026-04-30 10:49:00,258.17,258.1999,257.73,257.77,228473
2026-04-30 10:50:00,257.74,257.91,257.5,257.67,158432
2026-04-30 10:51:00,257.66,258.49,257.485,258.4899,169723
2026-04-30 10:52:00,258.46,259.12,258.4301,259.03,174289
2026-04-30 10:53:00,259.0699,259.24,258.84,259.15,94943
2026-04-30 10:54:00,259.15,259.94,259.11,259.77,162955
2026-04-30 10:55:00,259.78,259.95,259.5006,259.6918,140929
2026-04-30 10:56:00,259.715,260.12,259.43,259.72,204774
2026-04-30 10:57:00,259.72,260.11,259.41,259.93,177950
2026-04-30 10:58:00,259.948,260.0844,259.75,259.87,147171
2026-04-30 10:59:00,259.89,259.93,259.47,259.51,113380
2026-04-30 11:00:00,259.51,260.12,259.51,259.765,149010
2026-04-30 11:01:00,259.74,260.24,259.66,260.2,137614
2026-04-30 11:02:00,260.22,260.22,259.57,259.745,155863
2026-04-30 11:03:00,259.745,260.1299,259.58,259.855,169082
2026-04-30 11:04:00,259.86,259.929,259.5,259.81,79524
2026-04-30 11:05:00,259.77,259.77,259.04,259.19,120723
2026-04-30 11:06:00,259.215,259.5,259.118,259.35,117351
2026-04-30 11:07:00,259.37,259.685,259.2,259.68,94046
2026-04-30 11:08:00,259.69,260.27,259.57,260.2398,230993
2026-04-30 11:09:00,260.2001,260.2385,259.7,260.1778,127529
2026-04-30 11:10:00,260.18,260.21,259.73,259.9361,199852
2026-04-30 11:11:00,259.94,260.12,259.73,259.86,85664
2026-04-30 11:12:00,259.85,260.06,259.65,259.98,133572
2026-04-30 11:13:00,259.94,260.02,259.68,259.68,95267
2026-04-30 11:14:00,259.7,260.0692,259.64,260.0692,46198
2026-04-30 11:15:00,260.0659,260.17,259.77,259.77,75827
2026-04-30 11:16:00,259.77,259.77,259.31,259.56,109258
2026-04-30 11:17:00,259.58,259.83,259.39,259.75,106594
2026-04-30 11:18:00,259.7425,260.018,259.51,259.55,101580
2026-04-30 11:19:00,259.53,259.55,258.8,259.01,190218
2026-04-30 11:20:00,259.05,259.56,258.7,258.88,274951
2026-04-30 11:21:00,258.85,258.94,258.5,258.54,126625
2026-04-30 11:22:00,258.535,258.83,258.45,258.64,137069
2026-04-30 11:23:00,258.65,258.92,258.65,258.76,81343
2026-04-30 11:24:00,258.77,259.01,258.61,258.9,73432
2026-04-30 11:25:00,258.9,258.93,258.36,258.43,110277
2026-04-30 11:26:00,258.44,258.65,258.38,258.5,88625
2026-04-30 11:27:00,258.5,258.8133,258.31,258.79,108135
2026-04-30 11:28:00,258.79,258.92,258.1,258.1,97458
2026-04-30 11:29:00,258.11,258.4298,257.99,258.21,109305
2026-04-30 11:30:00,258.24,258.81,258.2,258.57,65655
2026-04-30 11:31:00,258.57,258.6599,258.1,258.3,69332
2026-04-30 11:32:00,258.34,258.45,258.225,258.37,62370
2026-04-30 11:33:00,258.37,258.415,258.17,258.375,44643
2026-04-30 11:34:00,258.355,258.355,257.85,257.89,155621
2026-04-30 11:35:00,257.88,257.88,257.35,257.55,179674
2026-04-30 11:36:00,257.53,257.83,257.2509,257.7,363830
2026-04-30 11:37:00,257.7,257.76,257.26,257.38,59657
2026-04-30 11:38:00,257.35,257.35,256.9,256.9645,199091
2026-04-30 11:39:00,256.925,257.155,256.8751,257.085,101066
2026-04-30 11:40:00,257.08,257.2,256.86,256.9205,123311
2026-04-30 11:41:00,256.94,257.3299,256.87,257.05,124624
2026-04-30 11:42:00,257.05,257.06,256.81,256.855,131387
2026-04-30 11:43:00,256.84,258.5,256.73,256.815,174638
2026-04-30 11:44:00,256.79,256.965,256.645,256.65,84891
2026-04-30 11:45:00,256.65,256.71,256.16,256.34,187735
2026-04-30 11:46:00,256.36,256.74,256.32,256.64,91077
2026-04-30 11:47:00,256.64,256.7789,256.37,256.575,118091
2026-04-30 11:48:00,256.59,257.37,256.495,257.335,205239
2026-04-30 11:49:00,257.3533,257.7799,257.2101,257.755,174410
2026-04-30 11:50:00,257.755,258.45,257.605,258.43,233234
2026-04-30 11:51:00,258.42,258.42,258.11,258.255,121138
2026-04-30 11:52:00,258.255,258.255,257.89,258.2001,88399
2026-04-30 11:53:00,258.22,258.24,257.7,257.895,79209
2026-04-30 11:54:00,257.895,258.25,257.85,258.04,64285
2026-04-30 11:55:00,258.04,258.2499,257.92,258.135,82409
2026-04-30 11:56:00,258.145,258.28,257.9036,257.955,74058
2026-04-30 11:57:00,257.93,258.165,257.87,258.155,38053
2026-04-30 11:58:00,258.13,258.6599,258.13,258.56,92733
2026-04-30 11:59:00,258.58,258.68,258.24,258.24,80443
2026-04-30 12:00:00,258.3,258.69,258.0301,258.46,53849
2026-04-30 12:01:00,258.45,258.61,258.3,258.485,67267
2026-04-30 12:02:00,258.4875,258.5099,258.1201,258.3,46818
2026-04-30 12:03:00,258.29,258.37,258.11,258.13,37546
2026-04-30 12:04:00,258.16,258.4099,258.13,258.39,35120
2026-04-30 12:05:00,258.41,258.48,258.3002,258.35,48841
2026-04-30 12:06:00,258.38,258.38,258.06,258.205,67181
2026-04-30 12:07:00,258.18,258.2699,257.99,258.1509,48665
2026-04-30 12:08:00,258.17,258.3786,258.13,258.14,48455
2026-04-30 12:09:00,258.13,258.15,257.86,257.895,63228
2026-04-30 12:10:00,257.86,258.03,257.75,258.0,47434
2026-04-30 12:11:00,257.995,258.23,257.95,258.215,35042
2026-04-30 12:12:00,258.23,258.43,258.23,258.36,55608
2026-04-30 12:13:00,258.34,258.81,258.3,258.79,85820
2026-04-30 12:14:00,258.82,258.915,258.7183,258.8201,59682
2026-04-30 12:15:00,258.8466,258.92,258.675,258.69,57809
2026-04-30 12:16:00,258.65,258.66,258.455,258.53,52954
2026-04-30 12:17:00,258.5,258.655,258.495,258.57,30325
2026-04-30 12:18:00,258.5297,258.72,258.48,258.61,45372
2026-04-30 12:19:00,258.62,258.9624,258.49,258.9599,54897
2026-04-30 12:20:00,258.97,259.25,258.97,259.11,122925
2026-04-30 12:21:00,259.11,259.29,259.07,259.145,82004
2026-04-30 12:22:00,259.13,259.6,259.06,259.44,128859
2026-04-30 12:23:00,259.44,259.64,259.3501,259.416,135172
2026-04-30 12:24:00,259.45,259.6799,259.36,259.465,122036
2026-04-30 12:25:00,259.465,259.5699,259.25,259.35,78105
2026-04-30 12:26:00,259.31,259.47,259.155,259.41,163500
2026-04-30 12:27:00,259.4125,259.63,259.31,259.44,128713
2026-04-30 12:28:00,259.4,259.4525,259.1638,259.265,67238
2026-04-30 12:29:00,259.255,259.3899,259.13,259.135,49740
2026-04-30 12:30:00,259.135,259.2897,259.04,259.04,45360
2026-04-30 12:31:00,259.1175,259.6,259.0101,259.38,105191
2026-04-30 12:32:00,259.365,259.65,259.33,259.54,80717
2026-04-30 12:33:00,259.535,259.8,259.4614,259.52,104264
2026-04-30 12:34:00,259.52,259.7,259.39,259.6,53156
2026-04-30 12:35:00,259.6,259.66,259.4223,259.575,126908
2026-04-30 12:36:00,259.59,259.66,259.29,259.42,89991
2026-04-30 12:37:00,259.42,259.43,259.26,259.355,27324
2026-04-30 12:38:00,259.355,259.5899,259.336,259.5,39416
2026-04-30 12:39:00,259.48,259.59,259.41,259.53,48700
2026-04-30 12:40:00,259.52,259.52,259.01,259.02,112549
2026-04-30 12:41:00,259.02,259.2334,259.0,259.115,78839
2026-04-30 12:42:00,259.115,259.37,259.0507,259.27,28178
2026-04-30 12:43:00,259.28,259.49,259.2278,259.43,38349
2026-04-30 12:44:00,259.44,259.45,259.25,259.25,25698
2026-04-30 12:45:00,259.23,259.34,259.11,259.19,45401
2026-04-30 12:46:00,259.17,259.75,259.11,259.74,76158
2026-04-30 12:47:00,259.73,259.909,259.61,259.7,60619
2026-04-30 12:48:00,259.675,259.9067,259.6,259.8,41858
2026-04-30 12:49:00,259.76,259.83,259.5101,259.65,51673
2026-04-30 12:50:00,259.65,259.76,259.41,259.41,34831
2026-04-30 12:51:00,259.3901,259.42,259.25,259.345,55553
2026-04-30 12:52:00,259.37,259.4,259.07,259.13,53565
2026-04-30 12:53:00,259.13,259.1736,258.73,258.7701,71553
2026-04-30 12:54:00,258.7793,258.82,258.6401,258.72,82198
2026-04-30 12:55:00,258.71,258.715,257.9,257.92,188416
2026-04-30 12:56:00,257.92,258.41,257.835,258.36,107353
2026-04-30 12:57:00,258.3433,258.4075,258.2001,258.39,28815
2026-04-30 12:58:00,258.42,258.57,258.31,258.42,39262
2026-04-30 12:59:00,258.445,258.47,258.3,258.34,32082
2026-04-30 13:00:00,258.32,258.9,258.3,258.87,55297
2026-04-30 13:01:00,258.895,259.3399,258.895,259.31,56947
2026-04-30 13:02:00,259.31,259.51,259.26,259.4481,58126
2026-04-30 13:03:00,259.47,259.5,259.3165,259.46,40666
2026-04-30 13:04:00,259.43,259.63,259.3212,259.585,50534
2026-04-30 13:05:00,259.6,259.77,259.5901,259.71,50189
2026-04-30 13:06:00,259.73,259.8999,259.6407,259.79,53180
2026-04-30 13:07:00,259.785,260.4212,259.785,260.4212,138477
2026-04-30 13:08:00,260.4,260.587,260.23,260.415,100335
2026-04-30 13:09:00,260.42,260.5999,260.25,260.32,55878
2026-04-30 13:10:00,260.325,260.5,260.15,260.325,55665
2026-04-30 13:11:00,260.3,260.32,259.97,260.0001,62302
2026-04-30 13:12:00,260.01,260.21,259.82,259.845,58789
2026-04-30 13:13:00,259.85,260.0,259.78,259.95,74533
2026-04-30 13:14:00,259.93,259.9482,259.73,259.86,34243
2026-04-30 13:15:00,259.83,260.0,259.8239,259.94,75877
2026-04-30 13:16:00,259.95,260.2055,259.935,260.198,85096
2026-04-30 13:17:00,260.175,260.37,259.99,259.99,65109
2026-04-30 13:18:00,260.08,260.1299,259.77,259.83,60616
2026-04-30 13:19:00,259.795,259.82,259.53,259.56,61109
2026-04-30 13:20:00,259.59,259.63,259.4001,259.63,48339
2026-04-30 13:21:00,259.65,259.82,259.58,259.8,60710
2026-04-30 13:22:00,259.805,259.88,259.67,259.825,45609
2026-04-30 13:23:00,259.825,259.9,259.6,259.7754,37191
2026-04-30 13:24:00,259.78,259.93,259.63,259.9051,57421
2026-04-30 13:25:00,259.9,259.9375,259.695,259.8401,49465
2026-04-30 13:26:00,259.88,259.96,259.675,259.74,61609
2026-04-30 13:27:00,259.74,259.92,259.7201,259.7899,51008
2026-04-30 13:28:00,259.74,259.8599,259.73,259.75,27140
2026-04-30 13:29:00,259.72,259.94,259.7,259.88,44879
2026-04-30 13:30:00,259.84,260.145,259.81,259.932,96664
2026-04-30 13:31:00,259.94,260.14,259.9001,260.02,59278
2026-04-30 13:32:00,260.03,260.2325,259.83,260.005,195577
2026-04-30 13:33:00,259.98,260.07,259.69,259.82,68998
2026-04-30 13:34:00,259.805,260.16,259.7405,260.08,61166
2026-04-30 13:35:00,260.045,260.1,259.8501,259.895,36082
2026-04-30 13:36:00,259.895,259.94,259.66,259.715,44351
2026-04-30 13:37:00,259.715,259.98,259.7081,259.7801,37991
2026-04-30 13:38:00,259.79,260.1236,259.7337,259.99,49820
2026-04-30 13:39:00,260.0,260.09,259.84,260.06,61560
2026-04-30 13:40:00,260.04,260.1,259.825,259.85,70808
2026-04-30 13:41:00,259.86,260.25,259.73,260.1649,61629
2026-04-30 13:42:00,260.165,260.165,259.9101,259.93,35771
2026-04-30 13:43:00,259.91,260.06,259.79,260.045,34017
2026-04-30 13:44:00,260.06,260.15,260.02,260.06,25091
2026-04-30 13:45:00,260.06,260.1099,259.83,259.88,43638
2026-04-30 13:46:00,259.86,259.99,259.84,259.86,40126
2026-04-30 13:47:00,259.8696,259.87,259.62,259.6845,56847
2026-04-30 13:48:00,259.69,260.26,259.56,260.08,138662
2026-04-30 13:49:00,260.13,260.2,259.91,259.99,74378
2026-04-30 13:50:00,260.0,260.17,259.83,259.91,55789
2026-04-30 13:51:00,259.91,259.93,259.71,259.8701,63306
2026-04-30 13:52:00,259.885,260.18,259.873,260.1799,54543
2026-04-30 13:53:00,260.1469,260.21,260.0,260.2,65990
2026-04-30 13:54:00,260.2,260.2095,260.03,260.065,56136
2026-04-30 13:55:00,260.05,260.1355,259.9295,259.97,65433
2026-04-30 13:56:00,259.955,260.12,259.9001,260.03,61752
2026-04-30 13:57:00,260.03,260.29,260.03,260.19,72377
2026-04-30 13:58:00,260.1801,260.27,260.02,260.225,72263
2026-04-30 13:59:00,260.225,260.36,260.225,260.2799,74278
2026-04-30 14:00:00,260.28,260.7598,260.2,260.7,128237
2026-04-30 14:01:00,260.71,260.905,260.44,260.845,145405
2026-04-30 14:02:00,260.83,261.09,260.72,260.95,112581
2026-04-30 14:03:00,260.95,261.05,260.745,260.9259,88693
2026-04-30 14:04:00,260.87,261.17,260.77,261.14,82268
2026-04-30 14:05:00,261.16,261.4,260.95,261.4,135144
2026-04-30 14:06:00,261.38,261.89,261.365,261.73,269652
2026-04-30 14:07:00,261.73,261.74,261.23,261.3817,94592
2026-04-30 14:08:00,261.35,261.4799,260.9706,261.4799,129410
2026-04-30 14:09:00,261.455,261.7499,261.4002,261.565,90449
2026-04-30 14:10:00,261.54,261.62,261.31,261.31,99893
2026-04-30 14:11:00,261.28,261.86,261.27,261.86,74603
2026-04-30 14:12:00,261.858,262.11,261.76,261.91,202353
2026-04-30 14:13:00,261.905,262.03,261.8,261.92,108419
2026-04-30 14:14:00,261.94,262.04,261.6201,261.685,82847
2026-04-30 14:15:00,261.695,261.8499,261.53,261.6699,82753
2026-04-30 14:16:00,261.645,262.1,261.61,261.93,150836
2026-04-30 14:17:00,261.89,262.11,261.75,262.015,78579
2026-04-30 14:18:00,262.03,262.365,262.01,262.31,86918
2026-04-30 14:19:00,262.305,262.4,261.84,261.85,107621
2026-04-30 14:20:00,261.82,262.37,261.8,262.26,130370
2026-04-30 14:21:00,262.255,262.2772,262.0,262.0401,64599
2026-04-30 14:22:00,262.0,262.21,261.95,262.14,72937
2026-04-30 14:23:00,262.12,262.24,262.0,262.05,63499
2026-04-30 14:24:00,262.06,262.09,261.6801,261.7,92531
2026-04-30 14:25:00,261.68,262.33,261.6177,262.32,107043
2026-04-30 14:26:00,262.3,262.305,261.85,262.18,127839
2026-04-30 14:27:00,262.155,262.29,262.0,262.29,113655
2026-04-30 14:28:00,262.2189,262.35,262.19,262.34,54414
2026-04-30 14:29:00,262.36,262.66,262.28,262.3999,165776
2026-04-30 14:30:00,262.36,262.9,262.3,262.7699,107042
2026-04-30 14:31:00,262.75,262.9042,262.62,262.87,100017
2026-04-30 14:32:00,262.86,263.05,262.56,263.01,180630
2026-04-30 14:33:00,263.03,263.05,262.7,262.99,105295
2026-04-30 14:34:00,262.9999,263.0899,262.89,263.03,88635
2026-04-30 14:35:00,263.06,263.25,263.03,263.06,101093
2026-04-30 14:36:00,263.055,263.205,263.0,263.115,87330
2026-04-30 14:37:00,263.11,263.5,262.95,263.39,113535
2026-04-30 14:38:00,263.3707,263.52,263.07,263.46,128217
2026-04-30 14:39:00,263.49,263.68,263.45,263.67,130538
2026-04-30 14:40:00,263.6299,263.8399,263.55,263.62,115243
2026-04-30 14:41:00,263.655,263.89,263.6,263.79,103030
2026-04-30 14:42:00,263.81,263.9,263.6306,263.88,112193
2026-04-30 14:43:00,263.8921,264.02,263.67,263.775,186164
2026-04-30 14:44:00,263.76,263.93,263.61,263.79,80904
2026-04-30 14:45:00,263.815,264.11,263.78,264.08,91941
2026-04-30 14:46:00,264.08,264.1296,263.65,263.794,158709
2026-04-30 14:47:00,263.8,263.88,263.61,263.795,135174
2026-04-30 14:48:00,263.8344,263.92,263.44,263.605,110430
2026-04-30 14:49:00,263.6199,263.7385,263.53,263.65,68753
2026-04-30 14:50:00,263.65,263.66,263.26,263.3,92863
2026-04-30 14:51:00,263.28,263.4899,263.14,263.45,97090
2026-04-30 14:52:00,263.43,263.5388,263.2001,263.325,65154
2026-04-30 14:53:00,263.3499,263.4,263.21,263.323,62000
2026-04-30 14:54:00,263.345,263.68,263.275,263.58,121680
2026-04-30 14:55:00,263.605,263.8,263.55,263.715,78926
2026-04-30 14:56:00,263.715,263.77,263.46,263.655,65479
2026-04-30 14:57:00,263.655,263.77,263.49,263.51,46489
2026-04-30 14:58:00,263.5,263.52,263.2121,263.425,119399
2026-04-30 14:59:00,263.44,263.52,263.18,263.5,88859
2026-04-30 15:00:00,263.5,263.81,263.48,263.73,80345
2026-04-30 15:01:00,263.72,264.0,263.7097,263.915,113194
2026-04-30 15:02:00,263.91,264.255,263.9,264.075,129766
2026-04-30 15:03:00,264.09,264.3,264.07,264.22,118625
2026-04-30 15:04:00,264.205,264.31,263.97,264.29,79827
2026-04-30 15:05:00,264.29,264.34,264.07,264.11,94352
2026-04-30 15:06:00,264.12,264.28,263.98,264.04,67931
2026-04-30 15:07:00,264.01,264.1748,263.93,264.08,84541
2026-04-30 15:08:00,264.0602,264.105,263.91,263.975,107344
2026-04-30 15:09:00,263.9861,264.1299,263.87,264.06,122741
2026-04-30 15:10:00,264.06,264.2,263.995,264.03,66309
2026-04-30 15:11:00,264.04,264.55,264.04,264.415,128349
2026-04-30 15:12:00,264.43,264.54,264.295,264.3206,184760
2026-04-30 15:13:00,264.315,264.74,264.21,264.64,135078
2026-04-30 15:14:00,264.6,264.67,264.4401,264.52,99387
2026-04-30 15:15:00,264.52,264.6,264.48,264.49,71722
2026-04-30 15:16:00,264.5,264.775,264.5,264.7,93228
2026-04-30 15:17:00,264.7,265.22,264.7,265.06,320556
2026-04-30 15:18:00,265.07,265.37,264.97,265.275,213120
2026-04-30 15:19:00,265.29,265.6,265.2703,265.4,155787
2026-04-30 15:20:00,265.4,265.485,265.215,265.37,129334
2026-04-30 15:21:00,265.3601,265.79,265.315,265.655,205701
2026-04-30 15:22:00,265.65,265.81,265.62,265.7,121268
2026-04-30 15:23:00,265.68,265.81,265.63,265.6501,170407
2026-04-30 15:24:00,265.65,265.83,265.64,265.73,87133
2026-04-30 15:25:00,265.73,265.76,265.27,265.435,135046
2026-04-30 15:26:00,265.45,265.85,265.45,265.805,84917
2026-04-30 15:27:00,265.805,265.85,265.66,265.755,108248
2026-04-30 15:28:00,265.758,266.01,265.74,265.88,233591
2026-04-30 15:29:00,265.875,266.0,265.59,265.6,158151
2026-04-30 15:30:00,265.59,265.98,265.57,265.98,123326
2026-04-30 15:31:00,265.99,266.255,265.92,265.97,284004
2026-04-30 15:32:00,265.97,266.18,265.83,266.04,126552
2026-04-30 15:33:00,266.03,266.2469,266.01,266.12,113375
2026-04-30 15:34:00,266.12,266.3,266.0101,266.24,124560
2026-04-30 15:35:00,266.24,266.34,265.6,265.6,189604
2026-04-30 15:36:00,265.6006,265.895,265.39,265.88,204126
2026-04-30 15:37:00,265.875,266.04,265.725,266.0,212666
2026-04-30 15:38:00,266.0,266.18,265.98,266.12,202280
2026-04-30 15:39:00,266.11,266.445,266.04,266.32,165706
2026-04-30 15:40:00,266.29,266.49,265.85,265.92,189357
2026-04-30 15:41:00,265.93,265.93,265.53,265.53,146498
2026-04-30 15:42:00,265.52,265.65,265.45,265.64,102560
2026-04-30 15:43:00,265.64,265.78,265.575,265.73,95236
2026-04-30 15:44:00,265.7101,266.05,265.65,266.01,175499
2026-04-30 15:45:00,265.99,266.25,265.9201,266.05,210003
2026-04-30 15:46:00,266.065,266.32,266.03,266.125,122916
2026-04-30 15:47:00,266.135,266.18,265.93,265.99,142151
2026-04-30 15:48:00,266.05,266.06,265.75,265.8201,100570
2026-04-30 15:49:00,265.835,265.98,265.77,265.78,99789
2026-04-30 15:50:00,265.79,265.97,265.16,265.27,235070
2026-04-30 15:51:00,265.27,265.31,265.07,265.16,174067
2026-04-30 15:52:00,265.12,265.33,265.01,265.135,171828
2026-04-30 15:53:00,265.14,265.34,265.14,265.2901,198215
2026-04-30 15:54:00,265.295,265.46,264.52,265.335,271583
2026-04-30 15:55:00,265.335,265.34,264.68,265.04,359873
2026-04-30 15:56:00,265.01,265.17,264.89,265.13,326382
2026-04-30 15:57:00,265.13,265.47,264.77,265.355,425551
2026-04-30 15:58:00,265.35,265.35,265.01,265.04,410386
2026-04-30 15:59:00,265.035,265.33,264.9383,265.03,1054497
2026-04-30 16:00:00,264.98,265.29,264.83,265.07,10262071
2026-04-30 16:01:00,265.17,265.2,264.83,264.83,2856
2026-04-30 16:02:00,264.89,265.0014,264.82,265.0014,11358
2026-04-30 16:03:00,265.06,265.14,265.06,265.14,1778
2026-04-30 16:04:00,265.06,265.06,264.52,264.52,4385
2026-04-30 16:05:00,264.57,264.75,264.52,264.6,3139
2026-04-30 16:06:00,264.6911,265.06,264.6,265.06,50394
2026-04-30 16:07:00,264.6,264.82,264.6,264.81,1513
2026-04-30 16:08:00,264.79,264.89,264.5465,264.7278,7973
2026-04-30 16:09:00,264.874,265.05,264.7001,264.91,4887
2026-04-30 16:10:00,264.81,265.0,264.7,264.7,1934
2026-04-30 16:11:00,264.739,264.739,264.739,264.739,300
2026-04-30 16:12:00,264.8,264.8486,264.8,264.81,737
2026-04-30 16:13:00,264.87,264.87,264.7,264.7,1570
2026-04-30 16:14:00,264.54,264.7,264.439,264.7,689
2026-04-30 16:15:00,264.7,264.92,264.472,264.472,7737
2026-04-30 16:16:00,264.79,264.79,264.53,264.56,900
2026-04-30 16:17:00,264.6,264.6,264.55,264.55,1247
2026-04-30 16:18:00,264.55,264.6,264.4938,264.5812,2013
2026-04-30 16:19:00,264.7,264.79,264.55,264.79,6958
2026-04-30 16:20:00,264.84,264.9675,264.75,264.75,2253
2026-04-30 16:21:00,264.55,265.06,264.55,265.06,1200
2026-04-30 16:22:00,264.89,264.96,264.84,264.84,4155
2026-04-30 16:23:00,264.66,264.75,264.61,264.75,1329
2026-04-30 16:24:00,264.6064,264.7,264.57,264.7,1022
2026-04-30 16:25:00,264.83,264.93,264.7093,264.7093,1320
2026-04-30 16:26:00,264.7,264.7335,264.7,264.7335,200
2026-04-30 16:27:00,264.76,264.76,264.7,264.7,7246
2026-04-30 16:28:00,264.85,264.92,264.7,264.92,3678
2026-04-30 16:30:00,264.69,264.74,264.66,264.74,1900
2026-04-30 16:31:00,264.7,264.7,264.7,264.7,700
2026-04-30 16:32:00,264.8,264.85,264.8,264.85,1831
2026-04-30 16:33:00,264.89,264.91,264.89,264.91,258
2026-04-30 16:34:00,264.863,264.863,264.8,264.8001,939
2026-04-30 16:35:00,264.841,264.94,264.81,264.8755,1155
2026-04-30 16:36:00,264.88,264.88,264.81,264.8191,1256
2026-04-30 16:37:00,264.81,264.8683,264.8,264.81,3085
2026-04-30 16:38:00,264.849,264.87,264.61,264.61,6819
2026-04-30 16:39:00,264.73,264.8,264.61,264.8,1857
2026-04-30 16:40:00,264.8,264.8753,264.71,264.71,13449
2026-04-30 16:41:00,264.9,264.9,264.69,264.78,1154
2026-04-30 16:42:00,264.7156,264.89,264.7156,264.89,1025
2026-04-30 16:43:00,264.71,264.83,264.71,264.83,577
2026-04-30 16:44:00,264.71,264.71,264.7,264.7011,816
2026-04-30 16:45:00,264.7,264.749,264.7,264.7017,1518
2026-04-30 16:46:00,264.7001,264.84,264.7,264.7,3733
2026-04-30 16:47:00,264.5708,264.67,264.55,264.55,1980
2026-04-30 16:48:00,264.57,264.86,264.57,264.75,4420
2026-04-30 16:49:00,264.7048,264.7179,264.7048,264.7179,828
2026-04-30 16:50:00,264.86,264.86,264.7508,264.77,981
2026-04-30 16:51:00,264.8,264.8105,264.68,264.8105,1022
2026-04-30 16:52:00,264.75,264.75,264.75,264.75,100
2026-04-30 16:53:00,264.6,264.74,264.6,264.71,452
2026-04-30 16:54:00,264.84,264.93,264.75,264.93,3819
2026-04-30 16:55:00,264.97,264.97,264.93,264.94,934
2026-04-30 16:56:00,264.8,264.8,264.6325,264.6325,804
2026-04-30 16:57:00,264.84,264.84,264.74,264.74,913
2026-04-30 16:58:00,264.89,265.0,264.89,264.98,5561
2026-04-30 16:59:00,264.89,264.89,264.88,264.89,800
2026-04-30 17:00:00,264.7467,264.92,264.7467,264.92,1127
2026-04-30 17:01:00,264.83,264.83,264.83,264.83,100
2026-04-30 17:03:00,264.9,264.9,264.8,264.8,2385
2026-04-30 17:04:00,264.7101,264.8009,264.7101,264.8009,239
2026-04-30 17:05:00,264.74,264.8,264.74,264.8,250
2026-04-30 17:07:00,264.7232,264.8756,264.7232,264.8756,1315
2026-04-30 17:08:00,264.73,264.81,264.73,264.736,2203
2026-04-30 17:09:00,264.73,264.89,264.7118,264.89,988
2026-04-30 17:10:00,264.81,264.81,264.81,264.81,856
2026-04-30 17:11:00,264.765,264.765,264.71,264.7243,300
2026-04-30 17:12:00,264.82,264.82,264.82,264.82,100
2026-04-30 17:13:00,264.81,264.81,264.76,264.76,1664
2026-04-30 17:14:00,264.7252,264.74,264.4,264.47,4932
2026-04-30 17:15:00,264.42,264.45,264.2355,264.2355,1800
2026-04-30 17:16:00,264.25,264.5,264.25,264.5,4154
2026-04-30 17:17:00,264.52,264.7275,264.52,264.6,900
2026-04-30 17:19:00,264.75,264.75,264.75,264.75,100
2026-04-30 17:20:00,264.57,264.57,264.5412,264.5412,622
2026-04-30 17:21:00,264.75,264.75,264.6,264.6,300
2026-04-30 17:22:00,264.61,264.61,264.12,264.12,11397
2026-04-30 17:23:00,264.5,264.5,264.13,264.31,1238
2026-04-30 17:24:00,264.1201,264.31,264.1201,264.31,273
2026-04-30 17:25:00,264.41,264.41,264.24,264.25,7868
2026-04-30 17:26:00,264.29,264.29,264.21,264.21,784
2026-04-30 17:27:00,264.2,264.2,264.2,264.2,1109
2026-04-30 17:28:00,264.16,264.4,264.12,264.12,801
2026-04-30 17:29:00,264.27,264.27,264.27,264.27,750
2026-04-30 17:30:00,264.27,264.27,264.17,264.17,528
2026-04-30 17:31:00,264.22,264.44,264.13,264.44,4613
2026-04-30 17:32:00,264.3,264.31,264.3,264.31,240
2026-04-30 17:33:00,264.12,264.374,264.12,264.35,845
2026-04-30 17:34:00,264.25,264.34,264.22,264.34,540
2026-04-30 17:35:00,264.35,264.35,264.33,264.33,850
2026-04-30 17:36:00,264.4,264.45,264.35,264.36,1112
2026-04-30 17:37:00,264.64,264.7,264.5,264.674,2274
2026-04-30 17:38:00,264.513,264.513,264.5,264.5,200
2026-04-30 17:39:00,264.55,264.55,264.45,264.45,1700
2026-04-30 17:40:00,264.4293,264.4293,264.35,264.35,500
2026-04-30 17:41:00,264.27,264.61,264.27,264.6,1765
2026-04-30 17:42:00,264.6001,264.6001,264.6001,264.6001,184
2026-04-30 17:43:00,264.59,264.59,264.59,264.59,159
2026-04-30 17:44:00,264.49,264.56,264.27,264.55,1924
2026-04-30 17:45:00,264.5,264.5,264.487,264.487,1200
2026-04-30 17:46:00,264.5,264.5,264.27,264.27,1300
2026-04-30 17:47:00,264.3,264.59,264.29,264.55,1841
2026-04-30 17:48:00,264.48,264.48,264.375,264.4527,624
2026-04-30 17:49:00,264.48,264.48,264.3869,264.48,500
2026-04-30 17:50:00,264.41,264.48,264.41,264.41,1306
2026-04-30 17:52:00,264.47,264.47,264.47,264.47,100
2026-04-30 17:54:00,264.27,264.47,264.27,264.47,200
2026-04-30 17:55:00,264.3474,264.48,264.3474,264.37,300
2026-04-30 17:56:00,264.4,264.4,264.37,264.37,285
2026-04-30 17:57:00,264.3997,264.4,264.3997,264.4,628
2026-04-30 17:59:00,264.3987,264.3987,264.3987,264.3987,200
2026-04-30 18:00:00,264.4,264.46,264.39,264.46,1338
2026-04-30 18:01:00,264.41,264.47,264.3337,264.47,1471
2026-04-30 18:02:00,264.38,264.38,264.36,264.36,805
2026-04-30 18:03:00,264.48,264.48,264.38,264.48,2472
2026-04-30 18:04:00,264.34,264.35,264.34,264.35,287
2026-04-30 18:06:00,264.4799,264.52,264.4799,264.48,913
2026-04-30 18:07:00,264.45,264.52,264.45,264.48,859
2026-04-30 18:08:00,264.4,264.52,264.4,264.45,3840
2026-04-30 18:10:00,264.62,264.7,264.61,264.613,810
2026-04-30 18:12:00,264.65,264.65,264.6,264.6,1394
2026-04-30 18:14:00,264.59,264.59,264.54,264.54,487
2026-04-30 18:15:00,264.6,264.6,264.41,264.41,1200
2026-04-30 18:17:00,264.49,264.5,264.49,264.5,890
2026-04-30 18:18:00,264.5588,264.5588,264.49,264.49,200
2026-04-30 18:19:00,264.4,264.4,264.38,264.38,510
2026-04-30 18:20:00,264.5,264.5,264.3695,264.3695,300
2026-04-30 18:23:00,264.4988,264.4988,264.4988,264.4988,180
2026-04-30 18:24:00,264.5,264.5,264.4358,264.4358,580
2026-04-30 18:25:00,264.5,264.5,264.5,264.5,1000
2026-04-30 18:26:00,264.39,264.39,264.37,264.37,200
2026-04-30 18:27:00,264.4235,264.4235,264.4235,264.4235,100
2026-04-30 18:28:00,264.4099,264.4099,264.4099,264.4099,150
2026-04-30 18:29:00,264.4935,264.5,264.4935,264.5,1115
2026-04-30 18:30:00,264.5,264.5,264.36,264.36,325
2026-04-30 18:32:00,264.4,264.51,264.4,264.5,1937
2026-04-30 18:33:00,264.54,264.6,264.54,264.59,646
2026-04-30 18:35:00,264.59,264.6,264.5,264.6,1851
2026-04-30 18:36:00,264.51,264.6,264.4,264.4,2314
2026-04-30 18:37:00,264.54,264.54,264.54,264.54,100
2026-04-30 18:38:00,264.6,264.6,264.6,264.6,100
2026-04-30 18:39:00,264.45,264.45,264.45,264.45,150
2026-04-30 18:41:00,264.5,264.6,264.4,264.4,932
2026-04-30 18:42:00,264.46,264.46,264.46,264.46,300
2026-04-30 18:43:00,264.4,264.4,264.4,264.4,268
2026-04-30 18:44:00,264.4,264.59,264.4,264.59,379
2026-04-30 18:47:00,264.4,264.4,264.4,264.4,150
2026-04-30 18:48:00,264.4,264.49,264.4,264.49,1476
2026-04-30 18:49:00,264.4,264.41,264.35,264.41,2348
2026-04-30 18:51:00,264.35,264.43,264.35,264.43,400
2026-04-30 18:52:00,264.41,264.42,264.41,264.42,900
2026-04-30 18:53:00,264.4,264.42,264.39,264.42,1042
2026-04-30 18:54:00,264.3517,264.3996,264.3517,264.3996,600
2026-04-30 18:55:00,264.35,264.35,264.3,264.3,3911
2026-04-30 18:58:00,264.15,264.15,263.06,263.32,13423
2026-04-30 18:59:00,263.21,264.0,263.21,264.0,570
2026-04-30 19:01:00,264.01,264.01,264.01,264.01,100
2026-04-30 19:02:00,264.19,264.19,264.19,264.19,100
2026-04-30 19:03:00,264.348,264.348,264.02,264.02,900
2026-04-30 19:04:00,264.1,264.1,264.1,264.1,100
2026-04-30 19:05:00,264.06,264.06,264.06,264.06,100
2026-04-30 19:06:00,264.0,264.08,264.0,264.08,250
2026-04-30 19:08:00,264.07,264.1,264.07,264.1,308
2026-04-30 19:09:00,264.11,264.11,264.11,264.11,100
2026-04-30 19:10:00,264.3045,264.3045,264.3045,264.3045,400
2026-04-30 19:11:00,264.0,264.0,264.0,264.0,200
2026-04-30 19:12:00,264.0325,264.0325,264.0325,264.0325,100
2026-04-30 19:13:00,264.04,264.04,264.0,264.0,784
2026-04-30 19:14:00,264.03,264.03,264.03,264.03,145
2026-04-30 19:15:00,264.0789,264.08,264.0789,264.08,352
2026-04-30 19:17:00,264.08,264.08,264.04,264.04,400
2026-04-30 19:18:00,264.27,264.33,264.27,264.28,1256
2026-04-30 19:19:00,264.1,264.21,264.1,264.12,425
2026-04-30 19:23:00,264.19,264.2,264.19,264.19,300
2026-04-30 19:24:00,264.26,264.26,264.26,264.26,198
2026-04-30 19:27:00,264.26,264.26,264.26,264.26,1000
2026-04-30 19:28:00,264.25,264.25,264.25,264.25,100
2026-04-30 19:29:00,264.25,264.25,264.24,264.24,1274
2026-04-30 19:32:00,264.04,264.04,264.04,264.04,884
2026-04-30 19:33:00,264.09,264.09,264.07,264.07,326
2026-04-30 19:34:00,264.07,264.27,264.07,264.27,4446
2026-04-30 19:35:00,264.21,264.32,264.21,264.3,4266
2026-04-30 19:36:00,264.31,264.35,264.31,264.34,700
2026-04-30 19:37:00,264.16,264.16,264.16,264.16,100
2026-04-30 19:38:00,264.25,264.35,264.25,264.35,600
2026-04-30 19:39:00,264.35,264.35,264.35,264.35,100
2026-04-30 19:41:00,264.3003,264.32,264.3003,264.32,950
2026-04-30 19:42:00,264.3,264.3001,264.3,264.3001,600
2026-04-30 19:43:00,264.26,264.29,264.26,264.29,1100
2026-04-30 19:44:00,264.2,264.2,264.2,264.2,1698
2026-04-30 19:45:00,264.07,264.07,264.07,264.07,291
2026-04-30 19:46:00,264.2479,264.2479,264.2479,264.2479,116
2026-04-30 19:47:00,264.0934,264.25,264.07,264.19,1282
2026-04-30 19:48:00,264.1,264.1,264.1,264.1,100
2026-04-30 19:49:00,264.28,264.28,264.28,264.28,400
2026-04-30 19:50:00,264.1304,264.25,264.1304,264.21,750
2026-04-30 19:51:00,264.25,264.26,264.2104,264.26,551
2026-04-30 19:53:00,264.132,264.2,264.132,264.2,600
2026-04-30 19:54:00,264.25,264.28,264.25,264.2799,1475
2026-04-30 19:55:00,264.28,264.28,264.25,264.25,750
2026-04-30 19:56:00,264.26,264.28,264.26,264.2799,1300
2026-04-30 19:57:00,264.25,264.25,264.2,264.2032,620
2026-04-30 19:58:00,264.2,264.2,264.1391,264.1391,611
2026-04-30 19:59:00,264.19,264.19,264.0,264.06,420
2026-05-01 04:00:00,264.5,265.0,264.4,264.95,7618
2026-05-01 04:01:00,264.55,265.08,264.47,264.55,5970
2026-05-01 04:02:00,264.5,264.94,264.4,264.4,498
2026-05-01 04:03:00,264.4,264.4,264.35,264.35,1266
2026-05-01 04:05:00,264.25,264.26,264.0,264.19,1187
2026-05-01 04:06:00,264.02,264.03,264.0,264.0,1822
2026-05-01 04:07:00,264.0,264.0,263.85,263.85,200
2026-05-01 04:08:00,263.84,264.05,263.84,264.05,1997
2026-05-01 04:09:00,263.97,264.0,263.97,264.0,650
2026-05-01 04:10:00,264.17,264.17,264.17,264.17,130
2026-05-01 04:12:00,264.13,264.17,264.13,264.17,220
2026-05-01 04:14:00,264.17,264.17,264.1,264.1,620
2026-05-01 04:16:00,264.04,264.04,264.04,264.04,122
2026-05-01 04:17:00,264.3,264.3,264.3,264.3,450
2026-05-01 04:18:00,264.31,264.31,264.2846,264.2846,202
2026-05-01 04:19:00,264.0,264.0,264.0,264.0,150
2026-05-01 04:22:00,264.15,264.15,264.15,264.15,125
2026-05-01 04:24:00,264.0,264.0,264.0,264.0,665
2026-05-01 04:26:00,264.0,264.0,264.0,264.0,200
2026-05-01 04:27:00,264.02,264.26,264.02,264.26,222
2026-05-01 04:31:00,264.0,264.0,264.0,264.0,100
2026-05-01 04:33:00,263.55,264.3,263.55,264.3,200
2026-05-01 04:40:00,263.85,263.85,263.85,263.85,100
2026-05-01 04:44:00,263.94,263.94,263.94,263.94,250
2026-05-01 04:46:00,263.8,263.8,263.8,263.8,145
2026-05-01 04:48:00,263.85,263.85,263.82,263.82,200
2026-05-01 04:49:00,263.82,263.82,263.82,263.82,185
2026-05-01 04:55:00,263.96,263.96,263.88,263.88,1244
2026-05-01 05:01:00,263.83,263.85,263.83,263.85,514
2026-05-01 05:07:00,263.95,263.95,263.95,263.95,200
2026-05-01 05:10:00,263.76,263.76,263.65,263.65,778
2026-05-01 05:11:00,263.55,263.55,263.08,263.5,1300
2026-05-01 05:16:00,263.5,263.5,263.5,263.5,495
2026-05-01 05:17:00,263.66,263.72,263.66,263.72,950
2026-05-01 05:20:00,263.8402,263.99,263.8402,263.95,803
2026-05-01 05:22:00,263.84,263.84,263.84,263.84,100
2026-05-01 05:24:00,263.3,263.3,263.3,263.3,428
2026-05-01 05:25:00,263.3,263.3,263.3,263.3,297
2026-05-01 05:28:00,263.85,263.85,263.85,263.85,200
2026-05-01 05:35:00,263.64,263.64,263.64,263.64,176
2026-05-01 05:36:00,263.62,263.62,263.62,263.62,149
2026-05-01 05:40:00,264.1,264.1,264.1,264.1,100
2026-05-01 05:42:00,263.62,263.62,263.62,263.62,149
2026-05-01 05:44:00,263.62,263.62,263.62,263.62,406
2026-05-01 05:45:00,263.62,263.62,263.62,263.62,416
2026-05-01 05:50:00,263.5,263.5,263.5,263.5,100
2026-05-01 05:55:00,263.55,263.55,263.55,263.55,1000
2026-05-01 05:58:00,263.58,263.6,263.58,263.6,360
2026-05-01 06:00:00,263.55,263.55,263.55,263.55,100
2026-05-01 06:01:00,263.55,263.55,263.5,263.5,205
2026-05-01 06:02:00,263.5,263.5,263.5,263.5,575
2026-05-01 06:04:00,263.48,263.48,263.48,263.48,110
2026-05-01 06:06:00,263.49,263.49,263.49,263.49,1497
2026-05-01 06:07:00,263.34,263.34,263.3,263.3,912
2026-05-01 06:08:00,263.2,263.2,263.13,263.19,941
2026-05-01 06:09:00,263.28,263.28,263.28,263.28,100
2026-05-01 06:13:00,263.24,263.24,263.24,263.24,122
2026-05-01 06:14:00,263.24,263.24,263.24,263.24,134
2026-05-01 06:15:00,263.2,263.2,263.2,263.2,149
2026-05-01 06:17:00,263.2,263.25,263.1,263.2,2522
2026-05-01 06:18:00,263.11,263.11,263.11,263.11,230
2026-05-01 06:19:00,263.6,263.6,263.3,263.3,1150
2026-05-01 06:20:00,263.6,263.6,263.6,263.6,500
2026-05-01 06:21:00,263.6,263.6,263.21,263.21,332
2026-05-01 06:23:00,263.33,263.33,263.33,263.33,207
2026-05-01 06:26:00,263.3,263.3,263.3,263.3,100
2026-05-01 06:29:00,263.37,263.37,263.37,263.37,140
2026-05-01 06:30:00,263.21,263.21,263.21,263.21,178
2026-05-01 06:31:00,263.21,263.45,263.21,263.45,723
2026-05-01 06:33:00,263.26,263.26,263.26,263.26,121
2026-05-01 06:34:00,263.2,263.2,263.1,263.1,1378
2026-05-01 06:35:00,263.05,263.05,263.0,263.0,1766
2026-05-01 06:36:00,262.9,262.9,262.9,262.9,400
2026-05-01 06:37:00,263.0,263.0,262.75,262.9803,995
2026-05-01 06:39:00,262.7,262.7,262.55,262.55,1086
2026-05-01 06:40:00,262.55,262.94,262.55,262.94,350
2026-05-01 06:43:00,262.64,262.64,262.64,262.64,143
2026-05-01 06:44:00,262.64,262.64,262.5,262.5,2760
2026-05-01 06:46:00,262.74,262.8,262.74,262.8,700
2026-05-01 06:47:00,262.87,263.4,262.86,263.19,1511
2026-05-01 06:48:00,262.98,262.98,262.98,262.98,139
2026-05-01 06:49:00,263.15,263.15,263.15,263.15,171
2026-05-01 06:50:00,263.0,263.0,263.0,263.0,537
2026-05-01 06:51:00,263.0,263.0,263.0,263.0,101
2026-05-01 06:56:00,263.2,263.2,263.2,263.2,700
2026-05-01 06:57:00,263.2,263.2,263.2,263.2,990
2026-05-01 07:00:00,263.19,263.5,263.145,263.145,10981
2026-05-01 07:01:00,263.15,263.4,263.09,263.33,1860
2026-05-01 07:02:00,263.3792,263.3792,263.351,263.351,498
2026-05-01 07:03:00,263.4,263.4,263.26,263.26,1163
2026-05-01 07:04:00,263.41,263.41,263.24,263.24,882
2026-05-01 07:05:00,263.2929,263.2929,263.18,263.18,300
2026-05-01 07:06:00,263.2,263.3,263.0992,263.0992,400
2026-05-01 07:07:00,263.1552,263.1552,263.14,263.14,471
2026-05-01 07:08:00,263.0,263.0,262.9,262.9,283
2026-05-01 07:09:00,262.81,263.2632,262.81,263.2632,2186
2026-05-01 07:10:00,263.0,263.232,262.9,262.945,2435
2026-05-01 07:11:00,262.95,263.1677,262.91,262.91,997
2026-05-01 07:12:00,263.0,263.0,262.9,262.9,700
2026-05-01 07:13:00,262.9881,262.9881,262.9604,262.9604,400
2026-05-01 07:14:00,262.96,262.96,262.96,262.96,120
2026-05-01 07:15:00,262.9075,262.9075,262.9,262.9,527
2026-05-01 07:16:00,263.0,263.0,263.0,263.0,1241
2026-05-01 07:17:00,263.0855,263.3,262.97,263.0,1500
2026-05-01 07:18:00,263.07,263.07,263.07,263.07,156
2026-05-01 07:19:00,263.0999,263.0999,262.9,262.91,1756
2026-05-01 07:20:00,263.0996,263.0996,262.9,263.0,725
2026-05-01 07:22:00,263.1,263.1,262.9178,262.9178,250
2026-05-01 07:23:00,262.95,262.9506,262.9499,262.9506,514
2026-05-01 07:25:00,263.0096,263.2,263.0001,263.09,5752
2026-05-01 07:26:00,263.09,263.09,263.09,263.09,188
2026-05-01 07:27:00,263.35,263.4,263.25,263.25,1734
2026-05-01 07:28:00,263.38,263.38,263.19,263.19,2002
2026-05-01 07:29:00,263.1,263.1,263.1,263.1,500
2026-05-01 07:30:00,263.0149,263.0149,263.0,263.0,200
2026-05-01 07:31:00,263.0,263.0,262.86,262.86,2391
2026-05-01 07:32:00,263.2959,263.2959,262.9,262.9,700
2026-05-01 07:33:00,262.9628,262.9628,262.8,262.8,200
2026-05-01 07:34:00,263.0,263.0,263.0,263.0,250
2026-05-01 07:35:00,262.85,263.19,262.85,262.99,1514
2026-05-01 07:36:00,263.04,263.04,262.88,262.88,200
2026-05-01 07:37:00,263.0,263.1088,262.6,262.6,4672
2026-05-01 07:38:00,262.5,262.5,262.32,262.36,720
2026-05-01 07:39:00,262.46,262.46,262.32,262.32,1494
2026-05-01 07:40:00,262.44,262.46,262.35,262.35,12141
2026-05-01 07:41:00,262.15,262.5393,262.15,262.2286,3029
2026-05-01 07:42:00,262.2,262.2,261.61,261.88,14708
2026-05-01 07:43:00,262.22,262.25,262.16,262.16,1893
2026-05-01 07:44:00,262.15,262.15,262.15,262.15,300
2026-05-01 07:45:00,262.04,262.265,262.04,262.2001,3003
2026-05-01 07:46:00,262.2623,262.31,262.0208,262.3,2560
2026-05-01 07:47:00,262.27,262.39,262.27,262.39,226
2026-05-01 07:48:00,262.4,262.71,262.39,262.71,3739
2026-05-01 07:49:00,262.63,262.8,262.63,262.77,7295
2026-05-01 07:50:00,262.7,262.75,262.7,262.7,1285
2026-05-01 07:51:00,262.6,262.78,262.6,262.78,502
2026-05-01 07:52:00,262.7,262.7105,262.68,262.7105,2722
2026-05-01 07:53:00,262.65,262.7,262.61,262.65,900
2026-05-01 07:54:00,262.6001,262.6001,262.6,262.6,1733
2026-05-01 07:55:00,262.65,262.65,262.65,262.65,200
2026-05-01 07:56:00,262.5,262.51,262.5,262.5,422
2026-05-01 07:57:00,262.6753,262.7,262.5347,262.5347,500
2026-05-01 07:58:00,262.6335,262.6335,262.51,262.53,633
2026-05-01 08:00:00,262.69,262.79,262.6,262.79,1714
2026-05-01 08:01:00,262.88,262.88,262.774,262.774,1566
2026-05-01 08:02:00,262.8,262.8,262.78,262.78,252
2026-05-01 08:03:00,262.7989,262.7989,262.7989,262.7989,330
2026-05-01 08:04:00,262.79,262.87,262.79,262.82,4176
2026-05-01 08:05:00,262.8537,262.87,262.84,262.87,765
2026-05-01 08:06:00,262.9,262.95,262.84,262.95,3290
2026-05-01 08:07:00,262.9792,262.98,262.7,262.9261,2001
2026-05-01 08:08:00,262.9,262.9,262.7457,262.7457,357
2026-05-01 08:09:00,262.65,262.6685,262.6,262.65,1714
2026-05-01 08:10:00,262.55,262.75,262.55,262.75,1829
2026-05-01 08:11:00,262.6019,262.74,262.6019,262.73,760
2026-05-01 08:12:00,262.7,262.9,262.62,262.7,2213
2026-05-01 08:13:00,262.9653,263.0,262.72,262.72,3428
2026-05-01 08:14:00,263.0,263.39,262.99,263.3,2705
2026-05-01 08:15:00,263.25,263.35,263.25,263.35,239
2026-05-01 08:16:00,263.34,263.36,263.2,263.2,5223
2026-05-01 08:17:00,263.26,263.35,263.16,263.3,2648
2026-05-01 08:18:00,263.2885,263.35,263.2575,263.35,2129
2026-05-01 08:19:00,263.35,263.4,263.35,263.3825,1228
2026-05-01 08:20:00,263.35,263.4,263.3,263.3,5543
2026-05-01 08:21:00,263.21,263.21,263.2,263.2,200
2026-05-01 08:22:00,263.4,263.4,263.33,263.34,2549
2026-05-01 08:23:00,263.39,263.4,263.36,263.4,2677
2026-05-01 08:24:00,263.3,263.4,263.3,263.38,3365
2026-05-01 08:25:00,263.4,263.4,263.4,263.4,4036
2026-05-01 08:26:00,263.38,263.3924,263.3685,263.3924,753
2026-05-01 08:27:00,263.31,263.35,263.3,263.35,966
2026-05-01 08:29:00,263.27,263.27,263.27,263.27,100
2026-05-01 08:30:00,263.15,263.3,263.07,263.07,2062
2026-05-01 08:31:00,263.1505,263.2025,263.15,263.15,840
2026-05-01 08:32:00,263.1,263.24,263.0,263.1455,1006
2026-05-01 08:33:00,263.25,263.25,263.07,263.25,5137
2026-05-01 08:34:00,263.15,263.25,263.15,263.16,899
2026-05-01 08:35:00,263.27,263.3,263.27,263.3,350
2026-05-01 08:36:00,263.27,263.27,263.21,263.2638,540
2026-05-01 08:37:00,263.27,263.27,263.27,263.27,246
2026-05-01 08:38:00,263.27,263.3,263.27,263.3,890
2026-05-01 08:39:00,263.21,263.21,263.21,263.21,121
2026-05-01 08:40:00,263.2545,263.2545,263.2545,263.2545,300
2026-05-01 08:41:00,263.15,263.15,263.05,263.1483,1986
2026-05-01 08:42:00,263.0,263.0088,262.85,263.0088,1923
2026-05-01 08:43:00,263.0001,263.0001,262.86,262.86,1293
2026-05-01 08:44:00,262.86,262.92,262.86,262.86,731
2026-05-01 08:45:00,262.955,263.1,262.955,263.1,300
2026-05-01 08:46:00,262.99,262.99,262.8,262.8,1702
2026-05-01 08:47:00,262.7,262.83,262.7,262.8025,1072
2026-05-01 08:48:00,262.76,262.76,262.76,262.76,150
2026-05-01 08:49:00,262.8595,262.8595,262.8,262.8,466
2026-05-01 08:50:00,262.88,262.9,262.88,262.88,1419
2026-05-01 08:51:00,262.86,262.86,262.86,262.86,457
2026-05-01 08:52:00,262.83,262.9,262.83,262.8816,863
2026-05-01 08:53:00,262.7601,262.8842,262.7601,262.77,778
2026-05-01 08:54:00,262.9,262.9,262.8,262.8,300
2026-05-01 08:55:00,262.86,262.87,262.8,262.85,1463
2026-05-01 08:56:00,262.8,262.8,262.62,262.62,1115
2026-05-01 08:57:00,262.6214,262.68,262.6214,262.68,500
2026-05-01 08:58:00,262.675,262.7997,262.62,262.6661,3938
2026-05-01 08:59:00,262.66,262.7099,262.66,262.6787,1334
2026-05-01 09:00:00,262.63,262.67,262.5,262.56,3773
2026-05-01 09:01:00,262.58,262.5903,262.58,262.5903,522
2026-05-01 09:02:00,262.6,262.6,262.6,262.6,370
2026-05-01 09:03:00,262.56,262.6982,262.56,262.6982,288
2026-05-01 09:04:00,262.6792,262.6975,262.5544,262.66,1720
2026-05-01 09:05:00,262.635,262.89,262.635,262.89,1400
2026-05-01 09:06:00,262.9,263.1,262.889,263.1,5381
2026-05-01 09:07:00,263.29,263.37,262.9,263.37,1885
2026-05-01 09:08:00,263.29,263.46,263.29,263.37,3108
2026-05-01 09:09:00,263.3943,263.3943,263.0,263.0,1470
2026-05-01 09:10:00,263.4,263.4,263.39,263.39,348
2026-05-01 09:11:00,263.3,263.4,263.1164,263.4,1861
2026-05-01 09:12:00,263.3025,263.4,263.1992,263.1992,1650
2026-05-01 09:13:00,263.2,263.2,263.14,263.1401,432
2026-05-01 09:14:00,263.15,263.2,263.15,263.15,961
2026-05-01 09:15:00,263.044,263.16,263.0,263.15,1878
2026-05-01 09:16:00,263.01,263.1399,263.01,263.11,1734
2026-05-01 09:17:00,263.16,263.3,263.1,263.3,2701
2026-05-01 09:18:00,263.39,263.5,263.39,263.4997,1915
2026-05-01 09:19:00,263.4626,263.467,263.4185,263.45,1022
2026-05-01 09:20:00,263.45,263.88,263.36,263.88,6038
2026-05-01 09:21:00,263.8,263.84,263.69,263.69,2615
2026-05-01 09:22:00,263.6109,263.65,263.2507,263.4846,3069
2026-05-01 09:23:00,263.45,263.45,263.2821,263.2821,354
2026-05-01 09:24:00,263.49,263.49,263.45,263.45,200
2026-05-01 09:25:00,263.4,263.55,263.4,263.55,2248
2026-05-01 09:26:00,263.65,264.0349,263.59,264.013,11565
2026-05-01 09:27:00,264.16,264.64,264.0,264.64,17949
2026-05-01 09:28:00,264.8,265.45,264.48,265.3,23160
2026-05-01 09:29:00,265.29,265.64,265.14,265.56,30733
2026-05-01 09:30:00,265.52,265.94,263.12,263.7,810299
2026-05-01 09:31:00,263.71,264.14,263.07,263.31,160360
2026-05-01 09:32:00,263.31,263.4799,262.74,263.23,221817
2026-05-01 09:33:00,263.24,264.22,263.185,264.0432,169906
2026-05-01 09:34:00,264.1399,265.54,264.1399,265.3675,191442
2026-05-01 09:35:00,265.365,265.74,265.08,265.34,140061
2026-05-01 09:36:00,265.4,265.8785,265.08,265.8785,152431
2026-05-01 09:37:00,265.855,265.93,265.18,265.235,140561
2026-05-01 09:38:00,265.235,265.2542,264.365,264.7,85788
2026-05-01 09:39:00,264.63,264.93,264.1401,264.59,124237
2026-05-01 09:40:00,264.62,265.3294,264.195,264.45,119787
2026-05-01 09:41:00,264.4626,264.4626,263.81,264.305,153073
2026-05-01 09:42:00,264.305,264.36,263.95,264.27,82916
2026-05-01 09:43:00,264.235,264.235,263.17,263.41,117082
2026-05-01 09:44:00,263.4001,264.23,263.4001,264.18,87028
2026-05-01 09:45:00,264.22,264.85,264.05,264.735,101653
2026-05-01 09:46:00,264.73,264.8811,264.41,264.565,79988
2026-05-01 09:47:00,264.535,264.84,264.18,264.255,108101
2026-05-01 09:48:00,264.265,264.85,264.265,264.74,66844
2026-05-01 09:49:00,264.78,265.63,264.78,265.63,185404
2026-05-01 09:50:00,265.62,266.5,265.54,266.305,325354
2026-05-01 09:51:00,266.29,267.67,266.135,267.39,272084
2026-05-01 09:52:00,267.415,267.7,267.2,267.29,173870
2026-05-01 09:53:00,267.305,267.43,266.95,267.06,138875
2026-05-01 09:54:00,267.05,267.61,266.95,267.505,114858
2026-05-01 09:55:00,267.53,268.55,267.475,268.175,225826
2026-05-01 09:56:00,268.188,268.64,267.71,267.99,139088
2026-05-01 09:57:00,267.965,268.59,267.94,268.57,135590
2026-05-01 09:58:00,268.565,268.77,268.29,268.4,194172
2026-05-01 09:59:00,268.415,268.95,268.28,268.8801,173352
2026-05-01 10:00:00,268.92,269.73,268.69,269.7259,243953
2026-05-01 10:01:00,269.74,270.5,269.6,270.14,523504
2026-05-01 10:02:00,270.17,270.4,269.48,270.15,219919
2026-05-01 10:03:00,270.18,270.9,269.945,270.84,320670
2026-05-01 10:04:00,270.8599,271.18,270.3,270.74,276179
2026-05-01 10:05:00,270.77,271.27,270.605,271.0,263785
2026-05-01 10:06:00,271.1,271.61,271.08,271.53,378931
2026-05-01 10:07:00,271.55,272.05,271.2941,271.51,366545
2026-05-01 10:08:00,271.475,271.52,270.29,270.81,248671
2026-05-01 10:09:00,270.875,271.95,270.82,271.76,259907
2026-05-01 10:10:00,271.7599,272.58,271.6945,272.51,386484
2026-05-01 10:11:00,272.54,273.25,272.45,272.755,387337
2026-05-01 10:12:00,272.745,273.315,272.56,273.08,245292
2026-05-01 10:13:00,273.07,273.17,272.7,273.1,176248
2026-05-01 10:14:00,273.1375,273.3,272.62,272.715,198037
2026-05-01 10:15:00,272.73,273.04,272.27,272.3809,192103
2026-05-01 10:16:00,272.38,272.73,272.06,272.22,168201
2026-05-01 10:17:00,272.22,272.8,271.925,271.935,141961
2026-05-01 10:18:00,271.94,271.9737,270.885,270.94,213905
2026-05-01 10:19:00,270.97,271.85,270.815,271.835,116092
2026-05-01 10:20:00,271.835,272.79,271.8,272.6191,131833
2026-05-01 10:21:00,272.615,272.92,272.3601,272.77,173979
2026-05-01 10:22:00,272.76,273.0,272.4,272.575,141055
2026-05-01 10:23:00,272.575,272.82,272.22,272.38,121091
2026-05-01 10:24:00,272.44,273.02,272.36,272.4,115291
2026-05-01 10:25:00,272.36,272.3771,271.9301,271.9301,97184
2026-05-01 10:26:00,271.97,272.13,271.85,271.89,82347
2026-05-01 10:27:00,271.91,272.0,271.63,271.79,109367
2026-05-01 10:28:00,271.75,271.82,271.2721,271.58,78583
2026-05-01 10:29:00,271.55,271.73,271.37,271.4,147715
2026-05-01 10:30:00,271.4,271.54,270.94,270.995,100635
2026-05-01 10:31:00,270.9651,271.14,270.81,270.86,110569
2026-05-01 10:32:00,270.88,271.13,270.75,270.935,123948
2026-05-01 10:33:00,270.945,271.28,270.9,271.195,92776
2026-05-01 10:34:00,271.19,271.19,270.4,270.6299,118303
2026-05-01 10:35:00,270.62,270.655,270.41,270.4165,75263
2026-05-01 10:36:00,270.42,270.54,270.12,270.2201,97691
2026-05-01 10:37:00,270.23,270.71,270.19,270.3,99232
2026-05-01 10:38:00,270.3,270.6099,270.12,270.24,165218
2026-05-01 10:39:00,270.25,270.63,270.19,270.55,120456
2026-05-01 10:40:00,270.525,270.79,270.34,270.44,110267
2026-05-01 10:41:00,270.46,270.52,270.16,270.16,79143
2026-05-01 10:42:00,270.21,270.26,269.89,270.135,89305
2026-05-01 10:43:00,270.11,270.84,270.1,270.83,129443
2026-05-01 10:44:00,270.88,271.1,270.535,270.5701,139646
2026-05-01 10:45:00,270.585,270.83,270.4811,270.82,48416
2026-05-01 10:46:00,270.84,270.97,270.57,270.625,57067
2026-05-01 10:47:00,270.64,271.06,270.625,270.7304,104242
2026-05-01 10:48:00,270.76,270.97,270.48,270.48,84382
2026-05-01 10:49:00,270.445,270.6141,270.32,270.34,49134
2026-05-01 10:50:00,270.3699,270.3699,269.97,269.995,45385
2026-05-01 10:51:00,269.97,270.13,269.84,270.095,64483
2026-05-01 10:52:00,270.095,270.17,269.6318,269.67,56079
2026-05-01 10:53:00,269.66,269.73,269.4,269.51,96995
2026-05-01 10:54:00,269.51,269.975,269.51,269.95,59963
2026-05-01 10:55:00,269.91,270.15,269.89,270.0539,83488
2026-05-01 10:56:00,270.0503,270.14,269.89,269.9409,58540
2026-05-01 10:57:00,269.98,270.07,269.74,269.865,35754
2026-05-01 10:58:00,269.865,269.92,269.72,269.8566,46718
2026-05-01 10:59:00,269.8566,270.0499,269.5801,269.595,52556
2026-05-01 11:00:00,269.595,269.74,269.23,269.55,154010
2026-05-01 11:01:00,269.52,269.52,268.88,268.95,78017
2026-05-01 11:02:00,268.975,268.99,268.65,268.7219,86662
2026-05-01 11:03:00,268.74,268.9,268.71,268.79,50134
2026-05-01 11:04:00,268.78,268.95,268.57,268.825,59894
2026-05-01 11:05:00,268.825,268.825,268.55,268.72,33723
2026-05-01 11:06:00,268.72,268.8,268.45,268.63,46038
2026-05-01 11:07:00,268.63,268.64,268.37,268.53,63813
2026-05-01 11:08:00,268.52,268.65,268.34,268.595,46832
2026-05-01 11:09:00,268.62,268.8499,268.42,268.825,48055
2026-05-01 11:10:00,268.78,268.85,268.45,268.5,46645
2026-05-01 11:11:00,268.5,268.9,268.48,268.89,55472
2026-05-01 11:12:00,268.8923,268.98,268.61,268.87,51537
2026-05-01 11:13:00,268.8549,268.865,268.58,268.755,39826
2026-05-01 11:14:00,268.75,268.77,268.51,268.605,46944
2026-05-01 11:15:00,268.61,268.8999,268.54,268.63,57076
2026-05-01 11:16:00,268.615,268.83,268.54,268.62,39786
2026-05-01 11:17:00,268.6,268.81,268.575,268.6203,46921
2026-05-01 11:18:00,268.63,268.63,268.37,268.445,46404
2026-05-01 11:19:00,268.46,268.63,268.4475,268.52,29365
2026-05-01 11:20:00,268.525,269.0,268.525,268.94,132255
2026-05-01 11:21:00,268.94,269.13,268.855,269.1,49603
2026-05-01 11:22:00,269.0985,269.3199,269.08,269.16,72610
2026-05-01 11:23:00,269.17,269.38,269.1,269.32,55781
2026-05-01 11:24:00,269.33,269.69,269.32,269.59,68205
2026-05-01 11:25:00,269.62,269.7,269.5,269.61,65703
2026-05-01 11:26:00,269.615,269.67,269.45,269.485,55867
2026-05-01 11:27:00,269.485,269.6499,269.38,269.51,42292
2026-05-01 11:28:00,269.47,269.47,269.17,269.36,59010
2026-05-01 11:29:00,269.41,269.515,269.33,269.4608,52047
2026-05-01 11:30:00,269.5,269.69,269.45,269.52,63076
2026-05-01 11:31:00,269.5423,269.75,269.525,269.645,41951
2026-05-01 11:32:00,269.66,270.0,269.5,269.935,83234
2026-05-01 11:33:00,269.96,269.97,269.6415,269.735,60589
2026-05-01 11:34:00,269.735,269.82,269.69,269.8,51646
2026-05-01 11:35:00,269.795,269.82,269.59,269.82,57120
2026-05-01 11:36:00,269.82,269.925,269.74,269.925,36777
2026-05-01 11:37:00,269.925,270.57,269.925,270.455,152048
2026-05-01 11:38:00,270.43,270.59,270.37,270.43,77910
2026-05-01 11:39:00,270.4,270.66,270.29,270.43,52763
2026-05-01 11:40:00,270.385,270.4399,270.11,270.337,36174
2026-05-01 11:41:00,270.3866,270.4,270.08,270.11,55615
2026-05-01 11:42:00,270.12,270.44,270.12,270.34,38589
2026-05-01 11:43:00,270.34,270.3899,270.23,270.31,32457
2026-05-01 11:44:00,270.33,270.36,270.129,270.23,60465
2026-05-01 11:45:00,270.24,270.56,270.235,270.525,51603
2026-05-01 11:46:00,270.535,270.55,270.33,270.37,49519
2026-05-01 11:47:00,270.365,270.68,270.33,270.67,45037
2026-05-01 11:48:00,270.67,270.7399,270.5908,270.66,27612
2026-05-01 11:49:00,270.645,270.69,270.4001,270.56,52084
2026-05-01 11:50:00,270.56,270.795,269.96,270.34,208365
2026-05-01 11:51:00,270.29,270.37,270.0,270.155,90556
2026-05-01 11:52:00,270.14,270.335,269.95,270.243,57020
2026-05-01 11:53:00,270.27,270.27,269.95,270.05,64628
2026-05-01 11:54:00,270.085,270.25,269.98,270.2,74032
2026-05-01 11:55:00,270.21,270.6771,270.21,270.55,45318
2026-05-01 11:56:00,270.55,270.615,270.47,270.52,32083
2026-05-01 11:57:00,270.5,270.56,270.1,270.1,32213
2026-05-01 11:58:00,270.1051,270.23,270.0,270.06,50192
2026-05-01 11:59:00,270.07,270.21,270.06,270.13,38904
2026-05-01 12:00:00,270.135,270.2099,269.9805,270.09,34468
2026-05-01 12:01:00,270.125,270.22,270.06,270.15,24595
2026-05-01 12:02:00,270.12,270.15,270.01,270.03,30536
2026-05-01 12:03:00,270.0101,270.07,269.92,269.965,62214
2026-05-01 12:04:00,269.95,269.985,269.81,269.9,85143
2026-05-01 12:05:00,269.94,269.965,269.68,269.69,38089
2026-05-01 12:06:00,269.695,269.73,269.55,269.58,44938
2026-05-01 12:07:00,269.589,269.7094,269.53,269.6,44997
2026-05-01 12:08:00,269.59,269.64,269.36,269.385,49645
2026-05-01 12:09:00,269.385,269.48,269.2602,269.3,99623
2026-05-01 12:10:00,269.285,269.32,269.15,269.165,26015
2026-05-01 12:11:00,269.165,269.43,269.165,269.3,38370
2026-05-01 12:12:00,269.355,269.65,269.35,269.62,28186
2026-05-01 12:13:00,269.6,269.74,269.5801,269.68,63087
2026-05-01 12:14:00,269.66,269.74,269.411,269.411,57598
2026-05-01 12:15:00,269.41,269.545,269.38,269.38,46018
2026-05-01 12:16:00,269.4,269.5999,269.3891,269.54,49101
2026-05-01 12:17:00,269.525,269.67,269.48,269.59,37812
2026-05-01 12:18:00,269.6,269.62,269.37,269.41,51446
2026-05-01 12:19:00,269.4,269.665,269.4,269.515,28807
2026-05-01 12:20:00,269.515,269.69,269.46,269.64,31363
2026-05-01 12:21:00,269.63,269.7785,269.37,269.65,56234
2026-05-01 12:22:00,269.655,269.67,269.431,269.64,26764
2026-05-01 12:23:00,269.64,269.69,269.08,269.26,75999
2026-05-01 12:24:00,269.25,269.41,269.07,269.08,58400
2026-05-01 12:25:00,269.08,269.13,268.75,268.935,64770
2026-05-01 12:26:00,268.945,269.2299,268.91,269.02,48364
2026-05-01 12:27:00,269.025,269.24,268.99,269.09,44906
2026-05-01 12:28:00,269.085,269.12,268.84,268.9601,85497
2026-05-01 12:29:00,268.96,269.09,268.915,269.0,27393
2026-05-01 12:30:00,268.99,269.0,268.86,268.95,34048
2026-05-01 12:31:00,268.95,269.05,268.92,269.04,42639
2026-05-01 12:32:00,269.035,269.05,268.82,268.89,70386
2026-05-01 12:33:00,268.89,268.91,268.32,268.42,93367
2026-05-01 12:34:00,268.435,268.56,268.37,268.385,42830
2026-05-01 12:35:00,268.37,268.45,268.262,268.27,55738
2026-05-01 12:36:00,268.27,268.3899,268.212,268.245,30846
2026-05-01 12:37:00,268.245,268.48,268.2201,268.25,35936
2026-05-01 12:38:00,268.2665,268.45,268.2665,268.4,42736
2026-05-01 12:39:00,268.405,268.78,268.405,268.735,36194
2026-05-01 12:40:00,268.72,268.87,268.63,268.63,41158
2026-05-01 12:41:00,268.65,268.66,268.38,268.51,31053
2026-05-01 12:42:00,268.515,268.565,268.24,268.24,33608
2026-05-01 12:43:00,268.26,268.47,268.24,268.47,39828
2026-05-01 12:44:00,268.475,268.52,268.32,268.46,29242
2026-05-01 12:45:00,268.46,268.84,268.44,268.84,41632
2026-05-01 12:46:00,268.84,268.92,268.5,268.57,45523
2026-05-01 12:47:00,268.55,268.55,268.365,268.5001,21560
2026-05-01 12:48:00,268.4943,268.52,268.3605,268.42,34359
2026-05-01 12:49:00,268.425,268.435,268.345,268.36,16978
2026-05-01 12:50:00,268.35,268.4101,268.19,268.4101,40259
2026-05-01 12:51:00,268.4001,268.44,268.12,268.175,55111
2026-05-01 12:52:00,268.137,268.36,268.137,268.256,31602
2026-05-01 12:53:00,268.26,268.545,268.26,268.51,45647
2026-05-01 12:54:00,268.52,268.7,268.5,268.57,40187
2026-05-01 12:55:00,268.58,268.69,268.5001,268.64,37582
2026-05-01 12:56:00,268.62,268.81,268.62,268.64,30328
2026-05-01 12:57:00,268.63,268.645,268.55,268.55,23634
2026-05-01 12:58:00,268.58,268.7899,268.5001,268.76,40688
2026-05-01 12:59:00,268.73,268.74,268.35,268.4,42484
2026-05-01 13:00:00,268.4171,268.54,268.37,268.5,22698
2026-05-01 13:01:00,268.505,268.6199,268.45,268.54,27167
2026-05-01 13:02:00,268.535,268.64,268.34,268.63,32409
2026-05-01 13:03:00,268.58,268.61,268.452,268.51,21152
2026-05-01 13:04:00,268.49,268.565,268.43,268.47,20825
2026-05-01 13:05:00,268.45,268.515,268.36,268.44,33706
2026-05-01 13:06:00,268.46,268.69,268.44,268.57,38664
2026-05-01 13:07:00,268.54,268.57,268.47,268.5,29711
2026-05-01 13:08:00,268.505,268.565,268.38,268.38,24463
2026-05-01 13:09:00,268.37,268.45,268.2301,268.33,37516
2026-05-01 13:10:00,268.315,268.6397,268.3125,268.51,34007
2026-05-01 13:11:00,268.53,268.5699,268.3,268.4,45153
2026-05-01 13:12:00,268.405,268.45,268.37,268.38,24937
2026-05-01 13:13:00,268.39,268.39,268.22,268.33,30729
2026-05-01 13:14:00,268.32,268.54,268.275,268.52,45370
2026-05-01 13:15:00,268.515,268.77,268.515,268.67,27761
2026-05-01 13:16:00,268.67,268.76,268.54,268.7,23892
2026-05-01 13:17:00,268.71,268.71,268.52,268.555,22601
2026-05-01 13:18:00,268.57,268.74,268.57,268.74,28919
2026-05-01 13:19:00,268.75,268.87,268.685,268.84,33362
2026-05-01 13:20:00,268.84,269.05,268.8318,268.975,48514
2026-05-01 13:21:00,268.96,269.45,268.945,269.45,95140
2026-05-01 13:22:00,269.45,269.65,269.42,269.515,69996
2026-05-01 13:23:00,269.5001,269.5199,269.39,269.39,34522
2026-05-01 13:24:00,269.4001,269.4655,269.23,269.35,37584
2026-05-01 13:25:00,269.34,269.5,269.34,269.45,27619
2026-05-01 13:26:00,269.44,269.81,269.415,269.63,48847
2026-05-01 13:27:00,269.64,269.66,269.5,269.525,19524
2026-05-01 13:28:00,269.54,269.61,269.43,269.465,53239
2026-05-01 13:29:00,269.47,269.54,269.34,269.385,30730
2026-05-01 13:30:00,269.37,269.53,269.36,269.51,21868
2026-05-01 13:31:00,269.495,269.64,269.45,269.5157,42825
2026-05-01 13:32:00,269.54,269.54,269.29,269.31,39598
2026-05-01 13:33:00,269.295,269.3799,269.125,269.1803,46689
2026-05-01 13:34:00,269.205,269.25,269.13,269.14,27510
2026-05-01 13:35:00,269.14,269.18,269.05,269.15,22065
2026-05-01 13:36:00,269.14,269.19,268.92,269.04,27165
2026-05-01 13:37:00,269.0318,269.11,268.95,269.1,22688
2026-05-01 13:38:00,269.0836,269.14,269.0101,269.045,26279
2026-05-01 13:39:00,269.0,269.11,268.98,269.05,25369
2026-05-01 13:40:00,269.05,269.15,269.0,269.09,22793
2026-05-01 13:41:00,269.06,269.3,269.0201,269.15,44114
2026-05-01 13:42:00,269.14,269.16,269.06,269.11,19797
2026-05-01 13:43:00,269.13,269.2,269.12,269.18,16778
2026-05-01 13:44:00,269.17,269.17,268.85,268.91,46825
2026-05-01 13:45:00,268.92,269.0,268.84,268.99,20111
2026-05-01 13:46:00,268.99,269.2,268.93,269.18,31983
2026-05-01 13:47:00,269.17,269.24,269.01,269.01,26206
2026-05-01 13:48:00,269.01,269.02,268.9,269.02,22941
2026-05-01 13:49:00,269.0225,269.13,269.0001,269.1,22020
2026-05-01 13:50:00,269.11,269.16,269.0,269.0424,24715
2026-05-01 13:51:00,269.05,269.06,268.87,268.93,39287
2026-05-01 13:52:00,268.95,269.02,268.92,269.02,32406
2026-05-01 13:53:00,269.05,269.38,269.05,269.29,44406
2026-05-01 13:54:00,269.29,269.39,269.28,269.31,22139
2026-05-01 13:55:00,269.3,269.36,269.2701,269.3301,24287
2026-05-01 13:56:00,269.35,269.39,269.2703,269.2703,30177
2026-05-01 13:57:00,269.2804,269.39,269.25,269.37,25075
2026-05-01 13:58:00,269.35,269.48,269.27,269.365,36619
2026-05-01 13:59:00,269.36,269.365,269.23,269.24,20519
2026-05-01 14:00:00,269.23,269.425,269.23,269.3,26711
2026-05-01 14:01:00,269.32,269.43,269.19,269.385,30062
2026-05-01 14:02:00,269.4,269.4,269.145,269.1701,35160
2026-05-01 14:03:00,269.21,269.3478,269.18,269.29,30572
2026-05-01 14:04:00,269.3,269.3,269.13,269.19,34302
2026-05-01 14:05:00,269.19,269.24,269.11,269.18,15795
2026-05-01 14:06:00,269.18,269.23,269.08,269.17,23273
2026-05-01 14:07:00,269.18,269.22,269.09,269.18,28648
2026-05-01 14:08:00,269.19,269.33,269.145,269.3,26396
2026-05-01 14:09:00,269.29,269.36,269.27,269.3197,26226
2026-05-01 14:10:00,269.315,269.42,269.2664,269.3,32031
2026-05-01 14:11:00,269.285,269.34,269.12,269.21,45741
2026-05-01 14:12:00,269.21,269.27,269.18,269.25,24721
2026-05-01 14:13:00,269.24,269.4215,269.18,269.4215,36749
2026-05-01 14:14:00,269.41,269.42,269.26,269.2908,61412
2026-05-01 14:15:00,269.28,269.35,269.12,269.15,38675
2026-05-01 14:16:00,269.135,269.15,268.95,269.02,44842
2026-05-01 14:17:00,269.02,269.14,268.985,269.1,31914
2026-05-01 14:18:00,269.11,269.21,269.09,269.18,42021
2026-05-01 14:19:00,269.2,269.33,269.2,269.325,33959
2026-05-01 14:20:00,269.33,269.39,269.285,269.38,29618
2026-05-01 14:21:00,269.39,269.4,269.29,269.4,33875
2026-05-01 14:22:00,269.4,269.47,269.29,269.38,43708
2026-05-01 14:23:00,269.385,269.43,269.29,269.3978,27344
2026-05-01 14:24:00,269.4,269.58,269.345,269.55,76746
2026-05-01 14:25:00,269.56,269.6,269.48,269.57,38188
2026-05-01 14:26:00,269.57,269.6,269.4511,269.51,33142
2026-05-01 14:27:00,269.5,269.58,269.431,269.51,27485
2026-05-01 14:28:00,269.495,269.57,269.42,269.42,27896
2026-05-01 14:29:00,269.4,269.62,269.31,269.6099,41886
2026-05-01 14:30:00,269.64,269.67,269.39,269.4,74496
2026-05-01 14:31:00,269.41,269.54,269.28,269.445,68659
2026-05-01 14:32:00,269.45,269.54,269.39,269.44,46775
2026-05-01 14:33:00,269.45,269.525,269.3,269.45,52185
2026-05-01 14:34:00,269.47,269.58,269.39,269.425,39292
2026-05-01 14:35:00,269.425,269.44,269.27,269.31,104879
2026-05-01 14:36:00,269.3005,269.31,269.04,269.15,103995
2026-05-01 14:37:00,269.16,269.22,269.07,269.13,89284
2026-05-01 14:38:00,269.12,269.2499,269.12,269.2311,35665
2026-05-01 14:39:00,269.2226,269.32,268.88,268.92,112728
2026-05-01 14:40:00,268.93,268.93,268.565,268.58,61201
2026-05-01 14:41:00,268.58,268.78,268.565,268.695,53406
2026-05-01 14:42:00,268.69,268.735,268.59,268.61,40642
2026-05-01 14:43:00,268.59,268.61,268.285,268.285,69819
2026-05-01 14:44:00,268.285,268.475,268.23,268.47,56941
2026-05-01 14:45:00,268.4798,268.6762,268.47,268.565,42484
2026-05-01 14:46:00,268.565,268.8,268.51,268.785,50536
2026-05-01 14:47:00,268.78,268.89,268.735,268.83,72005
2026-05-01 14:48:00,268.83,268.85,268.61,268.625,30034
2026-05-01 14:49:00,268.64,268.77,268.625,268.76,37797
2026-05-01 14:50:00,268.77,268.8755,268.63,268.825,25892
2026-05-01 14:51:00,268.84,268.86,268.77,268.8,30187
2026-05-01 14:52:00,268.8,268.8,268.615,268.7396,39357
2026-05-01 14:53:00,268.74,268.85,268.7398,268.8001,30108
2026-05-01 14:54:00,268.82,268.82,268.74,268.78,22830
2026-05-01 14:55:00,268.795,268.895,268.78,268.885,33450
2026-05-01 14:56:00,268.885,268.985,268.82,268.92,64847
2026-05-01 14:57:00,268.93,268.95,268.855,268.9,39683
2026-05-01 14:58:00,268.9,269.04,268.8701,268.8701,46735
2026-05-01 14:59:00,268.88,268.94,268.83,268.94,40792
2026-05-01 15:00:00,268.93,268.97,268.82,268.9,35939
2026-05-01 15:01:00,268.915,269.04,268.9,268.972,28983
2026-05-01 15:02:00,268.99,269.27,268.96,269.265,56184
2026-05-01 15:03:00,269.25,269.29,269.14,269.215,53801
2026-05-01 15:04:00,269.21,269.215,268.91,268.96,53455
2026-05-01 15:05:00,268.9301,269.1,268.9301,268.9599,30401
2026-05-01 15:06:00,268.92,268.99,268.82,268.87,39584
2026-05-01 15:07:00,268.89,269.0,268.87,268.92,26937
2026-05-01 15:08:00,268.915,268.93,268.775,268.78,82407
2026-05-01 15:09:00,268.78,268.955,268.73,268.955,24570
2026-05-01 15:10:00,268.94,268.97,268.825,268.8901,38948
2026-05-01 15:11:00,268.91,269.115,268.9,269.115,38095
2026-05-01 15:12:00,269.115,269.12,268.915,268.97,37162
2026-05-01 15:13:00,268.95,269.035,268.92,268.93,27779
2026-05-01 15:14:00,268.93,269.06,268.89,268.95,33307
2026-05-01 15:15:00,268.955,268.97,268.87,268.9,42550
2026-05-01 15:16:00,268.87,268.93,268.8,268.83,31975
2026-05-01 15:17:00,268.83,269.01,268.83,269.005,28381
2026-05-01 15:18:00,269.02,269.0699,268.785,268.8,64774
2026-05-01 15:19:00,268.8,268.805,268.58,268.59,52749
2026-05-01 15:20:00,268.6,268.66,268.515,268.66,37536
2026-05-01 15:21:00,268.665,268.73,268.535,268.63,35327
2026-05-01 15:22:00,268.63,268.66,268.56,268.645,38192
2026-05-01 15:23:00,268.66,268.66,268.5,268.63,75093
2026-05-01 15:24:00,268.63,268.66,268.485,268.505,68301
2026-05-01 15:25:00,268.5,268.775,268.4902,268.77,68865
2026-05-01 15:26:00,268.755,269.01,268.755,269.0,57584
2026-05-01 15:27:00,269.005,269.07,268.8,268.85,59534
2026-05-01 15:28:00,268.84,268.86,268.66,268.68,58096
2026-05-01 15:29:00,268.69,268.88,268.67,268.85,64969
2026-05-01 15:30:00,268.86,268.9,268.7301,268.8,50537
2026-05-01 15:31:00,268.8,268.83,268.63,268.68,60855
2026-05-01 15:32:00,268.67,268.77,268.64,268.685,36358
2026-05-01 15:33:00,268.6801,268.725,268.58,268.7,50143
2026-05-01 15:34:00,268.69,268.87,268.67,268.855,46979
2026-05-01 15:35:00,268.85,268.8787,268.64,268.6451,30756
2026-05-01 15:36:00,268.645,268.67,268.58,268.62,36952
2026-05-01 15:37:00,268.61,268.6599,268.56,268.6,47723
2026-05-01 15:38:00,268.61,268.675,268.61,268.64,48320
2026-05-01 15:39:00,268.65,268.78,268.63,268.7701,51014
2026-05-01 15:40:00,268.76,268.905,268.63,268.65,64401
2026-05-01 15:41:00,268.645,268.645,268.525,268.585,41659
2026-05-01 15:42:00,268.57,268.645,268.54,268.59,36141
2026-05-01 15:43:00,268.6,268.63,268.555,268.6,29857
2026-05-01 15:44:00,268.6,268.665,268.59,268.64,61215
2026-05-01 15:45:00,268.63,268.66,268.57,268.62,73542
2026-05-01 15:46:00,268.62,268.62,268.43,268.44,50527
2026-05-01 15:47:00,268.44,268.475,268.36,268.38,63943
2026-05-01 15:48:00,268.36,268.36,268.185,268.26,60966
2026-05-01 15:49:00,268.255,268.3399,268.15,268.155,77471
2026-05-01 15:50:00,268.16,268.3,267.725,267.73,175346
2026-05-01 15:51:00,267.75,267.905,267.67,267.905,156370
2026-05-01 15:52:00,267.9,268.03,267.76,267.96,154388
2026-05-01 15:53:00,267.95,268.05,267.85,268.005,122326
2026-05-01 15:54:00,267.99,268.45,267.7364,268.33,203816
2026-05-01 15:55:00,268.31,268.33,267.92,268.005,211912
2026-05-01 15:56:00,268.01,268.23,267.99,268.16,210343
2026-05-01 15:57:00,268.17,268.36,268.08,268.33,253797
2026-05-01 15:58:00,268.33,268.4,268.27,268.355,312270
2026-05-01 15:59:00,268.36,268.47,268.25,268.34,786602
2026-05-01 16:00:00,268.26,268.45,268.0,268.32,5705379
2026-05-01 16:01:00,268.32,268.48,268.0329,268.0329,7507
2026-05-01 16:02:00,268.25,268.25,267.9,268.2,3258
2026-05-01 16:03:00,268.027,268.28,268.0,268.28,965
2026-05-01 16:04:00,268.19,268.3,268.19,268.3,604
2026-05-01 16:05:00,268.11,268.11,268.11,268.11,225
2026-05-01 16:06:00,268.0,268.0,267.89,267.89,1024
2026-05-01 16:08:00,267.94,267.94,267.9,267.9,1512
2026-05-01 16:09:00,267.92,267.94,267.8,267.81,1102
2026-05-01 16:10:00,267.81,267.85,267.8,267.8,1352
2026-05-01 16:11:00,267.88,267.88,267.88,267.88,500
2026-05-01 16:12:00,267.81,267.86,267.78,267.86,1256
2026-05-01 16:13:00,267.8,267.8,267.54,267.54,495
2026-05-01 16:14:00,267.54,267.6,267.5,267.6,2920
2026-05-01 16:15:00,267.6013,267.74,267.6013,267.68,1073
2026-05-01 16:16:00,268.26,268.26,267.6243,267.6243,688
2026-05-01 16:17:00,267.61,267.61,267.6,267.6,565
2026-05-01 16:18:00,267.53,267.7,267.4,267.7,1370
2026-05-01 16:19:00,267.67,267.75,267.51,267.75,300
2026-05-01 16:20:00,267.584,267.584,267.41,267.41,807
2026-05-01 16:21:00,267.4,267.45,267.4,267.45,2299
2026-05-01 16:22:00,267.44,267.51,267.41,267.4324,805
2026-05-01 16:23:00,267.52,267.5277,267.52,267.5277,350
2026-05-01 16:25:00,267.5,267.613,267.5,267.6,810
2026-05-01 16:26:00,267.51,267.5396,267.51,267.5396,860
2026-05-01 16:28:00,267.6436,267.6436,267.5583,267.5583,200
2026-05-01 16:29:00,267.56,267.56,267.4244,267.5584,1500
2026-05-01 16:31:00,267.4,267.46,267.4,267.46,712
2026-05-01 16:32:00,267.4354,267.4354,267.4354,267.4354,100
2026-05-01 16:34:00,267.42,267.42,267.42,267.42,393
2026-05-01 16:35:00,267.36,267.42,267.36,267.42,383
2026-05-01 16:36:00,267.4,267.44,267.4,267.44,200
2026-05-01 16:37:00,267.45,267.45,267.45,267.45,787
2026-05-01 16:38:00,267.46,267.48,267.45,267.48,779
2026-05-01 16:40:00,267.4,267.49,267.4,267.47,1143
2026-05-01 16:41:00,267.49,267.49,267.49,267.49,600
2026-05-01 16:42:00,267.44,267.44,267.4,267.4,3824
2026-05-01 16:43:00,267.4,267.43,267.35,267.35,2994
2026-05-01 16:44:00,267.44,267.51,267.44,267.5,4391
2026-05-01 16:45:00,267.47,267.47,267.44,267.44,400
2026-05-01 16:46:00,267.44,267.52,267.44,267.52,1284
2026-05-01 16:48:00,267.5261,267.5261,267.5261,267.5261,120
2026-05-01 16:49:00,267.44,267.44,267.44,267.44,490
2026-05-01 16:50:00,267.5,267.5261,267.5,267.5,1262
2026-05-01 16:52:00,267.5,267.5,267.45,267.47,1374
2026-05-01 16:53:00,267.5,267.5,267.47,267.47,1250
2026-05-01 16:54:00,267.45,267.45,267.45,267.45,100
2026-05-01 16:55:00,267.47,267.47,267.47,267.47,100
2026-05-01 16:56:00,267.53,267.53,267.53,267.53,392
2026-05-01 16:57:00,267.47,267.48,267.1,267.1,2290
2026-05-01 16:59:00,267.33,267.45,267.33,267.4,1097
2026-05-01 17:01:00,267.45,267.45,267.45,267.45,239
2026-05-01 17:02:00,267.45,267.45,267.45,267.45,100
2026-05-01 17:03:00,267.46,267.46,267.46,267.46,250
2026-05-01 17:04:00,267.45,267.45,267.45,267.45,497
2026-05-01 17:07:00,267.53,267.53,267.53,267.53,1200
2026-05-01 17:08:00,267.53,267.53,267.53,267.53,100
2026-05-01 17:10:00,267.53,267.53,267.53,267.53,300
2026-05-01 17:12:00,267.52,267.52,267.42,267.42,225
2026-05-01 17:16:00,267.43,267.49,267.41,267.49,924
2026-05-01 17:17:00,267.47,267.53,267.47,267.53,768
2026-05-01 17:18:00,267.4899,267.4899,267.4899,267.4899,150
2026-05-01 17:19:00,267.43,267.53,267.43,267.53,200
2026-05-01 17:23:00,267.55,267.89,267.55,267.89,1299
2026-05-01 17:24:00,267.74,267.74,267.74,267.74,500
2026-05-01 17:25:00,267.72,267.72,267.72,267.72,547
2026-05-01 17:29:00,267.56,267.56,267.56,267.56,1000
2026-05-01 17:32:00,267.56,267.59,267.56,267.59,270
2026-05-01 17:34:00,267.59,267.59,267.59,267.59,200
2026-05-01 17:35:00,267.6624,267.6624,267.6624,267.6624,200
2026-05-01 17:36:00,267.62,267.62,267.62,267.62,177
2026-05-01 17:37:00,267.8899,267.8899,267.8899,267.8899,200
2026-05-01 17:39:00,267.629,267.695,267.62,267.695,390
2026-05-01 17:41:00,267.75,267.75,267.75,267.75,100
2026-05-01 17:43:00,267.75,267.7525,267.6,267.6,325
2026-05-01 17:45:00,267.7928,267.7928,267.7928,267.7928,500
2026-05-01 17:47:00,267.6,267.6,267.6,267.6,150
2026-05-01 17:53:00,267.61,267.61,267.61,267.61,300
2026-05-01 17:54:00,267.72,267.74,267.72,267.74,1171
2026-05-01 17:59:00,267.78,267.78,267.78,267.78,300
2026-05-01 18:01:00,267.68,267.7302,267.68,267.7302,350
2026-05-01 18:03:00,267.9,267.9,267.9,267.9,400
2026-05-01 18:04:00,267.9,267.9,267.9,267.9,200
2026-05-01 18:05:00,267.9623,267.9623,267.9623,267.9623,100
2026-05-01 18:06:00,267.7439,267.7439,267.7439,267.7439,250
2026-05-01 18:08:00,267.9,267.9,267.9,267.9,934
2026-05-01 18:09:00,267.98,267.98,267.98,267.98,811
2026-05-01 18:12:00,267.9623,267.9623,267.9623,267.9623,100
2026-05-01 18:16:00,267.8753,267.8753,267.7347,267.7347,800
2026-05-01 18:17:00,267.71,267.8,267.71,267.8,200
2026-05-01 18:19:00,267.75,267.75,267.75,267.75,400
2026-05-01 18:24:00,267.79,267.84,267.79,267.84,1157
2026-05-01 18:28:00,267.9,267.9,267.9,267.9,145
2026-05-01 18:29:00,267.9,267.9,267.9,267.9,219
2026-05-01 18:31:00,267.8643,267.8643,267.8643,267.8643,100
2026-05-01 18:32:00,267.9,267.9,267.9,267.9,100
2026-05-01 18:33:00,267.85,267.85,267.85,267.85,1500
2026-05-01 18:38:00,267.8948,267.8948,267.8948,267.8948,254
2026-05-01 18:40:00,267.9,267.9,267.9,267.9,100
2026-05-01 18:45:00,267.85,267.8525,267.85,267.8525,620
2026-05-01 18:46:00,267.9,267.9,267.85,267.85,658
2026-05-01 18:47:00,267.83,267.831,267.83,267.831,794
2026-05-01 18:48:00,267.8,267.8409,267.6412,267.6412,823
2026-05-01 18:51:00,267.8,267.8,267.8,267.8,2207
2026-05-01 18:52:00,267.88,267.88,267.88,267.88,100
2026-05-01 18:54:00,267.96,267.96,267.8,267.92,1201
2026-05-01 19:02:00,267.9,267.9,267.9,267.9,393
2026-05-01 19:04:00,267.7869,267.7869,267.7869,267.7869,109
2026-05-01 19:05:00,267.89,267.89,267.89,267.89,100
2026-05-01 19:12:00,267.85,267.85,267.85,267.85,200
2026-05-01 19:14:00,267.88,267.89,267.85,267.8525,864
2026-05-01 19:19:00,267.87,267.87,267.87,267.87,296
2026-05-01 19:20:00,267.6451,267.6451,267.6451,267.6451,300
2026-05-01 19:21:00,267.8399,267.8399,267.8399,267.8399,100
2026-05-01 19:23:00,267.75,267.75,267.7499,267.7499,374
2026-05-01 19:24:00,267.75,267.75,267.6922,267.6922,200
2026-05-01 19:25:00,267.7,267.7,267.65,267.65,345
2026-05-01 19:27:00,267.64,267.64,267.64,267.64,100
2026-05-01 19:29:00,267.7,267.7,267.7,267.7,100
2026-05-01 19:31:00,267.6241,267.7418,267.6241,267.7418,250
2026-05-01 19:32:00,267.67,267.7,267.64,267.7,1105
2026-05-01 19:33:00,267.7,267.7,267.7,267.7,169
2026-05-01 19:36:00,267.7753,267.7753,267.7753,267.7753,130
2026-05-01 19:38:00,267.7579,267.7579,267.7579,267.7579,150
2026-05-01 19:42:00,267.6547,267.78,267.6547,267.78,200
2026-05-01 19:43:00,267.6608,267.6608,267.6608,267.6608,200
2026-05-01 19:44:00,267.73,267.73,267.73,267.73,250
2026-05-01 19:45:00,267.6986,267.6986,267.6986,267.6986,197
2026-05-01 19:46:00,267.65,267.75,267.65,267.75,300
2026-05-01 19:47:00,267.75,267.75,267.75,267.75,150
2026-05-01 19:49:00,267.6805,267.6805,267.6805,267.6805,200
2026-05-01 19:50:00,267.6961,267.7,267.6961,267.7,1273
2026-05-01 19:52:00,267.61,267.61,267.61,267.61,597
2026-05-01 19:53:00,267.62,267.62,267.61,267.61,1093
2026-05-01 19:54:00,267.62,267.62,267.6,267.6,571
2026-05-01 19:55:00,267.57,267.57,267.57,267.57,100
2026-05-01 19:56:00,267.56,267.56,267.55,267.55,350
2026-05-01 19:57:00,267.61,267.61,267.57,267.57,677
2026-05-01 19:58:00,267.55,267.62,267.5,267.5,4752
2026-05-01 19:59:00,267.55,267.6,267.55,267.5501,3320
2026-05-04 04:00:00,267.62,269.0,267.62,267.99,14810
2026-05-04 04:01:00,268.81,269.08,267.96,268.51,20256
2026-05-04 04:02:00,268.61,268.61,267.74,267.74,1477
2026-05-04 04:03:00,267.79,267.79,267.79,267.79,113
2026-05-04 04:04:00,267.65,267.65,267.3,267.3,640
2026-05-04 04:05:00,267.2,267.2,267.0104,267.0104,2111
2026-05-04 04:06:00,267.2,267.2,267.2,267.2,505
2026-05-04 04:07:00,267.09,267.09,267.09,267.09,200
2026-05-04 04:08:00,267.33,267.33,267.19,267.19,470
2026-05-04 04:09:00,267.38,267.38,267.38,267.38,100
2026-05-04 04:10:00,268.93,268.93,267.2879,267.2879,215
2026-05-04 04:11:00,267.493,267.5,267.41,267.41,2027
2026-05-04 04:14:00,267.41,267.41,267.41,267.41,100
2026-05-04 04:16:00,267.33,267.41,267.33,267.41,464
2026-05-04 04:17:00,267.32,267.32,267.32,267.32,200
2026-05-04 04:19:00,267.55,267.55,267.55,267.55,130
2026-05-04 04:20:00,267.73,267.73,267.73,267.73,198
2026-05-04 04:21:00,267.72,267.72,267.71,267.71,793
2026-05-04 04:22:00,267.69,267.7235,267.69,267.7235,633
2026-05-04 04:23:00,267.68,267.68,267.68,267.68,400
2026-05-04 04:24:00,267.73,267.89,267.73,267.89,1069
2026-05-04 04:25:00,267.99,267.99,267.99,267.99,100
2026-05-04 04:26:00,267.73,267.73,267.73,267.73,100
2026-05-04 04:27:00,267.8,267.8,267.8,267.8,134
2026-05-04 04:29:00,267.97,267.97,267.97,267.97,105
2026-05-04 04:30:00,267.98,268.0,267.91,267.91,3983
2026-05-04 04:32:00,268.1,268.1,268.1,268.1,300
2026-05-04 04:37:00,267.94,267.94,267.94,267.94,120
2026-05-04 04:39:00,268.02,268.07,268.02,268.07,222
2026-05-04 04:40:00,268.1,268.1,268.1,268.1,512
2026-05-04 04:41:00,268.0,268.0,268.0,268.0,200
2026-05-04 04:42:00,268.0,268.0,268.0,268.0,286
2026-05-04 04:46:00,267.93,267.93,267.93,267.93,108
2026-05-04 04:47:00,268.07,268.1,268.07,268.09,406
2026-05-04 04:49:00,268.1,268.1,268.1,268.1,100
2026-05-04 04:54:00,268.1,270.29,268.1,269.51,19070
2026-05-04 04:55:00,269.41,270.29,269.35,270.29,6249
2026-05-04 04:56:00,270.05,271.0,270.01,270.72,12153
2026-05-04 04:57:00,270.71,271.0,270.5,270.58,3772
2026-05-04 04:58:00,270.5,270.8,270.5,270.54,1240
2026-05-04 04:59:00,270.58,270.58,270.29,270.29,1982
2026-05-04 05:00:00,270.2132,270.98,270.2132,270.98,1098
2026-05-04 05:01:00,270.88,270.88,270.08,270.1474,1250
2026-05-04 05:02:00,270.18,270.74,270.18,270.74,348
2026-05-04 05:03:00,270.27,270.6,270.07,270.6,826
2026-05-04 05:04:00,270.18,270.18,270.18,270.18,100
2026-05-04 05:05:00,270.18,270.69,270.18,270.41,750
2026-05-04 05:06:00,270.75,270.75,270.75,270.75,100
2026-05-04 05:08:00,270.36,270.36,270.3,270.3,771
2026-05-04 05:09:00,270.38,270.38,270.38,270.38,100
2026-05-04 05:10:00,270.195,270.5,270.0,270.1,2069
2026-05-04 05:11:00,269.83,270.2,269.79,269.81,1276
2026-05-04 05:12:00,270.0,270.0,269.8,270.0,400
2026-05-04 05:13:00,269.88,270.0,269.83,270.0,612
2026-05-04 05:14:00,270.0,270.01,269.9768,269.99,2957
2026-05-04 05:15:00,269.99,270.2,269.99,270.2,1139
2026-05-04 05:17:00,270.11,270.2,270.01,270.2,640
2026-05-04 05:18:00,270.16,270.35,270.16,270.35,1677
2026-05-04 05:19:00,270.41,270.6,270.31,270.6,720
2026-05-04 05:20:00,270.41,270.6,270.41,270.6,3011
2026-05-04 05:25:00,270.29,270.29,270.29,270.29,130
2026-05-04 05:27:00,270.32,270.32,270.32,270.32,284
2026-05-04 05:28:00,270.5,270.5,270.5,270.5,177
2026-05-04 05:31:00,270.31,270.32,270.31,270.31,1178
2026-05-04 05:34:00,270.24,270.28,270.23,270.23,489
2026-05-04 05:35:00,270.23,270.24,270.23,270.24,420
2026-05-04 05:40:00,270.1,270.1,270.1,270.1,320
2026-05-04 05:41:00,270.17,270.17,270.13,270.13,200
2026-05-04 05:43:00,270.0,270.0,270.0,270.0,120
2026-05-04 05:47:00,269.97,269.97,269.97,269.97,100
2026-05-04 05:52:00,269.81,269.81,269.69,269.69,541
2026-05-04 05:53:00,269.77,269.77,269.77,269.77,452
2026-05-04 05:54:00,269.77,269.77,269.77,269.77,100
2026-05-04 05:56:00,269.935,269.935,269.87,269.92,685
2026-05-04 05:57:00,269.87,269.87,269.87,269.87,120
2026-05-04 06:02:00,269.4,269.4,269.06,269.06,488
2026-05-04 06:03:00,269.0,269.0,268.66,268.66,781
2026-05-04 06:04:00,268.26,268.26,267.73,267.73,1585
2026-05-04 06:05:00,267.73,267.73,267.54,267.55,1183
2026-05-04 06:06:00,267.7,267.7,267.25,267.25,1746
2026-05-04 06:07:00,267.2,267.2,267.2,267.2,100
2026-05-04 06:08:00,267.23,267.48,267.13,267.13,820
2026-05-04 06:09:00,267.18,267.41,267.18,267.41,787
2026-05-04 06:10:00,267.08,267.74,267.05,267.73,2033
2026-05-04 06:11:00,267.42,267.46,267.04,267.04,3668
2026-05-04 06:12:00,266.98,266.98,266.75,266.75,378
2026-05-04 06:13:00,267.01,267.01,267.0,267.0,400
2026-05-04 06:14:00,266.94,267.0,266.94,267.0,1852
2026-05-04 06:15:00,267.3,267.3,267.13,267.13,213
2026-05-04 06:16:00,267.2,267.21,267.2,267.2,1137
2026-05-04 06:17:00,267.53,267.8,267.0412,267.17,1571
2026-05-04 06:18:00,267.04,267.41,266.61,267.41,1837
2026-05-04 06:19:00,267.0,267.14,267.0,267.1,525
2026-05-04 06:20:00,267.09,267.09,267.05,267.05,2378
2026-05-04 06:21:00,267.41,267.41,266.93,267.08,644
2026-05-04 06:22:00,266.99,267.0,266.99,267.0,829
2026-05-04 06:23:00,267.24,267.27,266.6,266.6307,483
2026-05-04 06:24:00,267.18,267.19,267.01,267.01,500
2026-05-04 06:25:00,267.35,267.41,267.3,267.3,3759
2026-05-04 06:27:00,267.5,267.7844,267.5,267.68,937
2026-05-04 06:28:00,267.6,267.6,267.6,267.6,396
2026-05-04 06:29:00,267.6389,267.68,267.58,267.68,937
2026-05-04 06:31:00,267.5,267.5,267.5,267.5,2468
2026-05-04 06:32:00,267.74,268.51,267.74,268.47,1758
2026-05-04 06:33:00,268.46,268.46,268.2,268.2,368
2026-05-04 06:34:00,268.47,268.47,268.45,268.45,201
2026-05-04 06:36:00,268.44,268.44,268.44,268.44,200
2026-05-04 06:37:00,268.46,268.48,268.46,268.48,700
2026-05-04 06:39:00,268.06,268.06,268.0,268.0,232
2026-05-04 06:41:00,268.38,268.38,268.38,268.38,411
2026-05-04 06:42:00,268.49,268.49,268.38,268.38,608
2026-05-04 06:45:00,268.66,268.66,268.48,268.48,223
2026-05-04 06:46:00,268.4,268.4,268.4,268.4,179
2026-05-04 06:47:00,268.27,268.27,268.27,268.27,143
2026-05-04 06:48:00,268.28,268.65,268.28,268.65,900
2026-05-04 06:51:00,268.55,268.55,268.55,268.55,1098
2026-05-04 06:53:00,268.35,268.35,268.35,268.35,204
2026-05-04 06:54:00,268.38,268.39,268.38,268.39,267
2026-05-04 06:56:00,268.44,268.44,268.44,268.44,138
2026-05-04 06:57:00,268.5,268.5,268.5,268.5,500
2026-05-04 06:59:00,268.5,268.5,268.5,268.5,300
2026-05-04 07:00:00,268.28,268.44,268.239,268.44,2546
2026-05-04 07:01:00,268.34,268.51,268.3,268.43,2987
2026-05-04 07:02:00,268.43,268.5,268.3,268.3133,3962
2026-05-04 07:03:00,268.3494,268.5,268.3,268.38,1495
2026-05-04 07:04:00,268.5,268.5884,268.2,268.4139,597
2026-05-04 07:05:00,268.6,268.6,268.6,268.6,558
2026-05-04 07:06:00,268.0521,268.2,268.03,268.03,1822
2026-05-04 07:07:00,268.2295,268.33,268.2295,268.33,299
2026-05-04 07:08:00,268.2512,268.35,268.2382,268.2382,1244
2026-05-04 07:09:00,268.25,268.25,268.24,268.24,484
2026-05-04 07:10:00,268.25,268.25,268.25,268.25,914
2026-05-04 07:11:00,268.68,268.68,268.653,268.653,3200
2026-05-04 07:12:00,268.15,268.23,268.03,268.03,2030
2026-05-04 07:13:00,268.0797,268.27,268.0758,268.27,499
2026-05-04 07:14:00,268.04,268.39,268.04,268.39,879
2026-05-04 07:15:00,268.49,268.49,268.1665,268.1665,750
2026-05-04 07:17:00,268.4342,268.4699,268.4342,268.4699,500
2026-05-04 07:18:00,268.35,268.35,268.35,268.35,100
2026-05-04 07:19:00,268.33,268.36,268.27,268.34,1093
2026-05-04 07:20:00,268.27,268.33,268.27,268.33,447
2026-05-04 07:21:00,268.26,268.307,268.26,268.307,1100
2026-05-04 07:22:00,268.34,268.35,268.29,268.35,1990
2026-05-04 07:23:00,268.337,268.337,268.2,268.2,710
2026-05-04 07:25:00,268.03,268.0399,268.03,268.0399,850
2026-05-04 07:26:00,268.0909,268.0909,268.04,268.04,250
2026-05-04 07:27:00,268.03,268.04,268.03,268.0387,1609
2026-05-04 07:28:00,268.04,268.1657,268.04,268.1657,2254
2026-05-04 07:29:00,268.08,268.08,268.02,268.02,1924
2026-05-04 07:30:00,268.0,268.0,267.93,267.93,1933
2026-05-04 07:31:00,267.95,267.95,267.95,267.95,150
2026-05-04 07:32:00,268.1375,268.1375,268.1375,268.1375,250
2026-05-04 07:34:00,267.99,267.99,267.95,267.95,1328
2026-05-04 07:35:00,268.0,268.0,268.0,268.0,705
2026-05-04 07:36:00,268.0993,268.0993,268.0993,268.0993,200
2026-05-04 07:37:00,268.005,268.005,268.0,268.0,486
2026-05-04 07:39:00,268.0,268.0,267.42,267.45,9927
2026-05-04 07:40:00,267.75,267.7944,267.67,267.7944,1642
2026-05-04 07:41:00,267.79,267.81,267.75,267.81,942
2026-05-04 07:42:00,267.74,267.8,267.74,267.8,725
2026-05-04 07:43:00,267.96,267.96,267.9185,267.9185,346
2026-05-04 07:44:00,268.05,268.05,267.94,267.94,700
2026-05-04 07:45:00,268.0,268.0,267.91,267.91,1290
2026-05-04 07:46:00,267.9994,267.9994,267.9927,267.9927,301
2026-05-04 07:48:00,268.0,268.0,268.0,268.0,220
2026-05-04 07:49:00,267.9301,267.9301,267.9301,267.9301,500
2026-05-04 07:50:00,267.96,268.1,267.96,268.1,1532
2026-05-04 07:51:00,268.0909,268.0909,268.09,268.09,200
2026-05-04 07:52:00,268.04,268.04,268.04,268.04,100
2026-05-04 07:53:00,268.0909,268.17,268.0909,268.17,415
2026-05-04 07:54:00,268.3214,268.35,268.25,268.35,2196
2026-05-04 07:55:00,268.3434,268.3434,268.2614,268.305,1200
2026-05-04 07:56:00,268.3408,268.3408,268.27,268.31,483
2026-05-04 07:57:00,268.28,268.28,268.26,268.27,1197
2026-05-04 07:58:00,268.28,268.28,268.28,268.28,100
2026-05-04 07:59:00,268.305,268.305,268.27,268.27,400
2026-05-04 08:00:00,268.35,268.35,268.33,268.33,2150
2026-05-04 08:01:00,268.4369,268.4369,268.43,268.4364,951
2026-05-04 08:02:00,268.44,268.64,268.44,268.64,1288
2026-05-04 08:03:00,268.6685,268.6685,268.48,268.48,700
2026-05-04 08:04:00,268.61,269.21,268.58,269.21,21985
2026-05-04 08:05:00,269.23,269.5,269.21,269.2553,2626
2026-05-04 08:06:00,269.29,269.29,269.16,269.16,6487
2026-05-04 08:07:00,269.22,269.28,269.22,269.24,1000
2026-05-04 08:08:00,269.22,269.25,269.19,269.19,490
2026-05-04 08:09:00,269.23,269.59,269.23,269.59,8233
2026-05-04 08:10:00,269.5726,269.5726,269.4098,269.5683,2341
2026-05-04 08:11:00,269.49,269.5,269.4052,269.45,2975
2026-05-04 08:12:00,269.5,270.0,269.5,270.0,2961
2026-05-04 08:13:00,269.78,269.91,269.62,269.6994,2693
2026-05-04 08:14:00,269.7,269.92,269.5,269.5,2266
2026-05-04 08:15:00,269.55,269.58,269.32,269.32,1410
2026-05-04 08:16:00,269.37,269.7,269.29,269.7,1728
2026-05-04 08:17:00,269.75,269.9201,269.75,269.9201,200
2026-05-04 08:18:00,269.78,269.78,269.41,269.57,5003
2026-05-04 08:19:00,269.6,269.6,269.41,269.41,300
2026-05-04 08:20:00,269.56,269.59,269.53,269.53,700
2026-05-04 08:21:00,269.58,269.58,269.51,269.51,421
2026-05-04 08:22:00,269.4,269.5,269.4,269.4195,589
2026-05-04 08:23:00,269.45,269.5287,269.4,269.4651,1531
2026-05-04 08:24:00,269.4,269.4926,269.4,269.4902,1979
2026-05-04 08:25:00,269.4,269.4,269.4,269.4,800
2026-05-04 08:26:00,269.27,269.4,269.27,269.4,3200
2026-05-04 08:27:00,269.4,269.5,269.1666,269.1666,400
2026-05-04 08:29:00,269.4,269.45,269.4,269.4023,3697
2026-05-04 08:30:00,269.31,269.31,269.3,269.304,333
2026-05-04 08:31:00,269.26,269.26,269.2,269.24,833
2026-05-04 08:33:00,269.05,269.2,269.05,269.0501,2456
2026-05-04 08:34:00,269.2,269.22,269.18,269.18,1619
2026-05-04 08:35:00,269.24,269.3,269.24,269.29,1043
2026-05-04 08:36:00,269.06,269.06,268.88,268.88,944
2026-05-04 08:37:00,269.06,269.06,269.06,269.06,100
2026-05-04 08:38:00,269.15,269.15,269.02,269.02,1160
2026-05-04 08:39:00,269.0221,269.1331,269.0221,269.1331,1566
2026-05-04 08:40:00,269.0369,269.22,269.03,269.22,1705
2026-05-04 08:42:00,269.02,269.02,269.02,269.02,600
2026-05-04 08:43:00,268.935,268.935,268.9,268.9,988
2026-05-04 08:44:00,268.97,269.0,268.97,269.0,2355
2026-05-04 08:45:00,268.96,268.98,268.87,268.98,601
2026-05-04 08:46:00,268.9826,268.99,268.93,268.95,433
2026-05-04 08:47:00,268.94,268.96,268.9329,268.96,770
2026-05-04 08:48:00,268.96,269.03,268.96,269.03,1766
2026-05-04 08:49:00,268.9652,268.99,268.9652,268.99,996
2026-05-04 08:50:00,268.95,269.85,268.86,269.39,7680
2026-05-04 08:51:00,269.2913,269.41,269.2,269.41,1730
2026-05-04 08:52:00,269.4,269.5,269.33,269.395,1147
2026-05-04 08:53:00,269.2,269.48,269.2,269.3,600
2026-05-04 08:54:00,269.41,269.41,269.14,269.31,1137
2026-05-04 08:55:00,269.2676,269.2676,269.2676,269.2676,203
2026-05-04 08:56:00,269.31,269.31,269.25,269.26,700
2026-05-04 08:57:00,269.3,269.3,269.28,269.3,1486
2026-05-04 08:58:00,269.3376,269.3376,269.3376,269.3376,250
2026-05-04 08:59:00,269.3554,269.39,269.1,269.1,5137
2026-05-04 09:00:00,269.11,269.11,268.69,268.69,1466
2026-05-04 09:01:00,268.7,268.87,268.6,268.87,2184
2026-05-04 09:02:00,268.91,268.92,268.91,268.92,300
2026-05-04 09:03:00,268.9,268.99,268.9,268.99,1695
2026-05-04 09:04:00,268.88,268.9,268.7,268.88,1687
2026-05-04 09:05:00,268.7364,268.83,268.7364,268.83,290
2026-05-04 09:06:00,268.98,269.1934,268.96,269.1934,1947
2026-05-04 09:07:00,269.1,269.29,269.013,269.29,4233
2026-05-04 09:08:00,269.48,269.48,269.1956,269.35,6164
2026-05-04 09:09:00,269.35,269.4771,269.28,269.3,5385
2026-05-04 09:10:00,269.39,269.75,269.39,269.4186,3338
2026-05-04 09:11:00,269.39,269.39,268.44,268.45,26031
2026-05-04 09:12:00,268.45,268.84,268.45,268.64,2194
2026-05-04 09:13:00,268.55,268.6308,268.544,268.55,2452
2026-05-04 09:14:00,268.7885,268.7885,268.57,268.57,516
2026-05-04 09:15:00,268.56,268.61,268.56,268.6008,700
2026-05-04 09:16:00,268.68,268.68,268.513,268.513,1300
2026-05-04 09:17:00,268.55,268.57,268.329,268.4055,2914
2026-05-04 09:18:00,268.56,268.65,268.56,268.59,1123
2026-05-04 09:19:00,268.61,268.6492,268.5,268.5,691
2026-05-04 09:20:00,268.56,268.6,268.5,268.5,2235
2026-05-04 09:21:00,268.48,268.5,268.19,268.19,1457
2026-05-04 09:22:00,268.38,268.45,268.38,268.45,201
2026-05-04 09:23:00,268.54,268.54,268.44,268.44,1218
2026-05-04 09:24:00,268.4,268.4401,268.27,268.4401,674
2026-05-04 09:25:00,268.35,268.39,268.04,268.1822,4671
2026-05-04 09:26:00,268.38,268.39,268.11,268.11,751
2026-05-04 09:27:00,268.31,268.75,268.31,268.63,4074
2026-05-04 09:28:00,268.88,268.88,268.82,268.88,2890
2026-05-04 09:29:00,268.88,268.99,268.69,268.974,1100
2026-05-04 09:30:00,268.87,270.9,268.795,270.1501,953626
2026-05-04 09:31:00,270.38,271.81,269.45,271.705,252100
2026-05-04 09:32:00,271.72,272.0,270.97,271.505,207480
2026-05-04 09:33:00,271.45,272.98,271.295,272.7001,378285
2026-05-04 09:34:00,272.74,272.98,272.32,272.67,299805
2026-05-04 09:35:00,272.58,273.06,272.15,272.6825,204706
2026-05-04 09:36:00,272.695,273.35,272.4,272.46,183218
2026-05-04 09:37:00,272.52,272.74,272.12,272.385,96790
2026-05-04 09:38:00,272.385,272.82,271.41,271.94,213612
2026-05-04 09:39:00,271.93,271.96,271.26,271.405,102944
2026-05-04 09:40:00,271.426,271.9199,271.32,271.58,96946
2026-05-04 09:41:00,271.58,272.24,271.58,271.935,116902
2026-05-04 09:42:00,272.03,272.04,271.5001,271.65,74225
2026-05-04 09:43:00,271.65,272.04,271.5301,271.6513,66994
2026-05-04 09:44:00,271.69,271.805,271.44,271.57,58674
2026-05-04 09:45:00,271.57,271.71,270.8401,271.62,106502
2026-05-04 09:46:00,271.58,271.65,271.22,271.535,96638
2026-05-04 09:47:00,271.53,272.3,271.4502,271.99,90967
2026-05-04 09:48:00,271.985,272.63,271.94,272.52,82121
2026-05-04 09:49:00,272.56,272.56,272.0,272.02,76567
2026-05-04 09:50:00,272.01,272.34,271.45,271.9,124486
2026-05-04 09:51:00,271.91,271.99,271.49,271.53,139422
2026-05-04 09:52:00,271.52,271.6299,270.76,270.87,123549
2026-05-04 09:53:00,270.84,271.33,270.44,271.33,75518
2026-05-04 09:54:00,271.33,271.72,271.2078,271.545,90260
2026-05-04 09:55:00,271.5339,271.65,271.2601,271.49,72302
2026-05-04 09:56:00,271.49,271.89,271.49,271.77,112179
2026-05-04 09:57:00,271.8,272.1,271.76,272.0301,106282
2026-05-04 09:58:00,272.0593,272.22,271.85,272.03,83244
2026-05-04 09:59:00,272.02,272.17,271.67,271.78,87798
2026-05-04 10:00:00,271.7275,271.78,271.3,271.321,96901
2026-05-04 10:01:00,271.335,271.41,270.77,270.82,72459
2026-05-04 10:02:00,270.81,270.95,270.6107,270.77,73787
2026-05-04 10:03:00,270.77,270.93,270.64,270.655,63435
2026-05-04 10:04:00,270.63,270.65,269.88,269.91,140718
2026-05-04 10:05:00,269.88,270.28,269.82,269.93,111381
2026-05-04 10:06:00,269.92,270.02,269.52,269.63,83546
2026-05-04 10:07:00,269.63,270.11,269.63,270.09,110253
2026-05-04 10:08:00,270.09,270.33,269.66,269.7301,122160
2026-05-04 10:09:00,269.765,269.84,269.4517,269.705,84667
2026-05-04 10:10:00,269.7075,270.08,269.5901,269.87,64700
2026-05-04 10:11:00,269.885,270.295,269.79,270.21,85873
2026-05-04 10:12:00,270.2,270.565,270.165,270.27,71462
2026-05-04 10:13:00,270.255,270.28,269.86,269.86,69711
2026-05-04 10:14:00,269.87,270.42,269.77,270.2146,61241
2026-05-04 10:15:00,270.21,270.54,270.18,270.51,95917
2026-05-04 10:16:00,270.48,270.68,270.44,270.62,73570
2026-05-04 10:17:00,270.615,270.96,270.46,270.95,97302
2026-05-04 10:18:00,270.99,271.58,270.8492,271.58,118095
2026-05-04 10:19:00,271.59,271.655,271.295,271.44,62551
2026-05-04 10:20:00,271.5,271.53,271.1601,271.17,88457
2026-05-04 10:21:00,271.19,271.24,270.95,271.21,32522
2026-05-04 10:22:00,271.21,271.58,271.21,271.447,68066
2026-05-04 10:23:00,271.44,271.67,271.27,271.52,105669
2026-05-04 10:24:00,271.525,271.77,271.42,271.605,78487
2026-05-04 10:25:00,271.59,271.77,271.475,271.61,85336
2026-05-04 10:26:00,271.6037,271.74,271.51,271.685,51529
2026-05-04 10:27:00,271.685,272.15,271.645,272.09,252451
2026-05-04 10:28:00,272.12,272.38,272.09,272.38,85775
2026-05-04 10:29:00,272.3999,272.4499,271.96,271.97,97649
2026-05-04 10:30:00,271.98,272.09,271.84,271.93,69259
2026-05-04 10:31:00,271.9,272.025,271.75,271.92,117983
2026-05-04 10:32:00,271.905,272.44,271.79,272.3,156037
2026-05-04 10:33:00,272.32,272.69,272.25,272.6899,97693
2026-05-04 10:34:00,272.68,272.93,272.6,272.695,89779
2026-05-04 10:35:00,272.69,272.7487,272.4717,272.715,67024
2026-05-04 10:36:00,272.705,273.1,272.6601,272.85,179227
2026-05-04 10:37:00,272.86,273.75,272.86,273.7,214685
2026-05-04 10:38:00,273.68,274.645,273.68,274.545,394836
2026-05-04 10:39:00,274.53,274.8,274.3001,274.58,251106
2026-05-04 10:40:00,274.58,275.01,274.27,275.0,686164
2026-05-04 10:41:00,275.0,275.415,274.91,275.225,374589
2026-05-04 10:42:00,275.2499,275.86,275.09,275.64,271505
2026-05-04 10:43:00,275.63,275.88,275.35,275.4,275431
2026-05-04 10:44:00,275.405,275.71,274.93,275.21,168195
2026-05-04 10:45:00,275.2499,275.73,275.11,275.56,147568
2026-05-04 10:46:00,275.55,275.68,275.185,275.325,123019
2026-05-04 10:47:00,275.3,275.915,275.3,275.885,213133
2026-05-04 10:48:00,275.87,276.09,275.75,275.785,283867
2026-05-04 10:49:00,275.82,276.1,275.58,275.89,151153
2026-05-04 10:50:00,275.8999,276.0799,275.52,275.59,102839
2026-05-04 10:51:00,275.54,275.6699,275.42,275.49,130565
2026-05-04 10:52:00,275.5095,275.85,275.12,275.605,109591
2026-05-04 10:53:00,275.61,275.7001,274.83,274.8301,129950
2026-05-04 10:54:00,274.845,275.01,274.45,274.5973,153901
2026-05-04 10:55:00,274.64,275.08,274.6277,274.99,85673
2026-05-04 10:56:00,275.0,275.0,274.1301,274.165,109742
2026-05-04 10:57:00,274.17,274.1799,273.63,273.7958,156889
2026-05-04 10:58:00,273.81,274.01,273.43,273.4601,110991
2026-05-04 10:59:00,273.46,273.8,273.38,273.45,113702
2026-05-04 11:00:00,273.47,274.19,273.0,274.19,153337
2026-05-04 11:01:00,274.14,274.27,274.0,274.19,85762
2026-05-04 11:02:00,274.2,274.7,274.2,274.595,127732
2026-05-04 11:03:00,274.595,274.65,274.22,274.51,59069
2026-05-04 11:04:00,274.51,274.673,274.3101,274.4984,77814
2026-05-04 11:05:00,274.475,274.67,274.36,274.649,68192
2026-05-04 11:06:00,274.6,274.7,274.51,274.7,39700
2026-05-04 11:07:00,274.685,275.0,274.68,274.8301,131336
2026-05-04 11:08:00,274.89,274.99,274.5,274.5001,62024
2026-05-04 11:09:00,274.5,274.65,274.3401,274.51,44962
2026-05-04 11:10:00,274.5,274.7047,274.45,274.645,35533
2026-05-04 11:11:00,274.64,274.67,274.13,274.18,62307
2026-05-04 11:12:00,274.16,274.2295,273.99,274.045,101378
2026-05-04 11:13:00,274.035,274.2999,274.02,274.165,73491
2026-05-04 11:14:00,274.17,274.1999,273.97,274.102,87502
2026-05-04 11:15:00,274.1,274.41,274.0,274.37,50747
2026-05-04 11:16:00,274.39,274.4,274.05,274.115,41637
2026-05-04 11:17:00,274.12,274.12,273.71,273.825,91636
2026-05-04 11:18:00,273.81,273.9,273.6001,273.6001,45843
2026-05-04 11:19:00,273.6,273.6899,273.12,273.33,77707
2026-05-04 11:20:00,273.32,273.38,273.04,273.04,81075
2026-05-04 11:21:00,273.03,273.06,272.3362,272.43,237697
2026-05-04 11:22:00,272.41,272.95,272.35,272.835,105221
2026-05-04 11:23:00,272.85,273.02,272.77,272.92,60776
2026-05-04 11:24:00,272.91,273.08,272.75,273.03,51169
2026-05-04 11:25:00,273.0,273.4,272.95,273.1499,73672
2026-05-04 11:26:00,273.135,273.54,272.91,273.42,107508
2026-05-04 11:27:00,273.4,273.7356,273.37,273.7356,82054
2026-05-04 11:28:00,273.725,273.78,273.59,273.675,58530
2026-05-04 11:29:00,273.69,273.77,273.44,273.595,43382
2026-05-04 11:30:00,273.65,273.71,273.3301,273.4201,61325
2026-05-04 11:31:00,273.4344,273.4344,272.75,272.77,74894
2026-05-04 11:32:00,272.77,272.795,272.32,272.38,105375
2026-05-04 11:33:00,272.375,272.49,272.24,272.48,88426
2026-05-04 11:34:00,272.48,272.49,272.22,272.27,111832
2026-05-04 11:35:00,272.22,272.32,271.51,271.535,183347
2026-05-04 11:36:00,271.53,272.0,271.26,271.83,125175
2026-05-04 11:37:00,271.8101,272.08,271.44,271.98,103343
2026-05-04 11:38:00,271.975,272.21,271.74,271.91,122402
2026-05-04 11:39:00,271.9,272.055,271.33,271.38,102534
2026-05-04 11:40:00,271.36,271.41,270.82,270.92,141250
2026-05-04 11:41:00,270.93,271.19,270.92,271.1,62158
2026-05-04 11:42:00,271.12,271.42,271.1,271.38,75780
2026-05-04 11:43:00,271.39,271.44,271.06,271.33,41951
2026-05-04 11:44:00,271.33,271.64,271.325,271.61,75328
2026-05-04 11:45:00,271.62,271.67,271.08,271.12,70566
2026-05-04 11:46:00,271.1,271.37,271.01,271.065,39220
2026-05-04 11:47:00,271.08,271.15,270.62,270.67,89037
2026-05-04 11:48:00,270.67,271.02,270.62,270.85,78754
2026-05-04 11:49:00,270.845,271.12,270.8,271.12,73234
2026-05-04 11:50:00,271.11,271.285,271.065,271.1,77903
2026-05-04 11:51:00,271.12,271.15,270.66,270.67,56137
2026-05-04 11:52:00,270.67,271.35,270.61,271.0999,93289
2026-05-04 11:53:00,271.1,271.65,271.09,271.47,84608
2026-05-04 11:54:00,271.52,271.6499,271.28,271.38,56889
2026-05-04 11:55:00,271.465,271.74,271.39,271.4,45345
2026-05-04 11:56:00,271.41,271.64,271.41,271.5899,58262
2026-05-04 11:57:00,271.58,271.615,271.27,271.28,73131
2026-05-04 11:58:00,271.2851,271.33,271.08,271.3,41110
2026-05-04 11:59:00,271.285,271.33,270.9,271.1599,62600
2026-05-04 12:00:00,271.14,271.2,270.96,271.1751,39748
2026-05-04 12:01:00,271.22,271.22,270.82,270.93,51440
2026-05-04 12:02:00,270.93,271.1499,270.86,271.11,30817
2026-05-04 12:03:00,271.11,271.11,270.83,270.83,44966
2026-05-04 12:04:00,270.84,270.92,270.6101,270.755,49106
2026-05-04 12:05:00,270.755,270.875,270.48,270.6795,56850
2026-05-04 12:06:00,270.71,270.84,270.61,270.73,30209
2026-05-04 12:07:00,270.73,271.04,270.41,270.435,142075
2026-05-04 12:08:00,270.44,270.67,270.0,270.3301,146462
2026-05-04 12:09:00,270.36,270.855,270.21,270.855,73499
2026-05-04 12:10:00,270.83,270.85,270.2401,270.34,72524
2026-05-04 12:11:00,270.31,270.63,270.2,270.53,66196
2026-05-04 12:12:00,270.59,270.8,270.39,270.69,36115
2026-05-04 12:13:00,270.715,270.715,270.5,270.57,31862
2026-05-04 12:14:00,270.57,270.6575,270.5,270.54,41767
2026-05-04 12:15:00,270.55,270.73,270.5,270.5697,67603
2026-05-04 12:16:00,270.535,270.55,269.9,270.22,135929
2026-05-04 12:17:00,270.24,270.62,270.14,270.45,82070
2026-05-04 12:18:00,270.45,270.98,270.38,270.9651,86419
2026-05-04 12:19:00,270.97,271.1899,270.73,270.96,78112
2026-05-04 12:20:00,270.9996,271.17,270.91,270.91,63660
2026-05-04 12:21:00,270.935,271.16,270.75,270.78,60864
2026-05-04 12:22:00,270.745,271.0,270.67,270.71,66142
2026-05-04 12:23:00,270.73,270.85,270.59,270.66,49044
2026-05-04 12:24:00,270.66,270.66,270.34,270.475,67001
2026-05-04 12:25:00,270.47,270.6199,270.17,270.22,50931
2026-05-04 12:26:00,270.25,270.56,270.22,270.38,64647
2026-05-04 12:27:00,270.375,270.383,270.15,270.23,59607
2026-05-04 12:28:00,270.23,270.37,270.185,270.23,35806
2026-05-04 12:29:00,270.21,270.33,270.05,270.0801,34820
2026-05-04 12:30:00,270.06,270.45,269.96,270.44,58763
2026-05-04 12:31:00,270.44,270.74,270.348,270.605,64949
2026-05-04 12:32:00,270.55,270.6299,270.3,270.3,34916
2026-05-04 12:33:00,270.305,270.475,270.25,270.305,35098
2026-05-04 12:34:00,270.29,270.55,270.26,270.507,46282
2026-05-04 12:35:00,270.5,270.6699,270.435,270.435,58715
2026-05-04 12:36:00,270.445,270.645,270.445,270.61,43151
2026-05-04 12:37:00,270.585,270.64,270.41,270.61,86688
2026-05-04 12:38:00,270.62,270.64,270.02,270.18,98624
2026-05-04 12:39:00,270.185,270.2699,270.065,270.2,25933
2026-05-04 12:40:00,270.165,270.36,270.165,270.24,40939
2026-05-04 12:41:00,270.25,270.36,269.96,270.17,77327
2026-05-04 12:42:00,270.18,270.3299,270.08,270.134,48694
2026-05-04 12:43:00,270.135,270.39,270.125,270.34,42581
2026-05-04 12:44:00,270.345,270.41,270.24,270.25,45805
2026-05-04 12:45:00,270.22,270.37,270.03,270.325,48589
2026-05-04 12:46:00,270.33,270.35,269.73,269.785,90727
2026-05-04 12:47:00,269.785,270.37,269.74,270.37,74386
2026-05-04 12:48:00,270.315,270.4,270.115,270.2401,45872
2026-05-04 12:49:00,270.275,270.5,270.265,270.435,58281
2026-05-04 12:50:00,270.42,270.45,270.0701,270.205,56326
2026-05-04 12:51:00,270.23,270.23,269.93,270.1702,31385
2026-05-04 12:52:00,270.185,270.275,269.975,270.22,37088
2026-05-04 12:53:00,270.235,270.31,270.0601,270.08,40552
2026-05-04 12:54:00,270.09,270.358,270.08,270.3,35506
2026-05-04 12:55:00,270.32,270.5,270.245,270.36,62892
2026-05-04 12:56:00,270.38,270.4999,270.24,270.3,37242
2026-05-04 12:57:00,270.33,270.375,270.23,270.29,35424
2026-05-04 12:58:00,270.3,270.315,270.07,270.105,43466
2026-05-04 12:59:00,270.12,270.27,270.1,270.19,19459
2026-05-04 13:00:00,270.19,270.3199,270.1,270.2,34240
2026-05-04 13:01:00,270.23,270.44,270.0665,270.41,61718
2026-05-04 13:02:00,270.41,270.6,270.37,270.57,58073
2026-05-04 13:03:00,270.555,270.81,270.55,270.81,40787
2026-05-04 13:04:00,270.815,270.87,270.76,270.86,30400
2026-05-04 13:05:00,270.86,270.915,270.74,270.81,61907
2026-05-04 13:06:00,270.805,270.995,270.8,270.89,49419
2026-05-04 13:07:00,270.88,271.1,270.8401,271.07,52196
2026-05-04 13:08:00,271.05,271.15,270.885,270.9101,88705
2026-05-04 13:09:00,270.925,270.94,270.6,270.64,49384
2026-05-04 13:10:00,270.65,270.78,270.55,270.78,38652
2026-05-04 13:11:00,270.79,270.8394,270.6,270.62,26053
2026-05-04 13:12:00,270.59,270.66,270.53,270.62,40631
2026-05-04 13:13:00,270.61,270.64,270.4,270.5201,40118
2026-05-04 13:14:00,270.5495,270.753,270.5,270.66,38892
2026-05-04 13:15:00,270.65,270.71,270.511,270.615,36287
2026-05-04 13:16:00,270.59,270.64,270.52,270.57,19809
2026-05-04 13:17:00,270.57,271.01,270.4,270.89,84359
2026-05-04 13:18:00,270.9,271.28,270.88,271.22,78491
2026-05-04 13:19:00,271.235,271.36,271.235,271.32,46830
2026-05-04 13:20:00,271.32,271.565,271.32,271.3601,80327
2026-05-04 13:21:00,271.363,271.48,271.3,271.38,60030
2026-05-04 13:22:00,271.38,271.5,271.3,271.3399,42504
2026-05-04 13:23:00,271.34,271.47,271.34,271.43,31671
2026-05-04 13:24:00,271.45,271.55,271.38,271.44,42939
2026-05-04 13:25:00,271.44,271.56,271.35,271.355,53144
2026-05-04 13:26:00,271.3599,271.38,271.2601,271.2601,40450
2026-05-04 13:27:00,271.26,271.54,271.2201,271.5101,55206
2026-05-04 13:28:00,271.5201,271.6,271.48,271.54,51651
2026-05-04 13:29:00,271.55,271.69,271.43,271.69,36555
2026-05-04 13:30:00,271.66,271.74,271.57,271.725,54399
2026-05-04 13:31:00,271.74,271.74,271.57,271.69,32509
2026-05-04 13:32:00,271.7,271.97,271.6201,271.9,76603
2026-05-04 13:33:00,271.89,271.89,271.71,271.7499,31474
2026-05-04 13:34:00,271.73,271.76,271.425,271.435,45046
2026-05-04 13:35:00,271.45,271.47,271.27,271.415,40496
2026-05-04 13:36:00,271.44,271.5299,271.3504,271.46,28897
2026-05-04 13:37:00,271.46,271.469,271.2451,271.34,24282
2026-05-04 13:38:00,271.33,271.41,271.285,271.405,18791
2026-05-04 13:39:00,271.415,271.575,271.415,271.5601,29139
2026-05-04 13:40:00,271.56,271.58,271.45,271.45,21761
2026-05-04 13:41:00,271.4699,271.47,271.2745,271.33,23590
2026-05-04 13:42:00,271.3299,271.74,271.3,271.6601,50347
2026-05-04 13:43:00,271.69,271.73,271.61,271.655,26992
2026-05-04 13:44:00,271.66,271.7399,271.63,271.695,43609
2026-05-04 13:45:00,271.7,271.7,271.381,271.39,46004
2026-05-04 13:46:00,271.42,271.51,271.42,271.49,24841
2026-05-04 13:47:00,271.49,271.505,271.375,271.47,37013
2026-05-04 13:48:00,271.475,271.5,271.39,271.5,23038
2026-05-04 13:49:00,271.495,271.56,271.435,271.475,33906
2026-05-04 13:50:00,271.47,271.6308,271.45,271.6127,27428
2026-05-04 13:51:00,271.635,271.7,271.59,271.7,22690
2026-05-04 13:52:00,271.71,271.905,271.71,271.905,37050
2026-05-04 13:53:00,271.9,271.915,271.72,271.77,31403
2026-05-04 13:54:00,271.77,271.81,271.68,271.7899,57489
2026-05-04 13:55:00,271.78,271.835,271.76,271.77,36569
2026-05-04 13:56:00,271.76,271.765,271.59,271.605,28420
2026-05-04 13:57:00,271.61,271.89,271.58,271.855,37894
2026-05-04 13:58:00,271.84,271.93,271.83,271.87,51239
2026-05-04 13:59:00,271.87,271.925,271.78,271.785,40116
2026-05-04 14:00:00,271.76,271.8856,271.72,271.7891,33946
2026-05-04 14:01:00,271.7862,271.91,271.78,271.9009,36416
2026-05-04 14:02:00,271.9,272.0,271.8544,271.98,61294
2026-05-04 14:03:00,271.99,272.06,271.96,271.9669,48415
2026-05-04 14:04:00,271.95,272.0399,271.87,271.88,34608
2026-05-04 14:05:00,271.89,272.0,271.76,271.985,36000
2026-05-04 14:06:00,272.0,272.0,271.83,271.88,26222
2026-05-04 14:07:00,271.874,271.91,271.56,271.615,39493
2026-05-04 14:08:00,271.6,271.83,271.5301,271.75,45898
2026-05-04 14:09:00,271.71,271.76,271.5631,271.575,53475
2026-05-04 14:10:00,271.57,271.6,271.31,271.39,50084
2026-05-04 14:11:00,271.425,271.43,271.28,271.31,44094
2026-05-04 14:12:00,271.32,271.49,271.2,271.41,40197
2026-05-04 14:13:00,271.3801,271.47,271.3401,271.385,23671
2026-05-04 14:14:00,271.4,271.525,271.4,271.5043,40795
2026-05-04 14:15:00,271.505,271.56,271.485,271.5,38620
2026-05-04 14:16:00,271.5,271.51,271.33,271.38,27726
2026-05-04 14:17:00,271.39,271.43,271.3,271.36,28975
2026-05-04 14:18:00,271.36,271.4,271.26,271.31,30130
2026-05-04 14:19:00,271.32,271.4,271.23,271.39,30093
2026-05-04 14:20:00,271.38,271.385,271.25,271.31,22440
2026-05-04 14:21:00,271.2999,271.33,271.18,271.3095,45544
2026-05-04 14:22:00,271.3047,271.3047,271.2,271.2,20332
2026-05-04 14:23:00,271.19,271.205,271.02,271.2,39077
2026-05-04 14:24:00,271.2,271.25,271.15,271.21,21839
2026-05-04 14:25:00,271.18,271.19,271.065,271.09,37003
2026-05-04 14:26:00,271.07,271.19,270.81,270.84,74453
2026-05-04 14:27:00,270.83,270.83,270.63,270.7724,50182
2026-05-04 14:28:00,270.79,271.05,270.79,271.04,42060
2026-05-04 14:29:00,271.04,271.26,271.04,271.205,44385
2026-05-04 14:30:00,271.23,271.26,270.97,271.01,33439
2026-05-04 14:31:00,271.0,271.03,270.82,270.8801,56155
2026-05-04 14:32:00,270.89,270.91,270.78,270.8,36072
2026-05-04 14:33:00,270.81,270.925,270.78,270.83,45668
2026-05-04 14:34:00,270.82,270.93,270.77,270.93,49882
2026-05-04 14:35:00,270.92,270.93,270.78,270.85,57741
2026-05-04 14:36:00,270.85,270.85,270.7,270.79,41537
2026-05-04 14:37:00,270.79,270.8099,270.69,270.75,49594
2026-05-04 14:38:00,270.76,270.8,270.67,270.675,27347
2026-05-04 14:39:00,270.68,270.81,270.675,270.8,38763
2026-05-04 14:40:00,270.8,270.88,270.7501,270.83,40601
2026-05-04 14:41:00,270.84,270.885,270.77,270.82,33566
2026-05-04 14:42:00,270.83,270.8897,270.79,270.81,13787
2026-05-04 14:43:00,270.81,270.81,270.57,270.66,28161
2026-05-04 14:44:00,270.65,270.65,270.46,270.57,40524
2026-05-04 14:45:00,270.575,270.6,270.41,270.52,39378
2026-05-04 14:46:00,270.535,270.7,270.47,270.664,45428
2026-05-04 14:47:00,270.68,270.74,270.61,270.74,26683
2026-05-04 14:48:00,270.735,270.8699,270.65,270.8699,32873
2026-05-04 14:49:00,270.87,270.895,270.73,270.75,44571
2026-05-04 14:50:00,270.74,270.795,270.6962,270.6981,19440
2026-05-04 14:51:00,270.71,270.85,270.68,270.8,25078
2026-05-04 14:52:00,270.8301,270.84,270.39,270.6,47963
2026-05-04 14:53:00,270.6,270.6698,270.57,270.63,35091
2026-05-04 14:54:00,270.633,270.6655,270.5,270.54,20353
2026-05-04 14:55:00,270.54,270.75,270.52,270.73,51127
2026-05-04 14:56:00,270.73,270.77,270.68,270.74,44069
2026-05-04 14:57:00,270.75,270.8299,270.73,270.805,29763
2026-05-04 14:58:00,270.805,270.895,270.75,270.84,28550
2026-05-04 14:59:00,270.8467,271.0,270.81,270.915,55686
2026-05-04 15:00:00,270.92,270.96,270.86,270.868,44323
2026-05-04 15:01:00,270.86,270.87,270.78,270.805,40084
2026-05-04 15:02:00,270.81,270.8499,270.73,270.82,51736
2026-05-04 15:03:00,270.81,270.84,270.71,270.82,24276
2026-05-04 15:04:00,270.81,270.91,270.81,270.88,48007
2026-05-04 15:05:00,270.905,271.08,270.79,271.07,82025
2026-05-04 15:06:00,271.055,271.25,270.99,271.2399,170847
2026-05-04 15:07:00,271.25,271.51,271.225,271.35,77573
2026-05-04 15:08:00,271.35,271.48,271.22,271.25,47895
2026-05-04 15:09:00,271.26,271.425,271.26,271.39,39641
2026-05-04 15:10:00,271.355,271.4986,271.31,271.4,57857
2026-05-04 15:11:00,271.4,271.44,271.26,271.27,33213
2026-05-04 15:12:00,271.28,271.3363,271.23,271.3,38727
2026-05-04 15:13:00,271.29,271.34,271.23,271.335,38145
2026-05-04 15:14:00,271.335,271.455,271.25,271.428,43764
2026-05-04 15:15:00,271.44,271.495,271.35,271.35,38891
2026-05-04 15:16:00,271.36,271.48,271.36,271.3701,33872
2026-05-04 15:17:00,271.39,271.43,271.35,271.35,44542
2026-05-04 15:18:00,271.35,271.36,271.2,271.22,54078
2026-05-04 15:19:00,271.21,271.24,271.085,271.145,60086
2026-05-04 15:20:00,271.145,271.18,271.09,271.16,31948
2026-05-04 15:21:00,271.16,271.38,271.15,271.3617,63979
2026-05-04 15:22:00,271.385,271.4,271.27,271.32,48504
2026-05-04 15:23:00,271.34,271.54,271.32,271.52,67679
2026-05-04 15:24:00,271.53,271.57,271.34,271.38,69904
2026-05-04 15:25:00,271.38,271.51,271.22,271.375,59230
2026-05-04 15:26:00,271.38,271.46,271.32,271.43,28115
2026-05-04 15:27:00,271.44,271.59,271.44,271.525,46188
2026-05-04 15:28:00,271.52,271.6,271.49,271.585,46750
2026-05-04 15:29:00,271.59,271.72,271.59,271.72,52652
2026-05-04 15:30:00,271.73,271.76,271.58,271.61,58220
2026-05-04 15:31:00,271.6,271.77,271.585,271.74,43498
2026-05-04 15:32:00,271.73,271.92,271.67,271.89,77437
2026-05-04 15:33:00,271.891,271.93,271.81,271.81,29625
2026-05-04 15:34:00,271.81,271.87,271.52,271.54,50801
2026-05-04 15:35:00,271.53,271.7,271.515,271.685,44125
2026-05-04 15:36:00,271.7,271.7,271.57,271.615,25380
2026-05-04 15:37:00,271.625,271.63,271.52,271.62,24373
2026-05-04 15:38:00,271.6399,271.67,271.43,271.62,50953
2026-05-04 15:39:00,271.61,271.69,271.55,271.625,41523
2026-05-04 15:40:00,271.62,271.675,271.45,271.55,92599
2026-05-04 15:41:00,271.56,271.74,271.56,271.72,67144
2026-05-04 15:42:00,271.71,271.72,271.52,271.66,64749
2026-05-04 15:43:00,271.66,271.6658,271.5,271.53,57148
2026-05-04 15:44:00,271.54,271.54,271.43,271.44,44430
2026-05-04 15:45:00,271.43,271.43,271.135,271.2,58457
2026-05-04 15:46:00,271.17,271.29,271.12,271.17,49298
2026-05-04 15:47:00,271.175,271.28,271.17,271.24,38492
2026-05-04 15:48:00,271.27,271.3499,271.23,271.31,41006
2026-05-04 15:49:00,271.33,271.36,271.24,271.25,31570
2026-05-04 15:50:00,271.25,271.25,270.63,271.0688,153403
2026-05-04 15:51:00,271.08,271.28,271.0198,271.25,66159
2026-05-04 15:52:00,271.2799,271.35,271.09,271.1,68443
2026-05-04 15:53:00,271.09,271.3099,271.0362,271.275,72308
2026-05-04 15:54:00,271.28,271.28,271.0601,271.13,94524
2026-05-04 15:55:00,271.16,271.89,271.14,271.85,201264
2026-05-04 15:56:00,271.8517,271.8517,271.63,271.715,131968
2026-05-04 15:57:00,271.715,272.0,271.7,271.915,191476
2026-05-04 15:58:00,271.93,272.03,271.91,271.93,239418
2026-05-04 15:59:00,271.94,272.13,271.755,272.05,462590
2026-05-04 16:00:00,272.09,272.1,271.71,271.96,3734255
2026-05-04 16:01:00,271.75,271.75,271.71,271.71,2459
2026-05-04 16:02:00,271.7701,271.85,271.75,271.84,813
2026-05-04 16:03:00,271.84,271.95,271.8,271.9101,4432
2026-05-04 16:04:00,271.9,271.9,271.9,271.9,191
2026-05-04 16:05:00,271.92,271.92,271.75,271.85,920
2026-05-04 16:06:00,271.85,271.85,271.76,271.79,827
2026-05-04 16:07:00,271.83,271.89,271.7901,271.7901,1679
2026-05-04 16:08:00,271.83,271.83,271.8,271.8,233
2026-05-04 16:09:00,271.85,271.8848,271.82,271.82,1200
2026-05-04 16:10:00,271.85,271.85,271.81,271.8101,1100
2026-05-04 16:11:00,271.76,271.78,271.75,271.78,620
2026-05-04 16:12:00,271.75,271.85,271.55,271.61,6080
2026-05-04 16:13:00,271.61,271.61,271.61,271.61,100
2026-05-04 16:14:00,271.76,271.77,271.61,271.61,931
2026-05-04 16:15:00,271.8188,271.82,271.64,271.82,405
2026-05-04 16:16:00,271.61,271.6132,271.61,271.6132,400
2026-05-04 16:18:00,271.61,271.694,271.61,271.694,578
2026-05-04 16:19:00,271.61,271.61,271.61,271.61,171
2026-05-04 16:21:00,271.55,271.55,271.51,271.51,980
2026-05-04 16:22:00,271.57,271.5934,271.57,271.5934,200
2026-05-04 16:23:00,271.7,271.7,271.7,271.7,382
2026-05-04 16:24:00,271.72,271.72,271.72,271.72,804
2026-05-04 16:26:00,271.77,271.77,271.77,271.77,100
2026-05-04 16:28:00,271.8,271.8,271.8,271.8,400
2026-05-04 16:29:00,271.8,271.85,271.8,271.85,300
2026-05-04 16:30:00,271.75,271.75,271.75,271.75,114
2026-05-04 16:32:00,271.7609,271.7609,271.7609,271.7609,400
2026-05-04 16:33:00,271.85,271.89,271.8499,271.89,2571
2026-05-04 16:34:00,271.92,271.9753,271.9,271.9753,334
2026-05-04 16:35:00,271.91,271.91,271.8,271.8,700
2026-05-04 16:36:00,271.85,271.85,271.85,271.85,100
2026-05-04 16:37:00,271.77,271.77,271.77,271.77,219
2026-05-04 16:38:00,271.8,271.98,271.8,271.98,500
2026-05-04 16:39:00,271.77,271.77,271.77,271.77,1000
2026-05-04 16:40:00,271.77,271.77,271.56,271.7,400
2026-05-04 16:41:00,271.75,271.75,271.75,271.75,100
2026-05-04 16:43:00,271.62,271.72,271.5876,271.5876,1002
2026-05-04 16:44:00,271.63,271.63,271.63,271.63,164
2026-05-04 16:46:00,271.5716,271.58,271.57,271.5701,5097
2026-05-04 16:47:00,271.69,271.7,271.69,271.7,200
2026-05-04 16:48:00,271.78,271.78,271.7401,271.7448,2495
2026-05-04 16:49:00,271.71,271.73,271.65,271.69,2021
2026-05-04 16:50:00,271.74,271.74,271.69,271.74,1222
2026-05-04 16:51:00,271.695,271.7,271.69,271.6999,700
2026-05-04 16:52:00,271.68,271.73,271.63,271.73,2437
2026-05-04 16:53:00,271.5821,271.73,271.5821,271.73,550
2026-05-04 16:54:00,271.61,271.61,271.6,271.6,350
2026-05-04 16:56:00,271.68,271.69,271.68,271.69,730
2026-05-04 16:57:00,271.6861,271.6861,271.65,271.65,558
2026-05-04 16:58:00,271.7,271.7,271.7,271.7,100
2026-05-04 16:59:00,271.71,271.71,271.71,271.71,100
2026-05-04 17:00:00,271.73,271.8,271.73,271.8,350
2026-05-04 17:01:00,271.66,271.66,271.66,271.66,198
2026-05-04 17:02:00,271.75,271.75,271.75,271.75,100
2026-05-04 17:03:00,271.66,271.8,271.66,271.8,5943
2026-05-04 17:04:00,271.8,271.8,271.8,271.8,150
2026-05-04 17:05:00,271.8,271.8,271.7652,271.7652,600
2026-05-04 17:06:00,271.8,271.85,271.79,271.8203,4863
2026-05-04 17:07:00,271.8985,271.9,271.89,271.89,1658
2026-05-04 17:08:00,271.9,271.95,271.9,271.9,2636
2026-05-04 17:09:00,271.8,271.83,271.8,271.83,315
2026-05-04 17:10:00,271.9,271.9,271.9,271.9,399
2026-05-04 17:12:00,271.83,271.8301,271.83,271.8301,1300
2026-05-04 17:13:00,271.83,271.89,271.8,271.89,1800
2026-05-04 17:14:00,271.9,271.92,271.9,271.92,1526
2026-05-04 17:15:00,271.91,271.92,271.9,271.9026,1100
2026-05-04 17:17:00,271.9,271.92,271.9,271.9,400
2026-05-04 17:18:00,271.9,271.9,271.9,271.9,872
2026-05-04 17:19:00,271.92,271.92,271.92,271.92,200
2026-05-04 17:20:00,271.92,271.92,271.9199,271.92,525
2026-05-04 17:21:00,271.93,271.93,271.93,271.93,100
2026-05-04 17:22:00,271.94,272.0,271.94,272.0,3713
2026-05-04 17:23:00,272.01,272.05,272.0,272.05,1696
2026-05-04 17:24:00,272.05,272.1,272.05,272.05,8216
2026-05-04 17:25:00,272.2784,272.2784,272.24,272.2499,700
2026-05-04 17:27:00,272.2499,272.2499,272.11,272.2,2401
2026-05-04 17:28:00,272.25,272.25,272.2,272.25,4600
2026-05-04 17:29:00,272.23,272.32,272.2005,272.32,986
2026-05-04 17:30:00,272.32,272.32,272.21,272.21,700
2026-05-04 17:32:00,272.29,272.29,272.29,272.29,100
2026-05-04 17:33:00,272.2,272.2,272.2,272.2,149
2026-05-04 17:34:00,272.17,272.17,272.17,272.17,100
2026-05-04 17:35:00,272.2,272.2,272.2,272.2,303
2026-05-04 17:36:00,272.19,272.19,272.19,272.19,100
2026-05-04 17:38:00,272.0991,272.0991,272.0991,272.0991,135
2026-05-04 17:39:00,272.0,272.0,272.0,272.0,100
2026-05-04 17:41:00,271.9909,271.9909,271.9909,271.9909,100
2026-05-04 17:42:00,271.99,272.0,271.93,271.99,3295
2026-05-04 17:43:00,271.8,271.8,271.8,271.8,1200
2026-05-04 17:44:00,271.99,271.99,271.99,271.99,100
2026-05-04 17:45:00,271.97,272.1,271.97,272.09,2017
2026-05-04 17:47:00,272.09,272.213,272.09,272.213,2925
2026-05-04 17:48:00,272.26,272.26,272.26,272.26,100
2026-05-04 17:52:00,272.2,272.2,272.2,272.2,100
2026-05-04 17:54:00,272.35,272.35,272.26,272.26,1800
2026-05-04 17:56:00,272.34,272.42,272.31,272.36,1918
2026-05-04 17:58:00,272.35,272.4389,272.35,272.35,1868
2026-05-04 17:59:00,272.3971,272.4,272.35,272.375,2172
2026-05-04 18:00:00,272.4,272.4,272.4,272.4,351
2026-05-04 18:01:00,272.43,272.4981,272.404,272.4981,503
2026-05-04 18:02:00,272.5,272.6989,272.5,272.58,8659
2026-05-04 18:03:00,272.59,272.59,272.59,272.59,1428
2026-05-04 18:04:00,272.5,272.55,272.5,272.539,2386
2026-05-04 18:05:00,272.5326,272.59,272.5,272.59,5329
2026-05-04 18:06:00,272.6986,272.6986,272.61,272.69,500
2026-05-04 18:07:00,272.62,272.69,272.62,272.69,1362
2026-05-04 18:09:00,272.69,272.88,272.69,272.84,400
2026-05-04 18:10:00,272.79,272.79,272.6,272.6,603
2026-05-04 18:11:00,272.75,272.79,272.75,272.79,712
2026-05-04 18:13:00,272.7,272.7,272.7,272.7,100
2026-05-04 18:14:00,272.66,272.66,272.66,272.66,129
2026-05-04 18:15:00,272.69,272.84,272.69,272.78,1878
2026-05-04 18:16:00,272.7414,272.7414,272.5999,272.5999,1162
2026-05-04 18:17:00,272.75,272.75,272.4649,272.4649,2165
2026-05-04 18:18:00,272.45,272.6,272.45,272.6,9029
2026-05-04 18:19:00,272.6,272.61,272.6,272.6,2362
2026-05-04 18:20:00,272.6,272.6522,272.6,272.6,800
2026-05-04 18:21:00,272.6522,272.6522,272.6,272.6,5303
2026-05-04 18:23:00,272.41,272.51,272.41,272.5,1049
2026-05-04 18:25:00,272.5,272.6,272.42,272.595,5550
2026-05-04 18:26:00,272.5,272.51,272.5,272.51,300
2026-05-04 18:27:00,272.55,272.6,272.55,272.55,1400
2026-05-04 18:28:00,272.47,272.47,272.47,272.47,100
2026-05-04 18:29:00,272.55,272.55,272.4369,272.55,300
2026-05-04 18:30:00,272.5,272.5,272.42,272.42,700
2026-05-04 18:31:00,272.5,272.5,272.5,272.5,200
2026-05-04 18:32:00,272.37,272.5,272.37,272.37,696
2026-05-04 18:33:00,272.53,272.53,272.53,272.53,100
2026-05-04 18:34:00,272.42,272.42,272.42,272.42,178
2026-05-04 18:35:00,272.39,272.46,272.39,272.4,909
2026-05-04 18:36:00,272.4,272.45,272.4,272.45,1735
2026-05-04 18:37:00,272.34,272.52,272.33,272.52,777
2026-05-04 18:38:00,272.5,272.5,272.5,272.5,150
2026-05-04 18:39:00,272.5,272.5,272.38,272.38,200
2026-05-04 18:40:00,272.45,272.4997,272.45,272.4997,423
2026-05-04 18:42:00,272.42,272.42,272.38,272.38,1150
2026-05-04 18:43:00,272.42,272.42,272.42,272.42,379
2026-05-04 18:44:00,272.5,272.5,272.4,272.5,2340
2026-05-04 18:45:00,272.413,272.5,272.4117,272.4117,350
2026-05-04 18:46:00,272.47,272.5,272.42,272.42,350
2026-05-04 18:47:00,272.44,272.4776,272.4,272.4,1017
2026-05-04 18:48:00,272.4,272.4,272.4,272.4,400
2026-05-04 18:50:00,272.4,272.4,272.4,272.4,4829
2026-05-04 18:51:00,272.22,272.22,272.22,272.22,216
2026-05-04 18:52:00,272.23,272.25,272.23,272.23,699
2026-05-04 18:53:00,272.21,272.21,272.21,272.21,160
2026-05-04 18:54:00,272.21,272.21,272.2,272.2,532
2026-05-04 18:56:00,272.25,272.25,272.25,272.25,100
2026-05-04 18:57:00,272.22,272.22,272.22,272.22,100
2026-05-04 18:58:00,272.226,272.3,272.2,272.2,756
2026-05-04 19:00:00,272.22,272.22,272.22,272.22,100
2026-05-04 19:01:00,272.22,272.22,272.22,272.22,465
2026-05-04 19:02:00,272.27,272.27,272.27,272.27,130
2026-05-04 19:03:00,272.2065,272.2065,272.2065,272.2065,200
2026-05-04 19:05:00,272.21,272.21,272.21,272.21,632
2026-05-04 19:06:00,272.2,272.26,272.2,272.26,408
2026-05-04 19:08:00,272.26,272.26,272.2599,272.2599,344
2026-05-04 19:09:00,272.2435,272.2435,272.21,272.21,219
2026-05-04 19:10:00,272.29,272.29,272.29,272.29,200
2026-05-04 19:13:00,272.32,272.32,272.25,272.25,200
2026-05-04 19:14:00,272.34,272.35,272.34,272.35,492
2026-05-04 19:15:00,272.25,272.25,272.25,272.25,200
2026-05-04 19:17:00,272.25,272.25,272.25,272.25,200
2026-05-04 19:18:00,272.3109,272.3109,272.3109,272.3109,272
2026-05-04 19:19:00,272.32,272.32,272.3,272.3,974
2026-05-04 19:20:00,272.22,272.22,272.22,272.22,414
2026-05-04 19:21:00,272.3044,272.3044,272.26,272.26,200
2026-05-04 19:22:00,272.2591,272.2591,272.18,272.18,1681
2026-05-04 19:23:00,272.0,272.0,272.0,272.0,160
2026-05-04 19:24:00,272.03,272.15,272.03,272.15,400
2026-05-04 19:25:00,272.02,272.02,272.02,272.02,300
2026-05-04 19:26:00,272.0,272.0,271.99,271.99,200
2026-05-04 19:27:00,272.0,272.0,272.0,272.0,660
2026-05-04 19:28:00,272.0068,272.0068,272.0068,272.0068,100
2026-05-04 19:29:00,271.95,272.1134,271.95,272.1134,250
2026-05-04 19:30:00,271.95,271.97,271.95,271.97,520
2026-05-04 19:32:00,271.97,271.97,271.97,271.97,109
2026-05-04 19:34:00,271.9,271.9,271.9,271.9,150
2026-05-04 19:36:00,271.9,271.9,271.9,271.9,150
2026-05-04 19:40:00,272.1,272.1,272.1,272.1,100
2026-05-04 19:43:00,272.0,272.0,272.0,272.0,128
2026-05-04 19:44:00,272.1,272.1,272.0046,272.0046,2300
2026-05-04 19:45:00,272.0087,272.01,272.0,272.0,661
2026-05-04 19:46:00,272.03,272.03,272.03,272.03,300
2026-05-04 19:47:00,272.0185,272.0185,272.0185,272.0185,500
2026-05-04 19:48:00,272.03,272.03,272.03,272.03,300
2026-05-04 19:49:00,272.03,272.03,272.03,272.03,1197
2026-05-04 19:50:00,272.03,272.03,272.0,272.0,200
2026-05-04 19:51:00,272.0,272.0,272.0,272.0,249
2026-05-04 19:52:00,271.99,271.99,271.99,271.99,100
2026-05-04 19:53:00,271.9,271.9,271.8,271.8,200
2026-05-04 19:54:00,271.8,271.98,271.8,271.98,200
2026-05-04 19:55:00,271.98,271.99,271.98,271.99,200
2026-05-04 19:56:00,272.03,272.19,272.03,272.1825,1125
2026-05-04 19:57:00,272.15,272.15,272.15,272.15,249
2026-05-04 19:59:00,272.14,272.14,272.0,272.0,389
2026-05-05 04:00:00,273.12,273.76,272.5324,273.41,38030
2026-05-05 04:01:00,273.37,273.52,272.7,273.4,4782
2026-05-05 04:02:00,273.4,273.4,273.4,273.4,144
2026-05-05 04:05:00,273.5,273.52,273.24,273.27,1011
2026-05-05 04:06:00,273.48,273.75,273.48,273.75,1147
2026-05-05 04:07:00,272.98,272.98,272.98,272.98,100
2026-05-05 04:09:00,273.55,273.55,273.55,273.55,127
2026-05-05 04:11:00,273.56,273.64,273.56,273.64,500
2026-05-05 04:12:00,273.75,273.75,273.75,273.75,100
2026-05-05 04:13:00,273.61,273.61,273.6,273.6,267
2026-05-05 04:14:00,273.99,273.99,273.9,273.95,420
2026-05-05 04:15:00,273.92,273.9437,273.92,273.9437,500
2026-05-05 04:16:00,273.99,274.06,273.78,274.06,1689
2026-05-05 04:17:00,273.7868,273.7868,273.7868,273.7868,200
2026-05-05 04:19:00,274.03,274.03,274.03,274.03,100
2026-05-05 04:20:00,274.03,274.03,273.88,273.88,3988
2026-05-05 04:21:00,274.0,274.0,274.0,274.0,300
2026-05-05 04:22:00,274.1,274.1,274.1,274.1,100
2026-05-05 04:25:00,274.06,274.06,274.06,274.06,102
2026-05-05 04:32:00,273.9,273.9,273.9,273.9,100
2026-05-05 04:33:00,273.97,273.99,273.97,273.99,881
2026-05-05 04:35:00,273.8,273.8,273.72,273.72,329
2026-05-05 04:38:00,273.7,273.7,273.68,273.7,1397
2026-05-05 04:40:00,274.15,274.15,274.15,274.15,100
2026-05-05 04:41:00,273.71,273.71,273.71,273.71,100
2026-05-05 04:42:00,274.0,274.0,274.0,274.0,134
2026-05-05 04:45:00,273.7,273.74,273.68,273.74,1097
2026-05-05 04:48:00,273.64,273.64,273.64,273.64,250
2026-05-05 04:51:00,273.55,273.55,273.55,273.55,100
2026-05-05 04:53:00,273.62,273.62,273.62,273.62,100
2026-05-05 04:54:00,273.5645,273.59,273.55,273.55,334
2026-05-05 04:55:00,273.57,273.57,273.5,273.5,1303
2026-05-05 04:57:00,273.51,273.58,273.51,273.58,235
2026-05-05 04:58:00,273.25,273.25,273.25,273.25,100
2026-05-05 05:00:00,273.49,273.49,273.49,273.49,451
2026-05-05 05:02:00,273.46,273.49,273.41,273.41,700
2026-05-05 05:10:00,273.57,273.57,273.57,273.57,100
2026-05-05 05:12:00,273.59,273.59,273.59,273.59,100
2026-05-05 05:14:00,273.62,273.62,273.62,273.62,200
2026-05-05 05:15:00,273.51,273.51,273.51,273.51,500
2026-05-05 05:17:00,273.8,273.8,273.8,273.8,100
2026-05-05 05:20:00,273.4286,273.4286,273.4286,273.4286,150
2026-05-05 05:23:00,273.7609,273.7609,273.7609,273.7609,150
2026-05-05 05:32:00,273.808,273.808,273.808,273.808,200
2026-05-05 05:33:00,273.95,273.95,273.95,273.95,100
2026-05-05 05:34:00,273.949,273.949,273.949,273.949,1922
2026-05-05 05:38:00,273.7,273.7,273.7,273.7,200
2026-05-05 05:39:00,273.88,273.88,273.88,273.88,109
2026-05-05 05:43:00,273.74,273.74,273.74,273.74,125
2026-05-05 05:45:00,273.8,273.84,273.8,273.84,468
2026-05-05 05:46:00,273.87,273.9,273.86,273.9,300
2026-05-05 05:47:00,273.98,273.98,273.98,273.98,100
2026-05-05 05:48:00,273.87,273.87,273.87,273.87,127
2026-05-05 05:51:00,273.5449,273.5449,273.5449,273.5449,327
2026-05-05 05:52:00,273.75,273.75,273.75,273.75,100
2026-05-05 05:53:00,273.83,273.83,273.81,273.82,350
2026-05-05 06:13:00,273.73,273.73,273.73,273.73,100
2026-05-05 06:21:00,273.75,273.78,273.75,273.78,547
2026-05-05 06:28:00,273.79,273.81,273.78,273.78,899
2026-05-05 06:32:00,273.65,273.65,273.65,273.65,100
2026-05-05 06:34:00,273.81,273.83,273.81,273.83,2284
2026-05-05 06:38:00,273.82,273.82,273.81,273.82,600
2026-05-05 06:42:00,273.78,273.78,273.69,273.69,200
2026-05-05 06:43:00,273.78,273.78,273.78,273.78,396
2026-05-05 06:48:00,273.8,273.8,273.8,273.8,250
2026-05-05 06:50:00,273.66,273.66,273.66,273.66,125
2026-05-05 06:51:00,273.63,273.8,273.63,273.8,300
2026-05-05 06:52:00,273.8,273.8,273.66,273.8,850
2026-05-05 06:54:00,273.56,273.56,273.56,273.56,234
2026-05-05 06:57:00,273.6,273.65,273.6,273.61,354
2026-05-05 07:00:00,273.69,273.8,273.3,273.46,8561
2026-05-05 07:01:00,273.5,273.5,273.21,273.4938,6986
2026-05-05 07:02:00,273.5,273.7627,273.4,273.59,1611
2026-05-05 07:03:00,273.55,273.59,273.5,273.57,3616
2026-05-05 07:04:00,273.76,273.76,273.76,273.76,100
2026-05-05 07:05:00,273.76,273.8,273.53,273.7821,1810
2026-05-05 07:06:00,273.77,273.77,273.77,273.77,950
2026-05-05 07:07:00,273.7899,273.7899,273.75,273.75,398
2026-05-05 07:08:00,273.77,273.77,273.762,273.762,200
2026-05-05 07:09:00,273.7523,273.7523,273.7225,273.75,2475
2026-05-05 07:10:00,273.79,273.96,273.7,273.79,3762
2026-05-05 07:11:00,273.8,273.8,273.7565,273.8,1409
2026-05-05 07:13:00,273.71,273.7699,273.7,273.7699,644
2026-05-05 07:14:00,273.7001,273.77,273.7001,273.76,1049
2026-05-05 07:15:00,273.704,273.8063,273.704,273.8063,1210
2026-05-05 07:16:00,273.7,273.85,273.7,273.74,1080
2026-05-05 07:17:00,273.79,273.79,273.65,273.65,3358
2026-05-05 07:18:00,273.73,273.757,273.6605,273.6605,1010
2026-05-05 07:19:00,273.69,273.69,273.6155,273.6155,2299
2026-05-05 07:20:00,273.65,273.65,273.5001,273.5001,550
2026-05-05 07:21:00,273.5,273.73,273.5,273.73,545
2026-05-05 07:22:00,273.7,273.7,273.6573,273.6573,600
2026-05-05 07:23:00,273.67,273.68,273.66,273.68,353
2026-05-05 07:24:00,273.73,273.73,273.73,273.73,1118
2026-05-05 07:25:00,273.8071,273.8071,273.8066,273.8066,334
2026-05-05 07:27:00,273.67,273.73,273.67,273.73,739
2026-05-05 07:28:00,273.5,273.71,273.5,273.69,472
2026-05-05 07:29:00,273.8,273.8,273.61,273.61,940
2026-05-05 07:30:00,273.8,273.8,273.6101,273.6299,470
2026-05-05 07:31:00,273.7784,273.7784,273.7784,273.7784,140
2026-05-05 07:32:00,273.75,273.8,273.75,273.8,1816
2026-05-05 07:33:00,273.66,273.8,273.66,273.8,330
2026-05-05 07:34:00,273.7853,273.7853,273.7853,273.7853,200
2026-05-05 07:35:00,273.7894,273.7894,273.78,273.78,575
2026-05-05 07:36:00,273.78,273.8,273.75,273.75,1735
2026-05-05 07:37:00,273.7695,273.78,273.7695,273.78,625
2026-05-05 07:38:00,273.75,273.75,273.75,273.75,310
2026-05-05 07:39:00,273.74,273.74,273.74,273.74,224
2026-05-05 07:41:00,273.7,273.7,273.7,273.7,100
2026-05-05 07:43:00,273.66,273.69,273.66,273.69,950
2026-05-05 07:44:00,273.6303,273.7,273.63,273.7,1661
2026-05-05 07:45:00,273.64,273.64,273.58,273.58,3053
2026-05-05 07:46:00,273.58,273.6,273.51,273.51,2419
2026-05-05 07:47:00,273.59,273.61,273.52,273.52,706
2026-05-05 07:48:00,273.5287,273.5785,273.5287,273.5785,380
2026-05-05 07:49:00,273.5598,273.5598,273.5598,273.5598,150
2026-05-05 07:50:00,273.5434,273.5634,273.5,273.5634,1675
2026-05-05 07:51:00,273.49,273.49,273.48,273.48,506
2026-05-05 07:52:00,273.3955,273.6999,273.3955,273.45,1350
2026-05-05 07:53:00,273.48,273.48,273.45,273.45,996
2026-05-05 07:54:00,273.39,273.4,273.39,273.4,309
2026-05-05 07:55:00,273.3417,273.3417,273.3417,273.3417,190
2026-05-05 07:56:00,273.28,273.3907,273.28,273.3045,1348
2026-05-05 07:57:00,273.2819,273.2819,273.2819,273.2819,1000
2026-05-05 07:58:00,273.33,273.38,273.287,273.38,1496
2026-05-05 07:59:00,273.4,273.4,273.35,273.3615,9419
2026-05-05 08:00:00,273.35,273.59,273.35,273.59,1695
2026-05-05 08:02:00,273.32,273.4968,273.32,273.4968,581
2026-05-05 08:03:00,273.4,273.43,273.34,273.42,1140
2026-05-05 08:04:00,273.4984,273.4984,273.4984,273.4984,100
2026-05-05 08:05:00,273.44,273.4953,273.4,273.4953,1745
2026-05-05 08:06:00,273.48,273.7,273.48,273.7,605
2026-05-05 08:07:00,273.7,273.7,273.6478,273.6478,285
2026-05-05 08:08:00,273.6802,273.74,273.58,273.74,1030
2026-05-05 08:10:00,273.74,273.81,273.7287,273.81,9656
2026-05-05 08:11:00,273.79,273.89,273.79,273.89,410
2026-05-05 08:12:00,273.9,273.94,273.89,273.94,2472
2026-05-05 08:13:00,273.9,273.9,273.9,273.9,100
2026-05-05 08:14:00,273.92,274.33,273.92,274.25,10600
2026-05-05 08:15:00,274.45,274.79,274.43,274.44,4208
2026-05-05 08:16:00,274.43,274.5,274.43,274.5,1568
2026-05-05 08:17:00,274.3,274.49,274.3,274.49,300
2026-05-05 08:18:00,274.3,274.5,274.3,274.35,1831
2026-05-05 08:19:00,274.31,274.4,274.3093,274.326,2536
2026-05-05 08:20:00,274.32,274.4,274.15,274.37,3256
2026-05-05 08:21:00,274.3,274.5,274.3,274.5,6492
2026-05-05 08:22:00,274.5363,274.5363,274.5363,274.5363,200
2026-05-05 08:23:00,274.57,274.6,273.73,274.0,14737
2026-05-05 08:24:00,273.89,273.89,273.76,273.8,947
2026-05-05 08:25:00,273.9248,273.97,273.9248,273.97,527
2026-05-05 08:26:00,273.97,273.97,273.97,273.97,400
2026-05-05 08:27:00,274.013,274.25,274.0,274.01,1171
2026-05-05 08:28:00,274.0,274.0175,274.0,274.0175,1238
2026-05-05 08:29:00,273.9995,273.9995,273.72,273.93,4005
2026-05-05 08:30:00,274.0,274.0,273.95,273.9805,1347
2026-05-05 08:31:00,273.93,273.93,273.93,273.93,100
2026-05-05 08:32:00,273.8601,273.99,273.8,273.99,2901
2026-05-05 08:33:00,273.83,273.83,273.5,273.5,7511
2026-05-05 08:34:00,273.82,273.82,273.35,273.52,1535
2026-05-05 08:35:00,273.769,273.769,273.769,273.769,200
2026-05-05 08:36:00,273.4,273.59,273.22,273.59,8254
2026-05-05 08:37:00,273.24,273.4318,273.22,273.31,893
2026-05-05 08:38:00,273.33,273.45,273.31,273.31,1962
2026-05-05 08:39:00,273.401,273.45,273.3,273.3,2100
2026-05-05 08:40:00,273.3,274.0,273.22,274.0,5785
2026-05-05 08:41:00,273.935,273.935,273.5,273.55,726
2026-05-05 08:42:00,273.7,273.7,273.55,273.55,300
2026-05-05 08:43:00,273.66,273.66,273.5,273.5,1927
2026-05-05 08:44:00,273.5,273.621,273.35,273.35,1808
2026-05-05 08:45:00,273.5588,273.5588,273.22,273.22,796
2026-05-05 08:46:00,273.3,273.4,273.3,273.4,400
2026-05-05 08:47:00,273.52,273.52,273.3,273.3,1400
2026-05-05 08:48:00,273.4392,273.4392,273.0316,273.059,1595
2026-05-05 08:49:00,273.1442,273.25,273.1442,273.25,525
2026-05-05 08:50:00,273.45,273.45,273.2166,273.45,1029
2026-05-05 08:51:00,273.34,273.34,273.34,273.34,128
2026-05-05 08:52:00,273.4,273.4471,273.38,273.38,440
2026-05-05 08:53:00,273.35,273.46,273.35,273.46,6333
2026-05-05 08:54:00,273.5,273.6404,273.5,273.6404,996
2026-05-05 08:55:00,273.6435,273.69,273.6435,273.69,1392
2026-05-05 08:56:00,273.62,273.66,273.62,273.66,1140
2026-05-05 08:57:00,273.6564,273.69,273.6564,273.69,243
2026-05-05 08:58:00,273.6564,273.7,273.61,273.61,650
2026-05-05 08:59:00,273.5113,273.5113,273.5113,273.5113,100
2026-05-05 09:00:00,273.61,273.7,273.61,273.7,472
2026-05-05 09:01:00,273.6,273.73,273.5651,273.73,1278
2026-05-05 09:02:00,273.68,273.83,273.68,273.79,4127
2026-05-05 09:03:00,273.93,274.19,273.93,274.19,8006
2026-05-05 09:04:00,274.1544,274.25,274.1544,274.222,9030
2026-05-05 09:05:00,274.2254,274.25,274.15,274.15,9158
2026-05-05 09:06:00,274.15,274.25,274.15,274.25,3844
2026-05-05 09:07:00,274.25,274.78,274.2495,274.6796,9222
2026-05-05 09:08:00,274.6052,274.77,274.51,274.71,6191
2026-05-05 09:09:00,274.6,274.77,274.53,274.55,6893
2026-05-05 09:10:00,274.64,274.64,274.55,274.5617,2611
2026-05-05 09:11:00,274.62,274.6532,274.2,274.3,8573
2026-05-05 09:12:00,274.3,274.59,274.2,274.2,2311
2026-05-05 09:13:00,274.23,274.3703,274.01,274.3703,1767
2026-05-05 09:14:00,274.2,274.2,274.0,274.07,5051
2026-05-05 09:15:00,274.2,274.3,274.0665,274.3,2577
2026-05-05 09:16:00,274.3761,274.3761,274.01,274.19,17706
2026-05-05 09:17:00,274.2,274.2504,274.2,274.25,1059
2026-05-05 09:18:00,274.25,274.28,274.0,274.0,1226
2026-05-05 09:19:00,274.0,274.19,273.9,274.0,4260
2026-05-05 09:20:00,274.1395,274.1395,274.0,274.0883,460
2026-05-05 09:21:00,274.08,274.25,274.08,274.1,3887
2026-05-05 09:22:00,274.09,274.2498,274.0,274.13,3024
2026-05-05 09:23:00,274.015,274.03,274.015,274.03,1209
2026-05-05 09:24:00,274.13,274.25,274.13,274.15,2188
2026-05-05 09:25:00,274.19,274.89,274.19,274.89,10044
2026-05-05 09:26:00,274.96,274.99,274.83,274.913,8581
2026-05-05 09:27:00,275.0,276.3,274.9514,275.91,46716
2026-05-05 09:28:00,276.07,276.66,275.91,276.1,48908
2026-05-05 09:29:00,276.05,276.25,275.67,276.2,18736
2026-05-05 09:30:00,276.075,277.72,275.5,276.35,1638819
2026-05-05 09:31:00,276.35,276.8,275.94,276.32,233572
2026-05-05 09:32:00,276.38,277.2,276.08,276.95,226197
2026-05-05 09:33:00,277.0,278.19,276.88,277.96,405364
2026-05-05 09:34:00,277.96,278.47,276.92,276.96,378932
2026-05-05 09:35:00,276.88,277.227,276.33,276.8,155755
2026-05-05 09:36:00,276.805,276.96,276.02,276.375,149339
2026-05-05 09:37:00,276.36,276.835,276.29,276.765,104635
2026-05-05 09:38:00,276.775,277.04,276.43,276.535,194023
2026-05-05 09:39:00,276.565,276.68,276.11,276.55,124161
2026-05-05 09:40:00,276.49,277.2999,276.46,277.21,162874
2026-05-05 09:41:00,277.235,277.8,276.9401,277.55,210670
2026-05-05 09:42:00,277.57,277.71,276.7,277.11,177415
2026-05-05 09:43:00,277.135,277.41,276.82,277.26,96565
2026-05-05 09:44:00,277.277,277.7,277.12,277.7,102833
2026-05-05 09:45:00,277.66,278.07,277.52,278.02,160638
2026-05-05 09:46:00,278.01,278.09,277.33,277.6,172274
2026-05-05 09:47:00,277.61,277.93,277.33,277.845,169237
2026-05-05 09:48:00,277.86,278.55,277.86,278.48,193972
2026-05-05 09:49:00,278.49,278.56,277.52,277.8,213597
2026-05-05 09:50:00,277.74,278.18,277.32,277.46,164638
2026-05-05 09:51:00,277.46,277.78,277.44,277.71,113644
2026-05-05 09:52:00,277.705,278.35,277.62,278.32,109545
2026-05-05 09:53:00,278.33,278.4,277.721,277.7799,103187
2026-05-05 09:54:00,277.75,277.8,276.6301,276.73,96796
2026-05-05 09:55:00,276.71,277.12,276.64,276.79,119897
2026-05-05 09:56:00,276.76,276.85,276.28,276.735,146666
2026-05-05 09:57:00,276.735,276.76,275.94,276.35,168676
2026-05-05 09:58:00,276.34,276.4,275.84,275.885,126336
2026-05-05 09:59:00,275.88,276.28,275.81,276.18,98835
2026-05-05 10:00:00,276.12,276.25,275.88,276.0901,102669
2026-05-05 10:01:00,276.07,276.56,276.05,276.47,97506
2026-05-05 10:02:00,276.47,276.63,276.0,276.0894,87815
2026-05-05 10:03:00,276.06,276.09,275.69,275.71,140290
2026-05-05 10:04:00,275.7011,276.1,275.69,276.08,86186
2026-05-05 10:05:00,276.08,276.08,275.48,275.705,103913
2026-05-05 10:06:00,275.7174,276.13,275.681,276.105,90092
2026-05-05 10:07:00,276.105,276.43,275.8601,276.25,147302
2026-05-05 10:08:00,276.2899,276.2899,275.635,275.94,97469
2026-05-05 10:09:00,275.89,276.14,275.858,276.04,47144
2026-05-05 10:10:00,276.08,276.22,275.62,275.625,71440
2026-05-05 10:11:00,275.625,275.67,275.51,275.62,53060
2026-05-05 10:12:00,275.64,275.9,275.3,275.8501,129401
2026-05-05 10:13:00,275.91,275.9999,275.37,275.47,59026
2026-05-05 10:14:00,275.44,275.4899,275.27,275.29,83737
2026-05-05 10:15:00,275.28,275.28,274.61,274.935,147779
2026-05-05 10:16:00,274.9011,275.07,274.7,275.04,54176
2026-05-05 10:17:00,275.0322,275.37,274.96,275.355,54329
2026-05-05 10:18:00,275.37,275.39,274.51,274.65,151195
2026-05-05 10:19:00,274.625,275.12,274.56,274.98,53690
2026-05-05 10:20:00,274.92,275.09,274.84,274.98,46602
2026-05-05 10:21:00,274.955,275.36,274.92,275.24,63890
2026-05-05 10:22:00,275.235,275.63,275.205,275.6025,112323
2026-05-05 10:23:00,275.6,275.79,275.315,275.39,122001
2026-05-05 10:24:00,275.39,275.81,275.38,275.56,83642
2026-05-05 10:25:00,275.58,275.71,275.24,275.46,135612
2026-05-05 10:26:00,275.46,275.88,275.46,275.72,94267
2026-05-05 10:27:00,275.73,275.91,275.72,275.81,78114
2026-05-05 10:28:00,275.84,275.9,275.615,275.83,101784
2026-05-05 10:29:00,275.83,275.93,275.67,275.92,82062
2026-05-05 10:30:00,275.92,276.3,275.92,276.25,98547
2026-05-05 10:31:00,276.2,276.26,276.08,276.165,57002
2026-05-05 10:32:00,276.15,276.25,276.07,276.1599,60588
2026-05-05 10:33:00,276.13,276.3,276.0401,276.05,87524
2026-05-05 10:34:00,276.0401,276.36,276.04,276.29,74016
2026-05-05 10:35:00,276.295,276.36,276.08,276.225,76818
2026-05-05 10:36:00,276.215,276.38,276.11,276.21,69529
2026-05-05 10:37:00,276.2,276.25,276.06,276.195,69871
2026-05-05 10:38:00,276.21,276.265,276.025,276.14,72852
2026-05-05 10:39:00,276.14,276.31,276.04,276.22,105635
2026-05-05 10:40:00,276.18,276.55,276.08,276.47,117926
2026-05-05 10:41:00,276.475,277.03,276.475,276.995,152174
2026-05-05 10:42:00,276.995,277.27,276.9508,277.0985,104504
2026-05-05 10:43:00,277.08,277.2,276.81,277.1,124146
2026-05-05 10:44:00,277.11,277.13,276.88,276.945,73258
2026-05-05 10:45:00,276.9383,277.03,276.82,277.03,64851
2026-05-05 10:46:00,277.03,277.13,276.3,276.325,138766
2026-05-05 10:47:00,276.31,276.39,276.07,276.11,92765
2026-05-05 10:48:00,276.09,276.17,275.78,276.045,92618
2026-05-05 10:49:00,276.085,276.2999,275.93,276.03,69382
2026-05-05 10:50:00,275.99,276.0,275.78,275.88,61336
2026-05-05 10:51:00,275.89,275.93,275.66,275.78,120948
2026-05-05 10:52:00,275.79,276.04,275.7,276.01,49713
2026-05-05 10:53:00,275.985,276.03,275.79,275.81,45108
2026-05-05 10:54:00,275.85,276.1999,275.85,276.165,49152
2026-05-05 10:55:00,276.18,276.25,275.95,276.0,55226
2026-05-05 10:56:00,275.975,276.09,275.95,276.065,49656
2026-05-05 10:57:00,276.05,276.155,275.99,276.06,53378
2026-05-05 10:58:00,276.08,276.2001,275.9,276.0351,78908
2026-05-05 10:59:00,276.035,276.14,275.88,276.05,76605
2026-05-05 11:00:00,276.06,276.185,275.6807,275.735,80612
2026-05-05 11:01:00,275.72,275.88,275.6,275.88,32407
2026-05-05 11:02:00,275.89,275.905,275.74,275.88,51079
2026-05-05 11:03:00,275.88,276.21,275.81,276.205,71115
2026-05-05 11:04:00,276.18,276.31,275.99,276.26,52504
2026-05-05 11:05:00,276.275,276.275,275.95,276.115,32075
2026-05-05 11:06:00,276.11,276.3,276.08,276.27,31778
2026-05-05 11:07:00,276.2782,276.34,276.15,276.29,45935
2026-05-05 11:08:00,276.3,276.33,275.89,275.9999,94572
2026-05-05 11:09:00,275.97,275.98,275.7701,275.83,55677
2026-05-05 11:10:00,275.825,275.88,275.52,275.55,40346
2026-05-05 11:11:00,275.51,275.58,275.2222,275.26,46480
2026-05-05 11:12:00,275.275,275.5,275.275,275.31,58977
2026-05-05 11:13:00,275.28,275.49,275.26,275.27,52054
2026-05-05 11:14:00,275.29,275.34,275.05,275.285,44087
2026-05-05 11:15:00,275.26,275.39,275.245,275.32,35010
2026-05-05 11:16:00,275.3053,275.34,275.04,275.1,46933
2026-05-05 11:17:00,275.09,275.26,274.75,274.79,57347
2026-05-05 11:18:00,274.8,275.1,274.68,275.05,75534
2026-05-05 11:19:00,275.07,275.26,275.065,275.19,37986
2026-05-05 11:20:00,275.23,275.245,275.13,275.19,22404
2026-05-05 11:21:00,275.19,275.63,275.19,275.6299,28306
2026-05-05 11:22:00,275.6,275.605,275.39,275.53,44735
2026-05-05 11:23:00,275.54,275.68,275.38,275.48,48976
2026-05-05 11:24:00,275.475,275.5299,275.35,275.375,37533
2026-05-05 11:25:00,275.37,275.82,275.36,275.7,40080
2026-05-05 11:26:00,275.71,275.95,275.7,275.855,67943
2026-05-05 11:27:00,275.84,275.91,275.72,275.745,47264
2026-05-05 11:28:00,275.745,275.78,275.54,275.5599,109313
2026-05-05 11:29:00,275.5599,275.69,275.44,275.66,40982
2026-05-05 11:30:00,275.67,276.01,275.62,275.97,60562
2026-05-05 11:31:00,275.95,276.08,275.89,276.045,61394
2026-05-05 11:32:00,276.0599,276.1,275.72,275.76,74360
2026-05-05 11:33:00,275.73,275.97,275.73,275.79,89130
2026-05-05 11:34:00,275.785,276.02,275.77,276.02,29155
2026-05-05 11:35:00,276.0,276.16,275.98,276.01,71234
2026-05-05 11:36:00,276.015,276.1899,275.87,276.07,37668
2026-05-05 11:37:00,276.0754,276.11,275.95,276.08,22880
2026-05-05 11:38:00,276.065,276.25,276.06,276.2,44874
2026-05-05 11:39:00,276.22,276.22,276.02,276.1,26053
2026-05-05 11:40:00,276.11,276.115,275.92,275.93,45424
2026-05-05 11:41:00,275.92,275.96,275.82,275.96,61176
2026-05-05 11:42:00,275.98,276.0499,275.87,275.9,36703
2026-05-05 11:43:00,275.92,276.035,275.88,275.9299,19899
2026-05-05 11:44:00,275.9,276.12,275.87,276.0501,42255
2026-05-05 11:45:00,276.07,276.28,276.0,276.16,51561
2026-05-05 11:46:00,276.16,276.22,276.06,276.105,44699
2026-05-05 11:47:00,276.11,276.18,276.0,276.02,31791
2026-05-05 11:48:00,276.02,276.03,275.89,275.945,26730
2026-05-05 11:49:00,275.94,276.115,275.93,276.115,27054
2026-05-05 11:50:00,276.11,276.161,276.03,276.06,29277
2026-05-05 11:51:00,276.055,276.11,275.9401,276.08,56539
2026-05-05 11:52:00,276.0701,276.2,276.05,276.18,34926
2026-05-05 11:53:00,276.18,276.23,276.125,276.14,29325
2026-05-05 11:54:00,276.14,276.1801,275.94,276.04,49555
2026-05-05 11:55:00,275.96,275.97,275.85,275.88,41720
2026-05-05 11:56:00,275.875,276.0,275.75,275.81,48658
2026-05-05 11:57:00,275.81,275.88,275.75,275.84,36981
2026-05-05 11:58:00,275.84,275.9,275.8201,275.835,33643
2026-05-05 11:59:00,275.84,275.95,275.81,275.93,26608
2026-05-05 12:00:00,275.94,275.99,275.5799,275.59,51242
2026-05-05 12:01:00,275.57,275.665,275.5,275.6599,28856
2026-05-05 12:02:00,275.65,275.92,275.59,275.92,43435
2026-05-05 12:03:00,275.94,275.9599,275.63,275.68,36236
2026-05-05 12:04:00,275.67,275.67,275.42,275.53,25873
2026-05-05 12:05:00,275.54,275.675,275.44,275.44,29260
2026-05-05 12:06:00,275.45,275.5,275.31,275.345,26714
2026-05-05 12:07:00,275.345,275.37,275.24,275.35,45734
2026-05-05 12:08:00,275.33,275.47,275.32,275.42,45054
2026-05-05 12:09:00,275.41,275.41,275.21,275.35,45330
2026-05-05 12:10:00,275.31,275.41,275.25,275.39,23257
2026-05-05 12:11:00,275.3999,275.3999,275.24,275.3,24003
2026-05-05 12:12:00,275.29,275.3,275.13,275.23,21998
2026-05-05 12:13:00,275.25,275.31,275.15,275.2,33500
2026-05-05 12:14:00,275.18,275.45,275.175,275.32,48826
2026-05-05 12:15:00,275.28,275.3233,275.22,275.28,23079
2026-05-05 12:16:00,275.275,275.275,275.15,275.19,32673
2026-05-05 12:17:00,275.18,275.23,275.05,275.05,28424
2026-05-05 12:18:00,275.05,275.17,275.04,275.155,46097
2026-05-05 12:19:00,275.155,275.18,274.96,275.04,75750
2026-05-05 12:20:00,275.035,275.4025,275.02,275.32,113502
2026-05-05 12:21:00,275.35,275.36,275.21,275.225,49841
2026-05-05 12:22:00,275.24,275.24,275.08,275.1,30475
2026-05-05 12:23:00,275.1,275.16,274.82,274.89,79290
2026-05-05 12:24:00,274.91,274.92,274.77,274.77,44090
2026-05-05 12:25:00,274.77,274.77,274.51,274.53,72152
2026-05-05 12:26:00,274.55,274.58,274.35,274.45,56277
2026-05-05 12:27:00,274.44,274.57,274.14,274.1799,87311
2026-05-05 12:28:00,274.145,274.37,274.01,274.275,97846
2026-05-05 12:29:00,274.29,274.29,273.925,273.95,74203
2026-05-05 12:30:00,273.94,274.13,273.85,274.07,83868
2026-05-05 12:31:00,274.1,274.1871,274.03,274.08,48593
2026-05-05 12:32:00,274.11,274.1396,274.02,274.07,47751
2026-05-05 12:33:00,274.05,274.08,273.865,273.91,35242
2026-05-05 12:34:00,273.905,273.98,273.89,273.97,31768
2026-05-05 12:35:00,273.975,274.03,273.89,273.89,34505
2026-05-05 12:36:00,273.905,274.06,273.8901,274.035,28231
2026-05-05 12:37:00,274.0399,274.0399,273.77,273.84,39825
2026-05-05 12:38:00,273.8501,273.8998,273.765,273.78,27708
2026-05-05 12:39:00,273.78,273.78,273.61,273.7,47890
2026-05-05 12:40:00,273.7,273.72,273.4735,273.4735,43777
2026-05-05 12:41:00,273.4703,273.74,273.46,273.715,36395
2026-05-05 12:42:00,273.71,273.8,273.6101,273.6758,46536
2026-05-05 12:43:00,273.68,273.7,273.57,273.65,21371
2026-05-05 12:44:00,273.63,273.645,273.52,273.5601,21558
2026-05-05 12:45:00,273.56,273.7198,273.41,273.71,40753
2026-05-05 12:46:00,273.69,273.75,273.57,273.65,20040
2026-05-05 12:47:00,273.67,273.68,273.55,273.63,29208
2026-05-05 12:48:00,273.63,273.684,273.36,273.419,32041
2026-05-05 12:49:00,273.42,273.5,273.3501,273.42,28807
2026-05-05 12:50:00,273.435,273.45,273.252,273.35,36516
2026-05-05 12:51:00,273.36,273.38,273.3,273.37,18531
2026-05-05 12:52:00,273.39,273.5,273.36,273.445,38633
2026-05-05 12:53:00,273.445,273.451,273.3,273.31,41485
2026-05-05 12:54:00,273.315,273.58,273.315,273.56,30731
2026-05-05 12:55:00,273.56,273.66,273.52,273.56,40129
2026-05-05 12:56:00,273.57,273.595,273.4425,273.495,43349
2026-05-05 12:57:00,273.495,273.5,273.35,273.3787,23422
2026-05-05 12:58:00,273.39,273.4499,273.26,273.26,20711
2026-05-05 12:59:00,273.26,273.3,273.1324,273.17,31045
2026-05-05 13:00:00,273.17,273.21,272.95,273.19,56202
2026-05-05 13:01:00,273.18,273.31,273.11,273.2,45047
2026-05-05 13:02:00,273.185,273.28,273.0406,273.12,41613
2026-05-05 13:03:00,273.14,273.17,273.04,273.06,57595
2026-05-05 13:04:00,273.07,273.09,272.82,272.8301,60943
2026-05-05 13:05:00,272.84,272.84,272.66,272.81,45607
2026-05-05 13:06:00,272.825,272.9297,272.645,272.65,51063
2026-05-05 13:07:00,272.63,272.78,272.48,272.755,46921
2026-05-05 13:08:00,272.75,272.7768,272.65,272.68,41623
2026-05-05 13:09:00,272.67,272.71,272.6,272.64,31944
2026-05-05 13:10:00,272.635,272.715,272.59,272.68,37837
2026-05-05 13:11:00,272.67,272.68,272.38,272.46,54913
2026-05-05 13:12:00,272.47,272.56,272.44,272.51,36207
2026-05-05 13:13:00,272.52,272.9,272.52,272.77,57678
2026-05-05 13:14:00,272.755,272.99,272.7508,272.985,42280
2026-05-05 13:15:00,272.99,273.11,272.99,273.1034,61185
2026-05-05 13:16:00,273.09,273.095,272.94,272.95,30344
2026-05-05 13:17:00,272.9201,272.995,272.83,272.9125,18750
2026-05-05 13:18:00,272.885,273.08,272.87,272.99,33335
2026-05-05 13:19:00,272.99,273.02,272.81,272.885,36273
2026-05-05 13:20:00,272.9,273.12,272.9,273.1098,26769
2026-05-05 13:21:00,273.095,273.15,273.01,273.135,24792
2026-05-05 13:22:00,273.15,273.305,273.11,273.22,31560
2026-05-05 13:23:00,273.2499,273.2499,273.17,273.19,27444
2026-05-05 13:24:00,273.18,273.305,273.18,273.28,40596
2026-05-05 13:25:00,273.275,273.375,273.22,273.34,38747
2026-05-05 13:26:00,273.36,273.56,273.3,273.5375,37072
2026-05-05 13:27:00,273.5599,273.63,273.51,273.535,35127
2026-05-05 13:28:00,273.525,273.65,273.42,273.635,33132
2026-05-05 13:29:00,273.63,273.7,273.6,273.68,50833
2026-05-05 13:30:00,273.69,273.89,273.69,273.825,48740
2026-05-05 13:31:00,273.805,273.805,273.59,273.6021,48110
2026-05-05 13:32:00,273.65,273.82,273.59,273.72,31731
2026-05-05 13:33:00,273.705,273.81,273.6301,273.751,29583
2026-05-05 13:34:00,273.74,273.825,273.69,273.775,32532
2026-05-05 13:35:00,273.75,273.85,273.58,273.665,51030
2026-05-05 13:36:00,273.665,273.785,273.66,273.7299,34723
2026-05-05 13:37:00,273.7,273.7299,273.51,273.595,30251
2026-05-05 13:38:00,273.59,273.61,273.41,273.4699,67555
2026-05-05 13:39:00,273.4301,273.44,273.36,273.36,19176
2026-05-05 13:40:00,273.375,273.4299,273.32,273.41,18166
2026-05-05 13:41:00,273.4299,273.575,273.395,273.395,26692
2026-05-05 13:42:00,273.4097,273.52,273.395,273.515,20181
2026-05-05 13:43:00,273.52,273.59,273.44,273.465,19699
2026-05-05 13:44:00,273.465,273.5,273.4,273.4533,24966
2026-05-05 13:45:00,273.455,273.55,273.455,273.47,12298
2026-05-05 13:46:00,273.4651,273.5,273.31,273.395,47166
2026-05-05 13:47:00,273.39,273.47,273.3101,273.39,22869
2026-05-05 13:48:00,273.4,273.49,273.365,273.44,25457
2026-05-05 13:49:00,273.425,273.5,273.365,273.4,20588
2026-05-05 13:50:00,273.4051,273.44,273.36,273.43,20643
2026-05-05 13:51:00,273.43,273.57,273.395,273.5501,25509
2026-05-05 13:52:00,273.57,273.71,273.5401,273.71,39485
2026-05-05 13:53:00,273.7,273.78,273.645,273.7088,24634
2026-05-05 13:54:00,273.695,273.765,273.65,273.685,29345
2026-05-05 13:55:00,273.675,273.73,273.55,273.655,33239
2026-05-05 13:56:00,273.655,273.78,273.64,273.78,18640
2026-05-05 13:57:00,273.79,274.02,273.6,274.02,95357
2026-05-05 13:58:00,274.015,274.09,273.99,274.0101,83377
2026-05-05 13:59:00,274.025,274.275,274.0,274.275,74198
2026-05-05 14:00:00,274.275,274.275,274.01,274.07,43826
2026-05-05 14:01:00,274.08,274.09,273.92,273.945,30890
2026-05-05 14:02:00,273.95,274.0599,273.91,274.03,40102
2026-05-05 14:03:00,274.025,274.03,273.89,273.9606,33348
2026-05-05 14:04:00,273.96,274.0,273.83,273.895,49242
2026-05-05 14:05:00,273.9,274.04,273.9,273.94,28121
2026-05-05 14:06:00,273.9301,273.98,273.6601,273.73,64372
2026-05-05 14:07:00,273.72,273.83,273.68,273.78,30527
2026-05-05 14:08:00,273.7731,273.9935,273.73,273.7811,27946
2026-05-05 14:09:00,273.77,273.815,273.52,273.608,35883
2026-05-05 14:10:00,273.5701,273.6859,273.5701,273.66,19972
2026-05-05 14:11:00,273.6521,273.71,273.5,273.53,65899
2026-05-05 14:12:00,273.52,273.83,273.52,273.805,21599
2026-05-05 14:13:00,273.805,273.82,273.6401,273.6401,42803
2026-05-05 14:14:00,273.679,273.7799,273.65,273.69,80719
2026-05-05 14:15:00,273.675,273.81,273.56,273.63,45698
2026-05-05 14:16:00,273.62,273.88,273.5901,273.77,74476
2026-05-05 14:17:00,273.76,273.84,273.73,273.76,28410
2026-05-05 14:18:00,273.76,273.805,273.7273,273.755,22335
2026-05-05 14:19:00,273.76,273.94,273.7491,273.94,29926
2026-05-05 14:20:00,273.9308,274.09,273.915,274.0601,53027
2026-05-05 14:21:00,274.0806,274.2,274.06,274.19,31513
2026-05-05 14:22:00,274.18,274.25,274.145,274.22,39299
2026-05-05 14:23:00,274.22,274.25,274.12,274.17,25083
2026-05-05 14:24:00,274.155,274.2,274.09,274.14,32800
2026-05-05 14:25:00,274.12,274.19,274.09,274.175,27485
2026-05-05 14:26:00,274.175,274.1971,274.11,274.16,38233
2026-05-05 14:27:00,274.1499,274.2,274.09,274.11,23773
2026-05-05 14:28:00,274.12,274.2,274.1,274.17,26054
2026-05-05 14:29:00,274.18,274.22,274.09,274.09,21995
2026-05-05 14:30:00,274.09,274.18,274.08,274.13,35918
2026-05-05 14:31:00,274.14,274.16,273.91,273.9399,49354
2026-05-05 14:32:00,273.925,274.03,273.925,273.96,19380
2026-05-05 14:33:00,273.96,273.97,273.83,273.83,16628
2026-05-05 14:34:00,273.82,273.83,273.72,273.7699,17718
2026-05-05 14:35:00,273.755,273.83,273.7401,273.7649,18606
2026-05-05 14:36:00,273.76,274.075,273.75,274.02,51880
2026-05-05 14:37:00,274.02,274.09,273.95,274.045,38015
2026-05-05 14:38:00,274.03,274.03,273.81,273.83,29939
2026-05-05 14:39:00,273.85,273.985,273.82,273.935,28646
2026-05-05 14:40:00,273.95,274.02,273.9301,274.0,30572
2026-05-05 14:41:00,273.9807,274.0599,273.91,273.94,18760
2026-05-05 14:42:00,273.94,273.96,273.9,273.94,22880
2026-05-05 14:43:00,273.95,273.9999,273.915,273.93,20704
2026-05-05 14:44:00,273.9045,273.93,273.8301,273.91,24424
2026-05-05 14:45:00,273.91,274.01,273.85,274.01,28806
2026-05-05 14:46:00,274.0,274.0,273.9,273.945,27969
2026-05-05 14:47:00,273.94,274.0599,273.9201,274.0599,21723
2026-05-05 14:48:00,274.04,274.11,274.04,274.06,27795
2026-05-05 14:49:00,274.07,274.07,273.96,273.97,23122
2026-05-05 14:50:00,273.97,274.07,273.935,274.02,15147
2026-05-05 14:51:00,274.02,274.06,273.96,273.98,27100
2026-05-05 14:52:00,273.99,274.03,273.92,273.95,33136
2026-05-05 14:53:00,273.94,273.95,273.775,273.83,48717
2026-05-05 14:54:00,273.83,273.8898,273.64,273.695,59857
2026-05-05 14:55:00,273.71,273.81,273.71,273.77,31261
2026-05-05 14:56:00,273.765,273.83,273.755,273.775,26283
2026-05-05 14:57:00,273.77,273.93,273.75,273.9299,17167
2026-05-05 14:58:00,273.93,273.9572,273.87,273.875,14450
2026-05-05 14:59:00,273.875,273.89,273.8,273.82,20207
2026-05-05 15:00:00,273.83,273.94,273.83,273.925,21363
2026-05-05 15:01:00,273.9299,274.24,273.9299,274.21,89834
2026-05-05 15:02:00,274.21,274.23,274.05,274.095,54465
2026-05-05 15:03:00,274.11,274.225,274.08,274.1397,27295
2026-05-05 15:04:00,274.125,274.19,274.1,274.165,15794
2026-05-05 15:05:00,274.165,274.31,274.15,274.205,45409
2026-05-05 15:06:00,274.2,274.229,274.09,274.1299,19927
2026-05-05 15:07:00,274.11,274.12,274.0401,274.0799,21345
2026-05-05 15:08:00,274.06,274.0691,273.95,273.9801,22209
2026-05-05 15:09:00,274.02,274.08,274.02,274.05,21892
2026-05-05 15:10:00,274.0799,274.15,274.07,274.15,31236
2026-05-05 15:11:00,274.17,274.2899,274.17,274.21,29457
2026-05-05 15:12:00,274.2,274.2,273.99,274.0,47986
2026-05-05 15:13:00,274.01,274.18,273.9901,274.14,40526
2026-05-05 15:14:00,274.13,274.13,274.02,274.08,27234
2026-05-05 15:15:00,274.08,274.09,273.95,274.02,48691
2026-05-05 15:16:00,274.015,274.04,273.97,273.9799,22062
2026-05-05 15:17:00,273.975,274.12,273.975,274.0208,25146
2026-05-05 15:18:00,274.03,274.1,273.95,274.09,37490
2026-05-05 15:19:00,274.09,274.25,274.09,274.185,39863
2026-05-05 15:20:00,274.19,274.205,274.09,274.12,28929
2026-05-05 15:21:00,274.12,274.14,274.02,274.0601,26578
2026-05-05 15:22:00,274.06,274.0798,273.89,273.89,33678
2026-05-05 15:23:00,273.91,274.0,273.88,273.98,28077
2026-05-05 15:24:00,273.98,274.04,273.935,273.935,28187
2026-05-05 15:25:00,273.935,274.04,273.93,274.02,20621
2026-05-05 15:26:00,274.03,274.075,273.67,273.68,43605
2026-05-05 15:27:00,273.705,273.78,273.63,273.7706,35476
2026-05-05 15:28:00,273.77,273.91,273.77,273.82,35459
2026-05-05 15:29:00,273.84,273.85,273.76,273.84,25262
2026-05-05 15:30:00,273.83,273.97,273.79,273.955,30937
2026-05-05 15:31:00,273.945,273.96,273.9,273.935,25551
2026-05-05 15:32:00,273.93,273.991,273.88,273.88,28316
2026-05-05 15:33:00,273.875,273.9,273.84,273.9,20161
2026-05-05 15:34:00,273.9,273.93,273.84,273.8623,24462
2026-05-05 15:35:00,273.87,273.9,273.592,273.655,61958
2026-05-05 15:36:00,273.655,273.71,273.56,273.62,57951
2026-05-05 15:37:00,273.63,273.71,273.62,273.65,38357
2026-05-05 15:38:00,273.645,273.7499,273.615,273.7499,42238
2026-05-05 15:39:00,273.75,273.76,273.68,273.75,30053
2026-05-05 15:40:00,273.75,273.76,273.675,273.7,34885
2026-05-05 15:41:00,273.71,273.71,273.57,273.6,44554
2026-05-05 15:42:00,273.61,273.72,273.61,273.66,52399
2026-05-05 15:43:00,273.66,273.93,273.66,273.93,47638
2026-05-05 15:44:00,273.94,273.94,273.8101,273.91,43810
2026-05-05 15:45:00,273.9,274.0996,273.85,274.03,96003
2026-05-05 15:46:00,274.02,274.13,274.02,274.12,50524
2026-05-05 15:47:00,274.11,274.14,274.05,274.13,47890
2026-05-05 15:48:00,274.1301,274.15,273.935,273.9399,55747
2026-05-05 15:49:00,273.94,273.95,273.77,273.845,49833
2026-05-05 15:50:00,273.84,273.84,273.47,273.525,100215
2026-05-05 15:51:00,273.52,273.59,273.45,273.55,64056
2026-05-05 15:52:00,273.5599,273.625,273.4901,273.6,73819
2026-05-05 15:53:00,273.59,273.76,273.55,273.755,77356
2026-05-05 15:54:00,273.75,274.25,273.59,274.02,143599
2026-05-05 15:55:00,274.01,274.0172,273.86,273.94,122329
2026-05-05 15:56:00,273.94,273.965,273.71,273.88,103626
2026-05-05 15:57:00,273.88,273.88,273.66,273.68,116015
2026-05-05 15:58:00,273.6799,273.725,273.62,273.7,138587
2026-05-05 15:59:00,273.71,273.71,273.5,273.5,269449
2026-05-05 16:00:00,273.55,273.7,273.523,273.7,4191442
2026-05-05 16:01:00,273.68,273.7,273.52,273.52,5364
2026-05-05 16:02:00,273.53,273.53,273.53,273.53,450
2026-05-05 16:03:00,273.53,273.53,273.4195,273.4195,931
2026-05-05 16:04:00,273.5,273.5,273.5,273.5,456
2026-05-05 16:05:00,273.52,273.53,273.51,273.53,1629
2026-05-05 16:06:00,273.3769,273.3769,273.3769,273.3769,400
2026-05-05 16:07:00,273.3699,273.3699,273.3699,273.3699,100
2026-05-05 16:08:00,273.49,273.49,273.49,273.49,146
2026-05-05 16:09:00,273.4,273.4,273.4,273.4,100
2026-05-05 16:10:00,273.3948,273.4,273.2,273.3,2921
2026-05-05 16:11:00,273.3,273.3,273.0825,273.0889,2285
2026-05-05 16:12:00,273.19,273.3,273.11,273.11,3885
2026-05-05 16:13:00,273.1375,273.1375,273.1375,273.1375,200
2026-05-05 16:14:00,273.3,273.58,273.3,273.3,5495
2026-05-05 16:15:00,273.3,273.3,273.3,273.3,2630
2026-05-05 16:16:00,273.28,273.3,273.2,273.2,513
2026-05-05 16:17:00,273.331,273.331,273.331,273.331,106
2026-05-05 16:18:00,273.35,273.35,273.35,273.35,215
2026-05-05 16:19:00,273.29,273.29,273.15,273.15,1216
2026-05-05 16:20:00,273.15,273.15,273.11,273.11,975
2026-05-05 16:21:00,273.1,273.1,273.1,273.1,1000
2026-05-05 16:22:00,273.07,273.126,273.05,273.1,1137
2026-05-05 16:23:00,273.05,273.05,272.76,272.94,4714
2026-05-05 16:24:00,272.7,272.7,272.26,272.26,4115
2026-05-05 16:25:00,272.4,272.4941,272.2,272.4,2626
2026-05-05 16:26:00,272.2,272.55,272.01,272.55,1672
2026-05-05 16:27:00,272.1056,272.25,272.0,272.25,1297
2026-05-05 16:28:00,272.25,272.34,272.2025,272.2025,1550
2026-05-05 16:29:00,272.01,272.0436,271.16,271.5,9001
2026-05-05 16:30:00,271.51,271.93,271.16,271.51,10961
2026-05-05 16:31:00,271.18,271.49,271.14,271.36,5979
2026-05-05 16:32:00,271.36,271.85,271.36,271.5,2744
2026-05-05 16:33:00,271.74,271.79,271.67,271.79,3940
2026-05-05 16:34:00,271.7666,271.79,271.57,271.7,4321
2026-05-05 16:35:00,271.78,271.79,271.7,271.73,7051
2026-05-05 16:36:00,271.74,271.9117,271.74,271.9117,4268
2026-05-05 16:37:00,271.99,272.49,271.99,272.4694,3377
2026-05-05 16:38:00,272.3308,272.68,272.3308,272.63,1520
2026-05-05 16:39:00,272.66,272.9,272.41,272.8999,5345
2026-05-05 16:40:00,272.81,272.86,272.8,272.8398,1927
2026-05-05 16:41:00,272.8,272.8296,272.8,272.81,1966
2026-05-05 16:42:00,272.8,272.852,272.8,272.8,1418
2026-05-05 16:43:00,272.8696,272.8696,272.65,272.65,3733
2026-05-05 16:44:00,272.68,272.68,272.5408,272.68,4388
2026-05-05 16:45:00,272.61,272.61,272.51,272.52,817
2026-05-05 16:46:00,272.59,272.6,272.53,272.53,1716
2026-05-05 16:47:00,272.51,272.51,272.51,272.51,850
2026-05-05 16:48:00,272.51,272.59,272.46,272.5,6073
2026-05-05 16:49:00,272.37,272.44,272.37,272.44,773
2026-05-05 16:50:00,272.5,272.56,272.5,272.52,2196
2026-05-05 16:51:00,272.7,272.79,272.7,272.79,1065
2026-05-05 16:52:00,272.65,272.65,272.6,272.6,3939
2026-05-05 16:53:00,272.75,272.75,272.61,272.61,500
2026-05-05 16:55:00,272.65,272.65,272.65,272.65,100
2026-05-05 16:56:00,272.7,272.71,272.7,272.71,1872
2026-05-05 16:57:00,272.78,272.8,272.7,272.7,1400
2026-05-05 16:58:00,272.7,272.7622,272.7,272.7622,1239
2026-05-05 16:59:00,272.75,272.75,272.7,272.75,700
2026-05-05 17:00:00,272.71,272.71,272.7,272.7065,300
2026-05-05 17:01:00,272.7,272.7,272.6,272.65,1793
2026-05-05 17:02:00,272.65,272.68,272.65,272.68,200
2026-05-05 17:03:00,272.6804,272.6804,272.6804,272.6804,100
2026-05-05 17:04:00,272.67,272.67,272.67,272.67,300
2026-05-05 17:05:00,272.71,272.75,272.59,272.68,6797
2026-05-05 17:06:00,272.68,272.75,272.6,272.6001,2673
2026-05-05 17:07:00,272.6,272.75,272.6,272.675,639
2026-05-05 17:08:00,272.6,272.6,272.59,272.59,995
2026-05-05 17:09:00,272.63,272.63,272.5,272.5,1373
2026-05-05 17:10:00,272.66,272.6831,272.57,272.57,408
2026-05-05 17:11:00,272.58,272.64,272.58,272.6218,300
2026-05-05 17:12:00,272.64,272.68,272.55,272.68,508
2026-05-05 17:13:00,272.55,272.55,272.55,272.55,971
2026-05-05 17:14:00,272.5,272.66,272.5,272.56,4600
2026-05-05 17:15:00,272.75,272.75,272.5,272.5,1452
2026-05-05 17:16:00,272.5,272.5956,272.5,272.5956,782
2026-05-05 17:17:00,272.51,272.58,272.51,272.58,500
2026-05-05 17:18:00,272.5,272.57,272.5,272.57,600
2026-05-05 17:19:00,272.5,272.5,272.35,272.5,2900
2026-05-05 17:20:00,272.03,272.08,272.03,272.08,243
2026-05-05 17:21:00,272.0568,272.2,272.0568,272.2,1689
2026-05-05 17:22:00,272.29,272.29,272.1,272.1,200
2026-05-05 17:23:00,272.3188,272.3875,272.2,272.3875,1077
2026-05-05 17:25:00,272.3,272.3,272.06,272.06,902
2026-05-05 17:26:00,272.11,272.11,272.09,272.09,1884
2026-05-05 17:27:00,272.04,272.04,271.85,271.85,5471
2026-05-05 17:28:00,271.85,271.9,271.5407,271.78,3556
2026-05-05 17:29:00,271.726,271.82,271.726,271.76,2704
2026-05-05 17:30:00,271.85,271.85,271.78,271.78,1586
2026-05-05 17:31:00,271.85,271.95,271.81,271.81,2402
2026-05-05 17:34:00,271.79,271.8,271.75,271.7934,1359
2026-05-05 17:35:00,271.72,271.72,271.68,271.71,3076
2026-05-05 17:36:00,271.6581,271.6581,271.6,271.6,1384
2026-05-05 17:37:00,271.66,271.66,271.66,271.66,100
2026-05-05 17:38:00,271.66,271.66,271.62,271.62,4512
2026-05-05 17:39:00,271.65,271.65,271.33,271.33,2711
2026-05-05 17:40:00,271.53,271.55,271.53,271.55,257
2026-05-05 17:41:00,271.65,271.8,271.6,271.8,568
2026-05-05 17:42:00,271.6201,271.6201,271.6201,271.6201,100
2026-05-05 17:43:00,271.7,271.7,271.6599,271.66,1502
2026-05-05 17:45:00,271.63,271.63,271.63,271.63,241
2026-05-05 17:46:00,271.62,271.63,271.5,271.5,700
2026-05-05 17:47:00,271.5,271.5,271.5,271.5,900
2026-05-05 17:49:00,271.369,271.369,271.2826,271.2826,541
2026-05-05 17:50:00,271.3,271.3,271.25,271.25,3895
2026-05-05 17:51:00,271.33,271.35,271.33,271.35,600
2026-05-05 17:52:00,271.3825,271.3825,271.3825,271.3825,500
2026-05-05 17:53:00,271.43,271.43,271.35,271.43,1150
2026-05-05 17:54:00,271.43,271.43,271.35,271.4001,650
2026-05-05 17:55:00,271.42,271.43,271.42,271.43,1000
2026-05-05 17:56:00,271.26,271.44,271.26,271.44,300
2026-05-05 17:57:00,271.22,271.27,271.15,271.15,1844
2026-05-05 17:58:00,271.22,271.22,271.1502,271.22,596
2026-05-05 17:59:00,271.27,271.54,271.27,271.35,708
2026-05-05 18:00:00,271.42,271.47,271.25,271.27,4985
2026-05-05 18:01:00,271.27,271.27,271.26,271.26,1300
2026-05-05 18:02:00,271.15,271.2,271.0,271.02,12972
2026-05-05 18:03:00,271.04,271.1,271.02,271.05,1534
2026-05-05 18:04:00,271.1,271.55,271.09,271.38,1865
2026-05-05 18:06:00,271.12,271.18,271.12,271.18,300
2026-05-05 18:07:00,271.16,271.24,271.16,271.23,1072
2026-05-05 18:08:00,271.2,271.5,271.2,271.29,1031
2026-05-05 18:09:00,271.2684,271.45,271.22,271.3,5449
2026-05-05 18:10:00,271.38,271.38,271.38,271.38,254
2026-05-05 18:11:00,271.2,271.38,271.2,271.23,3304
2026-05-05 18:12:00,271.0711,271.23,271.01,271.06,9454
2026-05-05 18:13:00,271.01,271.02,270.9,271.02,17677
2026-05-05 18:14:00,271.01,271.08,271.01,271.05,711
2026-05-05 18:15:00,271.03,271.23,271.03,271.2027,918
2026-05-05 18:16:00,271.19,271.19,271.14,271.1631,2340
2026-05-05 18:17:00,271.05,271.1,271.02,271.1,1500
2026-05-05 18:18:00,271.2,271.2297,271.2,271.2297,1461
2026-05-05 18:19:00,271.21,271.23,271.21,271.23,518
2026-05-05 18:20:00,271.39,271.39,271.3,271.33,2936
2026-05-05 18:21:00,271.37,271.3713,271.37,271.3713,3499
2026-05-05 18:22:00,271.37,271.45,271.36,271.45,2070
2026-05-05 18:23:00,271.4383,271.45,271.38,271.38,2726
2026-05-05 18:24:00,271.4856,271.4889,271.4383,271.4383,1700
2026-05-05 18:25:00,271.439,271.5,271.439,271.45,2513
2026-05-05 18:26:00,271.37,271.37,271.3215,271.3215,599
2026-05-05 18:27:00,271.12,271.12,271.03,271.03,500
2026-05-05 18:28:00,271.08,271.23,271.0299,271.0299,961
2026-05-05 18:29:00,271.2,271.2,271.2,271.2,200
2026-05-05 18:30:00,271.2,271.2,271.12,271.12,2210
2026-05-05 18:31:00,271.19,271.3,271.19,271.3,1292
2026-05-05 18:32:00,271.37,271.37,271.37,271.37,100
2026-05-05 18:33:00,271.47,271.47,271.47,271.47,100
2026-05-05 18:34:00,271.47,271.47,271.45,271.45,400
2026-05-05 18:35:00,271.5,271.5169,271.5,271.5169,500
2026-05-05 18:36:00,271.63,271.67,271.63,271.67,860
2026-05-05 18:37:00,271.6239,271.78,271.6239,271.78,1129
2026-05-05 18:38:00,271.7,272.2,271.6909,272.2,300
2026-05-05 18:39:00,271.83,271.83,271.8,271.8,680
2026-05-05 18:40:00,271.88,271.95,271.69,271.88,2022
2026-05-05 18:41:00,271.86,271.86,271.8383,271.8383,1197
2026-05-05 18:42:00,271.71,271.74,271.7,271.71,1500
2026-05-05 18:43:00,271.69,271.69,271.69,271.69,1300
2026-05-05 18:45:00,271.7383,271.7383,271.7383,271.7383,299
2026-05-05 18:46:00,271.65,271.6897,271.65,271.6897,556
2026-05-05 18:47:00,271.67,271.67,271.5,271.5,1205
2026-05-05 18:48:00,271.6466,271.6466,271.6466,271.6466,500
2026-05-05 18:49:00,271.6,271.65,271.6,271.65,730
2026-05-05 18:50:00,271.86,271.9,271.76,271.9,2871
2026-05-05 18:52:00,271.8,272.8,271.8,272.78,7963
2026-05-05 18:53:00,272.57,272.57,271.69,271.69,1045
2026-05-05 18:54:00,272.0,272.0,272.0,272.0,100
2026-05-05 18:55:00,272.01,272.5,272.01,272.5,950
2026-05-05 18:56:00,272.4008,272.5,272.4,272.4001,2286
2026-05-05 18:57:00,272.4,272.4,272.03,272.1,984
2026-05-05 18:58:00,272.24,272.24,272.12,272.23,618
2026-05-05 18:59:00,272.24,272.4,272.24,272.4,225
2026-05-05 19:00:00,272.4,272.4,272.3,272.4,1159
2026-05-05 19:01:00,272.4,272.469,272.3199,272.3199,5035
2026-05-05 19:02:00,272.31,272.4,272.2999,272.3,4774
2026-05-05 19:03:00,272.39,272.39,272.35,272.35,408
2026-05-05 19:04:00,272.38,272.4,272.38,272.4,456
2026-05-05 19:05:00,272.4,272.47,272.3995,272.468,1186
2026-05-05 19:06:00,272.44,272.4498,272.22,272.22,1182
2026-05-05 19:07:00,272.36,272.47,272.3,272.47,845
2026-05-05 19:08:00,272.5,272.58,272.5,272.55,1444
2026-05-05 19:09:00,272.7327,272.7327,272.55,272.55,1302
2026-05-05 19:10:00,272.76,272.78,272.7599,272.78,500
2026-05-05 19:11:00,272.68,272.68,272.6,272.6263,543
2026-05-05 19:12:00,272.65,272.74,272.6,272.74,1250
2026-05-05 19:13:00,272.68,272.74,272.68,272.74,830
2026-05-05 19:14:00,272.7992,272.7992,272.7992,272.7992,200
2026-05-05 19:15:00,272.8,273.11,272.8,273.0,2428
2026-05-05 19:16:00,273.0399,273.07,273.0,273.06,6895
2026-05-05 19:17:00,273.0001,273.02,272.8,272.8,5655
2026-05-05 19:18:00,272.98,272.98,272.78,272.78,1082
2026-05-05 19:19:00,272.9627,272.9627,272.84,272.84,320
2026-05-05 19:20:00,272.9714,272.9714,272.9714,272.9714,200
2026-05-05 19:21:00,272.9105,272.9105,272.8,272.9008,1500
2026-05-05 19:22:00,272.9,272.905,272.9,272.9,300
2026-05-05 19:23:00,272.79,272.79,272.78,272.78,400
2026-05-05 19:24:00,272.6888,272.75,272.6888,272.75,300
2026-05-05 19:25:00,272.75,272.75,272.7,272.75,500
2026-05-05 19:27:00,272.7,272.73,272.7,272.73,660
2026-05-05 19:28:00,272.68,272.75,272.68,272.75,2551
2026-05-05 19:29:00,272.8,272.8,272.8,272.8,170
2026-05-05 19:30:00,272.9,272.9,272.9,272.9,220
2026-05-05 19:31:00,272.85,272.85,272.79,272.81,939
2026-05-05 19:32:00,272.84,272.84,272.84,272.84,354
2026-05-05 19:33:00,272.89,272.89,272.89,272.89,100
2026-05-05 19:34:00,272.92,273.0,272.9199,273.0,1001
2026-05-05 19:36:00,273.18,273.18,273.1,273.1,200
2026-05-05 19:39:00,273.0312,273.1,272.97,272.97,369
2026-05-05 19:40:00,273.0,273.0,272.85,272.85,2737
2026-05-05 19:41:00,272.98,272.98,272.971,272.971,200
2026-05-05 19:43:00,272.9699,273.04,272.91,273.04,2071
2026-05-05 19:44:00,273.0,273.0,273.0,273.0,100
2026-05-05 19:46:00,273.04,273.04,273.04,273.04,379
2026-05-05 19:48:00,273.0,273.02,272.99,272.99,1633
2026-05-05 19:49:00,272.9552,272.9552,272.9,272.9,400
2026-05-05 19:50:00,272.895,272.895,272.895,272.895,125
2026-05-05 19:51:00,272.95,272.95,272.95,272.95,273
2026-05-05 19:52:00,272.93,272.93,272.81,272.81,1295
2026-05-05 19:53:00,272.79,272.79,272.79,272.79,123
2026-05-05 19:54:00,272.82,272.82,272.79,272.79,608
2026-05-05 19:55:00,272.68,272.76,272.68,272.6904,456
2026-05-05 19:56:00,272.72,272.72,272.72,272.72,100
2026-05-05 19:57:00,272.74,272.75,272.74,272.74,1478
2026-05-05 19:58:00,272.71,272.71,272.68,272.68,1135
2026-05-05 19:59:00,272.59,272.64,272.59,272.64,698
2026-05-06 04:00:00,272.97,273.2632,271.95,273.0,17901
2026-05-06 04:01:00,273.0,273.24,272.03,272.79,21604
2026-05-06 04:04:00,273.13,273.34,273.13,273.29,466
2026-05-06 04:06:00,273.26,273.26,273.26,273.26,100
2026-05-06 04:07:00,273.31,273.31,273.16,273.16,661
2026-05-06 04:09:00,273.15,273.15,273.15,273.15,100
2026-05-06 04:10:00,273.09,273.1,273.08,273.1,1123
2026-05-06 04:11:00,273.01,273.01,272.98,272.99,1331
2026-05-06 04:13:00,272.94,272.94,272.9,272.9,200
2026-05-06 04:14:00,272.89,272.89,272.85,272.85,996
2026-05-06 04:15:00,272.68,272.68,272.6,272.6,200
2026-05-06 04:16:00,272.68,272.68,272.68,272.68,200
2026-05-06 04:17:00,272.73,272.73,272.72,272.72,200
2026-05-06 04:19:00,272.85,272.85,272.85,272.85,150
2026-05-06 04:20:00,272.61,272.61,272.6,272.6,535
2026-05-06 04:21:00,272.55,272.55,272.41,272.48,1501
2026-05-06 04:22:00,272.45,272.45,272.38,272.38,313
2026-05-06 04:23:00,272.3867,272.3867,272.3867,272.3867,500
2026-05-06 04:24:00,272.34,272.34,272.34,272.34,100
2026-05-06 04:26:00,272.47,272.47,272.47,272.47,200
2026-05-06 04:28:00,272.47,272.47,272.47,272.47,134
2026-05-06 04:34:00,272.34,272.4,272.34,272.4,220
2026-05-06 04:36:00,272.405,272.48,272.405,272.48,455
2026-05-06 04:37:00,272.46,272.46,272.46,272.46,120
2026-05-06 04:39:00,272.55,272.55,272.28,272.28,975
2026-05-06 04:41:00,272.4,272.4,272.0,272.21,2921
2026-05-06 04:43:00,272.25,272.25,272.25,272.25,109
2026-05-06 04:46:00,272.31,272.35,272.31,272.35,428
2026-05-06 04:47:00,272.28,272.34,272.28,272.34,363
2026-05-06 04:48:00,272.3,272.3,272.0,272.0,2133
2026-05-06 04:49:00,272.0,272.0,272.0,272.0,500
2026-05-06 04:50:00,272.48,273.22,272.48,273.22,325
2026-05-06 04:51:00,273.2,273.2,272.93,272.93,776
2026-05-06 04:52:00,272.93,272.93,272.93,272.93,100
2026-05-06 04:53:00,273.19,273.3,273.14,273.15,1128
2026-05-06 04:54:00,273.0,273.28,273.0,273.25,660
2026-05-06 04:55:00,273.2571,273.93,273.2571,273.8,12593
2026-05-06 04:56:00,273.3552,274.0,273.3552,274.0,4225
2026-05-06 04:58:00,273.77,273.9,273.77,273.8446,742
2026-05-06 04:59:00,273.82,273.82,273.78,273.78,440
2026-05-06 05:00:00,273.68,273.74,273.68,273.74,451
2026-05-06 05:01:00,273.8666,273.8666,273.86,273.86,200
2026-05-06 05:02:00,273.67,273.99,273.67,273.98,2226
2026-05-06 05:03:00,273.88,273.88,273.46,273.75,847
2026-05-06 05:04:00,273.61,273.8,273.5,273.55,3068
2026-05-06 05:05:00,273.68,273.79,273.68,273.71,1477
2026-05-06 05:06:00,273.8682,273.8682,273.7,273.78,450
2026-05-06 05:07:00,273.78,273.78,273.3848,273.3848,201
2026-05-06 05:08:00,273.95,273.95,273.95,273.95,200
2026-05-06 05:09:00,273.58,273.69,273.58,273.69,450
2026-05-06 05:10:00,273.89,273.89,273.89,273.89,100
2026-05-06 05:11:00,273.93,273.93,273.93,273.93,183
2026-05-06 05:12:00,273.85,273.85,273.85,273.85,500
2026-05-06 05:13:00,273.8,273.95,273.8,273.95,433
2026-05-06 05:15:00,273.89,273.98,273.89,273.98,1649
2026-05-06 05:16:00,273.98,274.26,273.9,274.19,1757
2026-05-06 05:18:00,274.27,274.27,274.01,274.01,700
2026-05-06 05:19:00,274.0,274.1,274.0,274.1,772
2026-05-06 05:20:00,274.23,274.41,274.23,274.41,700
2026-05-06 05:21:00,274.4942,274.5,274.49,274.49,1900
2026-05-06 05:22:00,274.49,274.49,274.3,274.41,625
2026-05-06 05:23:00,274.74,274.74,274.52,274.52,1452
2026-05-06 05:24:00,274.46,274.46,274.46,274.46,100
2026-05-06 05:25:00,274.3,274.8,274.3,274.59,4395
2026-05-06 05:26:00,274.57,274.86,274.55,274.73,2302
2026-05-06 05:27:00,274.34,274.6175,274.34,274.6175,900
2026-05-06 05:28:00,274.55,274.74,274.55,274.7396,1036
2026-05-06 05:30:00,274.51,274.51,274.44,274.44,643
2026-05-06 05:31:00,274.57,274.57,274.57,274.57,106
2026-05-06 05:32:00,274.61,274.96,274.61,274.96,615
2026-05-06 05:33:00,274.85,274.85,274.85,274.85,300
2026-05-06 05:34:00,274.83,274.94,274.83,274.94,340
2026-05-06 05:35:00,274.89,274.89,274.78,274.78,731
2026-05-06 05:36:00,274.84,274.84,274.7117,274.7117,610
2026-05-06 05:37:00,274.86,274.9,274.85,274.9,1374
2026-05-06 05:38:00,274.7,274.71,274.7,274.71,225
2026-05-06 05:39:00,274.75,274.75,274.5,274.5,300
2026-05-06 05:40:00,274.7696,274.7696,274.7696,274.7696,256
2026-05-06 05:41:00,274.8102,274.82,274.79,274.82,542
2026-05-06 05:42:00,274.56,274.6,274.5,274.6,891
2026-05-06 05:43:00,274.63,274.63,274.63,274.63,108
2026-05-06 05:44:00,274.62,274.62,274.62,274.62,100
2026-05-06 05:45:00,274.82,274.82,274.6,274.65,473
2026-05-06 05:47:00,274.42,274.42,274.42,274.42,200
2026-05-06 05:49:00,274.42,274.42,274.42,274.42,137
2026-05-06 05:50:00,274.4754,274.4754,274.4754,274.4754,500
2026-05-06 05:51:00,274.39,274.72,274.38,274.72,6485
2026-05-06 05:52:00,274.82,275.09,274.82,275.09,5604
2026-05-06 05:53:00,275.43,275.51,275.4,275.5,1988
2026-05-06 05:54:00,275.44,275.44,275.44,275.44,200
2026-05-06 05:55:00,275.42,275.82,275.42,275.82,2963
2026-05-06 05:56:00,275.7755,275.79,275.58,275.58,840
2026-05-06 05:58:00,275.67,275.67,275.63,275.63,200
2026-05-06 05:59:00,275.6,275.6,275.5,275.5,390
2026-05-06 06:00:00,275.42,275.74,275.42,275.74,873
2026-05-06 06:01:00,275.69,275.69,275.69,275.69,176
2026-05-06 06:05:00,275.3,275.3,275.3,275.3,337
2026-05-06 06:06:00,275.38,275.48,275.38,275.4,1258
2026-05-06 06:07:00,275.35,275.35,275.35,275.35,100
2026-05-06 06:09:00,275.32,275.4753,275.32,275.4753,757
2026-05-06 06:10:00,275.46,275.46,275.46,275.46,100
2026-05-06 06:11:00,275.43,275.43,275.43,275.43,200
2026-05-06 06:12:00,275.27,275.28,275.2,275.23,1108
2026-05-06 06:13:00,275.31,275.31,275.31,275.31,111
2026-05-06 06:14:00,275.35,275.39,275.24,275.24,1777
2026-05-06 06:16:00,275.48,275.95,275.48,275.95,2987
2026-05-06 06:17:00,275.95,276.05,275.89,276.04,5674
2026-05-06 06:18:00,276.07,276.255,276.0,276.255,2409
2026-05-06 06:19:00,276.07,276.2,276.07,276.15,2150
2026-05-06 06:20:00,276.19,276.25,275.91,276.24,5345
2026-05-06 06:21:00,276.0,276.37,275.86,276.37,2629
2026-05-06 06:22:00,276.2,276.21,276.2,276.2,639
2026-05-06 06:23:00,276.1,276.1,276.1,276.1,1000
2026-05-06 06:24:00,276.19,276.2,276.19,276.2,249
2026-05-06 06:25:00,276.16,276.2,276.16,276.2,1662
2026-05-06 06:27:00,276.2,276.33,276.2,276.25,2230
2026-05-06 06:28:00,276.2,276.2,276.2,276.2,500
2026-05-06 06:29:00,276.18,276.5,276.09,276.44,2374
2026-05-06 06:30:00,276.44,276.44,276.269,276.28,826
2026-05-06 06:31:00,276.0306,276.0306,276.0306,276.0306,244
2026-05-06 06:32:00,276.24,276.25,276.22,276.23,400
2026-05-06 06:33:00,276.39,276.39,276.39,276.39,200
2026-05-06 06:34:00,276.28,276.28,276.28,276.28,401
2026-05-06 06:35:00,276.03,276.083,276.03,276.083,200
2026-05-06 06:36:00,276.3,276.5,276.3,276.5,4832
2026-05-06 06:37:00,276.3,276.6,276.3,276.6,224
2026-05-06 06:39:00,276.4498,276.4498,276.11,276.26,1150
2026-05-06 06:40:00,276.05,276.6,276.05,276.6,1711
2026-05-06 06:42:00,276.56,276.75,276.56,276.573,310
2026-05-06 06:43:00,276.63,276.63,276.63,276.63,125
2026-05-06 06:44:00,276.6,276.63,276.5,276.51,5222
2026-05-06 06:45:00,276.65,276.85,276.65,276.85,1599
2026-05-06 06:46:00,276.61,276.69,276.6,276.69,1700
2026-05-06 06:47:00,276.83,276.87,276.83,276.84,2000
2026-05-06 06:48:00,276.85,277.0,276.72,276.72,3072
2026-05-06 06:49:00,276.66,277.0,276.6,276.82,2616
2026-05-06 06:50:00,276.89,276.89,276.89,276.89,200
2026-05-06 06:51:00,276.96,276.96,276.96,276.96,200
2026-05-06 06:52:00,276.98,276.98,276.98,276.98,1125
2026-05-06 06:53:00,277.1,277.23,277.09,277.15,5047
2026-05-06 06:54:00,276.6,277.06,276.6,277.06,250
2026-05-06 06:55:00,276.99,277.13,276.99,277.13,500
2026-05-06 06:56:00,277.0,277.0,276.76,276.77,509
2026-05-06 06:57:00,276.82,276.83,276.6,276.77,11712
2026-05-06 06:58:00,276.6,276.6,276.52,276.52,701
2026-05-06 06:59:00,276.6,276.645,276.6,276.645,219
2026-05-06 07:00:00,276.26,276.6,276.0,276.5999,11027
2026-05-06 07:01:00,276.4895,276.75,276.4801,276.69,7743
2026-05-06 07:02:00,276.56,276.64,276.28,276.28,1391
2026-05-06 07:03:00,276.4871,276.5265,276.38,276.5265,6058
2026-05-06 07:04:00,276.5,276.53,276.3,276.41,6263
2026-05-06 07:05:00,276.4,276.5,276.01,276.5,6333
2026-05-06 07:06:00,276.42,276.5,276.3008,276.5,2891
2026-05-06 07:07:00,276.4,276.4,276.0331,276.38,4038
2026-05-06 07:08:00,276.11,276.334,276.02,276.2727,1855
2026-05-06 07:09:00,276.32,276.4,276.32,276.4,808
2026-05-06 07:10:00,276.4135,276.6808,276.4,276.6808,12388
2026-05-06 07:11:00,276.35,276.6438,276.35,276.36,3765
2026-05-06 07:12:00,276.5373,276.5373,276.35,276.35,609
2026-05-06 07:13:00,276.41,276.41,276.3558,276.4,678
2026-05-06 07:14:00,276.5,276.51,276.38,276.47,11299
2026-05-06 07:15:00,276.39,276.5873,276.35,276.45,2254
2026-05-06 07:16:00,276.63,276.63,276.61,276.61,300
2026-05-06 07:17:00,276.7437,276.75,276.61,276.7327,1033
2026-05-06 07:18:00,276.61,276.75,276.54,276.54,2090
2026-05-06 07:19:00,276.53,276.67,276.39,276.65,4198
2026-05-06 07:20:00,276.55,276.7,276.5,276.5,4004
2026-05-06 07:21:00,276.5,276.56,276.4481,276.4481,1952
2026-05-06 07:22:00,276.6,276.6,276.5,276.5,4039
2026-05-06 07:23:00,276.55,276.6,276.3,276.3,970
2026-05-06 07:24:00,276.43,276.55,276.3,276.3,4377
2026-05-06 07:25:00,276.37,276.37,276.0726,276.0726,1946
2026-05-06 07:26:00,276.01,276.3365,276.01,276.2,2979
2026-05-06 07:27:00,276.21,276.23,276.13,276.13,9202
2026-05-06 07:28:00,276.03,276.55,276.03,276.55,8829
2026-05-06 07:29:00,276.48,276.5,276.1169,276.1169,585
2026-05-06 07:30:00,276.08,276.2928,276.08,276.2928,389
2026-05-06 07:32:00,276.2,276.2,276.142,276.142,400
2026-05-06 07:33:00,276.0716,276.238,276.0497,276.16,1950
2026-05-06 07:34:00,276.16,276.16,276.01,276.11,611
2026-05-06 07:35:00,276.12,276.44,276.12,276.44,3128
2026-05-06 07:36:00,276.32,276.467,276.2,276.2,700
2026-05-06 07:37:00,276.25,276.51,276.17,276.51,4230
2026-05-06 07:38:00,276.69,276.69,276.4521,276.46,3998
2026-05-06 07:39:00,276.35,276.4,276.28,276.4,3438
2026-05-06 07:40:00,276.4,276.4,276.27,276.27,1400
2026-05-06 07:41:00,276.27,276.3,276.1,276.11,2286
2026-05-06 07:42:00,276.19,276.27,276.19,276.27,800
2026-05-06 07:43:00,276.1792,276.1792,276.0,276.0,4129
2026-05-06 07:44:00,276.174,276.174,276.174,276.174,150
2026-05-06 07:45:00,276.0,276.174,275.8,275.8,2654
2026-05-06 07:46:00,275.84,275.84,275.44,275.464,6456
2026-05-06 07:47:00,275.36,275.75,275.32,275.53,2839
2026-05-06 07:48:00,275.52,275.548,275.474,275.474,1960
2026-05-06 07:49:00,275.4922,275.5,275.3548,275.45,1720
2026-05-06 07:50:00,275.41,275.45,275.3,275.45,2076
2026-05-06 07:51:00,275.41,275.5448,275.4,275.5,3241
2026-05-06 07:52:00,275.3945,275.3945,275.3,275.34,1600
2026-05-06 07:53:00,275.3704,275.46,275.3704,275.46,600
2026-05-06 07:54:00,275.3887,275.5,275.38,275.4036,1550
2026-05-06 07:55:00,275.514,275.514,275.32,275.34,403
2026-05-06 07:56:00,275.41,275.41,275.4,275.4,200
2026-05-06 07:57:00,275.226,275.226,275.226,275.226,100
2026-05-06 07:58:00,275.25,275.36,275.05,275.05,1071
2026-05-06 07:59:00,275.2,275.44,275.17,275.44,1052
2026-05-06 08:01:00,275.35,275.35,275.3052,275.3052,582
2026-05-06 08:02:00,275.29,275.29,275.1,275.25,4843
2026-05-06 08:03:00,275.2562,275.2562,275.03,275.03,300
2026-05-06 08:04:00,275.1457,275.23,275.05,275.05,2576
2026-05-06 08:05:00,275.086,275.2,275.086,275.2,3326
2026-05-06 08:06:00,275.03,275.03,274.6689,274.6689,13130
2026-05-06 08:07:00,274.652,275.0,274.652,275.0,3547
2026-05-06 08:08:00,275.02,275.1,275.0,275.0,1449
2026-05-06 08:09:00,274.95,274.95,274.73,274.73,1450
2026-05-06 08:10:00,274.6,274.98,274.6,274.93,450
2026-05-06 08:11:00,274.99,275.16,274.93,275.0,1873
2026-05-06 08:12:00,274.95,274.95,274.93,274.93,423
2026-05-06 08:13:00,274.8,274.99,274.8,274.99,400
2026-05-06 08:14:00,275.02,275.08,274.5,274.5208,11610
2026-05-06 08:15:00,274.58,274.65,274.2411,274.65,4821
2026-05-06 08:16:00,274.59,274.59,274.4959,274.4959,1700
2026-05-06 08:17:00,274.5377,274.59,274.4,274.59,1641
2026-05-06 08:18:00,274.6899,274.6899,274.3072,274.3072,1247
2026-05-06 08:19:00,274.3072,274.5,274.3072,274.4215,1571
2026-05-06 08:20:00,274.74,274.74,274.443,274.5495,928
2026-05-06 08:21:00,274.78,274.89,274.78,274.89,1823
2026-05-06 08:22:00,274.98,274.98,274.8859,274.8859,400
2026-05-06 08:23:00,274.87,274.87,274.8693,274.8693,300
2026-05-06 08:24:00,274.84,274.88,274.84,274.88,441
2026-05-06 08:25:00,274.9,275.0,274.8756,274.92,2068
2026-05-06 08:26:00,274.98,274.98,274.8606,274.8879,2324
2026-05-06 08:27:00,274.8808,274.95,274.86,274.95,1475
2026-05-06 08:28:00,274.84,274.84,274.72,274.8,1141
2026-05-06 08:29:00,274.79,274.86,274.58,274.86,2300
2026-05-06 08:30:00,274.79,274.8414,274.79,274.8414,550
2026-05-06 08:31:00,274.8,274.8,274.77,274.8,473
2026-05-06 08:32:00,274.84,274.9,274.66,274.77,6909
2026-05-06 08:33:00,274.7736,274.7736,274.5773,274.5773,515
2026-05-06 08:34:00,274.55,274.5688,274.5,274.5688,1192
2026-05-06 08:35:00,274.4501,274.56,274.4501,274.5,10625
2026-05-06 08:36:00,274.42,274.45,274.34,274.45,1874
2026-05-06 08:37:00,274.25,274.27,274.12,274.17,2297
2026-05-06 08:38:00,274.35,274.35,274.22,274.22,1010
2026-05-06 08:39:00,274.27,274.27,274.1,274.1,4817
2026-05-06 08:40:00,274.07,274.24,273.94,274.09,5897
2026-05-06 08:41:00,274.0,274.0,274.0,274.0,100
2026-05-06 08:42:00,274.16,274.21,274.063,274.1996,4275
2026-05-06 08:43:00,274.2,274.2,273.7304,273.7304,19361
2026-05-06 08:44:00,273.7896,273.7896,273.725,273.7525,2940
2026-05-06 08:45:00,273.77,273.77,273.7,273.7318,3252
2026-05-06 08:46:00,273.7,273.74,273.6,273.74,3695
2026-05-06 08:47:00,273.79,273.96,273.79,273.88,542
2026-05-06 08:48:00,273.9,273.9,273.75,273.75,1230
2026-05-06 08:49:00,273.74,273.9,273.69,273.71,1494
2026-05-06 08:50:00,273.73,273.73,273.5,273.5,2871
2026-05-06 08:51:00,273.49,273.58,273.49,273.58,2520
2026-05-06 08:52:00,273.5779,273.6963,273.55,273.68,5344
2026-05-06 08:53:00,273.68,273.77,273.6,273.6948,2058
2026-05-06 08:54:00,273.5,273.5214,273.34,273.34,3117
2026-05-06 08:55:00,273.33,273.4,273.3225,273.36,895
2026-05-06 08:56:00,273.42,273.79,273.42,273.79,3764
2026-05-06 08:57:00,273.6247,273.78,273.62,273.78,763
2026-05-06 08:58:00,273.8,273.97,273.8,273.902,5236
2026-05-06 08:59:00,273.78,273.8844,273.7175,273.7175,1407
2026-05-06 09:00:00,273.7,273.7,273.6,273.6399,1098
2026-05-06 09:01:00,273.61,273.7,273.61,273.7,8624
2026-05-06 09:02:00,273.84,273.84,273.8,273.8,3700
2026-05-06 09:03:00,273.7643,273.84,273.7643,273.81,1025
2026-05-06 09:04:00,273.79,273.8428,273.5,273.5,6183
2026-05-06 09:05:00,273.35,273.4,273.26,273.3921,888
2026-05-06 09:06:00,273.22,273.32,273.205,273.2071,3010
2026-05-06 09:07:00,273.21,273.21,273.1,273.1172,1246
2026-05-06 09:08:00,273.1,273.1044,273.05,273.05,1792
2026-05-06 09:09:00,273.01,273.06,272.56,272.56,18020
2026-05-06 09:10:00,272.56,272.8,272.56,272.7894,2801
2026-05-06 09:11:00,272.7986,272.8,272.6617,272.7842,5796
2026-05-06 09:12:00,272.7,272.79,272.7,272.7,1481
2026-05-06 09:13:00,272.7,272.7218,272.56,272.7218,2866
2026-05-06 09:14:00,272.6,272.8,272.5286,272.78,2482
2026-05-06 09:15:00,272.79,272.8,272.75,272.76,1855
2026-05-06 09:16:00,272.78,273.08,272.77,273.08,3061
2026-05-06 09:17:00,273.0,273.0,272.8,272.8,1498
2026-05-06 09:18:00,272.8,272.8,272.74,272.74,1529
2026-05-06 09:19:00,272.7977,272.7977,272.61,272.61,1942
2026-05-06 09:20:00,272.61,272.7799,272.27,272.31,4729
2026-05-06 09:21:00,272.35,272.44,272.2836,272.33,8108
2026-05-06 09:22:00,272.2001,272.29,272.02,272.05,2595
2026-05-06 09:23:00,272.1,272.2,272.01,272.01,4962
2026-05-06 09:24:00,272.01,272.11,271.67,272.0,42444
2026-05-06 09:25:00,272.0,272.53,272.0,272.26,15867
2026-05-06 09:26:00,272.25,272.5,272.23,272.36,2624
2026-05-06 09:27:00,272.49,272.88,272.41,272.8,6940
2026-05-06 09:28:00,273.0,273.2,272.8,272.95,15107
2026-05-06 09:29:00,272.95,272.95,272.88,272.94,2432
2026-05-06 09:30:00,272.89,274.725,272.2076,273.54,1022651
2026-05-06 09:31:00,273.595,274.0,273.16,273.935,161513
2026-05-06 09:32:00,273.95,274.2,273.43,273.55,127534
2026-05-06 09:33:00,273.55,273.8,272.84,273.705,141605
2026-05-06 09:34:00,273.78,273.955,273.15,273.505,116856
2026-05-06 09:35:00,273.4816,273.935,272.98,273.935,212095
2026-05-06 09:36:00,273.935,274.2,273.5,274.2,103722
2026-05-06 09:37:00,274.2,274.598,274.07,274.17,120287
2026-05-06 09:38:00,274.165,274.56,273.57,273.79,142493
2026-05-06 09:39:00,273.83,273.9727,273.5,273.74,80854
2026-05-06 09:40:00,273.7786,274.3,273.695,274.175,83771
2026-05-06 09:41:00,274.2,275.24,274.19,274.74,185725
2026-05-06 09:42:00,274.71,275.13,274.6501,274.84,90161
2026-05-06 09:43:00,274.83,274.83,274.39,274.665,74666
2026-05-06 09:44:00,274.7299,274.9,274.15,274.4,90874
2026-05-06 09:45:00,274.43,274.95,274.385,274.535,91018
2026-05-06 09:46:00,274.55,275.065,274.27,274.76,82168
2026-05-06 09:47:00,274.71,275.06,274.665,274.88,54153
2026-05-06 09:48:00,274.88,275.32,274.83,275.2,83736
2026-05-06 09:49:00,275.205,275.35,274.5204,275.155,116364
2026-05-06 09:50:00,275.125,275.125,274.06,274.15,85179
2026-05-06 09:51:00,274.085,274.23,273.58,273.655,144490
2026-05-06 09:52:00,273.655,273.95,273.53,273.71,120953
2026-05-06 09:53:00,273.685,273.95,273.55,273.92,96352
2026-05-06 09:54:00,273.93,274.2799,273.89,273.98,86137
2026-05-06 09:55:00,273.985,274.14,273.805,273.81,73402
2026-05-06 09:56:00,273.81,273.83,273.07,273.23,104394
2026-05-06 09:57:00,273.23,273.54,273.23,273.365,198900
2026-05-06 09:58:00,273.365,273.45,272.9645,273.28,96369
2026-05-06 09:59:00,273.28,273.89,273.1768,273.54,92215
2026-05-06 10:00:00,273.57,273.68,273.1,273.33,135158
2026-05-06 10:01:00,273.33,273.6386,273.1,273.47,72077
2026-05-06 10:02:00,273.4535,273.63,273.0,273.23,92524
2026-05-06 10:03:00,273.23,273.47,273.0,273.0034,95920
2026-05-06 10:04:00,273.04,273.435,273.0,273.312,104164
2026-05-06 10:05:00,273.32,273.47,273.2,273.3378,48475
2026-05-06 10:06:00,273.3301,273.347,272.37,272.37,115509
2026-05-06 10:07:00,272.35,272.89,272.26,272.76,81565
2026-05-06 10:08:00,272.79,272.815,272.33,272.4099,153297
2026-05-06 10:09:00,272.4049,272.66,272.28,272.55,54975
2026-05-06 10:10:00,272.52,272.87,272.47,272.6581,60010
2026-05-06 10:11:00,272.645,273.15,272.56,273.125,61992
2026-05-06 10:12:00,273.14,273.41,273.04,273.31,68955
2026-05-06 10:13:00,273.33,273.3796,272.9501,273.005,68255
2026-05-06 10:14:00,273.01,273.22,272.9114,273.15,43270
2026-05-06 10:15:00,273.16,273.285,272.935,273.2,61702
2026-05-06 10:16:00,273.2,273.42,273.15,273.3099,43827
2026-05-06 10:17:00,273.29,273.38,273.06,273.3,64052
2026-05-06 10:18:00,273.31,273.32,273.04,273.1401,49654
2026-05-06 10:19:00,273.175,273.2699,273.1003,273.19,51200
2026-05-06 10:20:00,273.21,273.56,273.19,273.49,107995
2026-05-06 10:21:00,273.485,273.745,273.455,273.745,96316
2026-05-06 10:22:00,273.72,273.99,273.7,273.94,66347
2026-05-06 10:23:00,273.95,274.16,273.895,274.05,82854
2026-05-06 10:24:00,274.01,274.01,273.6201,273.85,28768
2026-05-06 10:25:00,273.87,274.02,273.8001,274.02,68073
2026-05-06 10:26:00,274.0484,274.12,273.79,273.89,81077
2026-05-06 10:27:00,273.88,273.98,273.75,273.835,34387
2026-05-06 10:28:00,273.865,273.9699,273.61,273.885,45963
2026-05-06 10:29:00,273.885,274.14,273.695,274.075,75370
2026-05-06 10:30:00,274.1,274.125,273.68,273.73,53263
2026-05-06 10:31:00,273.735,273.86,273.56,273.745,64821
2026-05-06 10:32:00,273.72,273.85,273.56,273.8,39285
2026-05-06 10:33:00,273.77,274.05,273.67,273.96,62205
2026-05-06 10:34:00,273.9001,274.2499,273.9001,274.1551,60326
2026-05-06 10:35:00,274.14,274.3,273.85,273.925,56637
2026-05-06 10:36:00,273.9225,274.2004,273.8401,274.17,35356
2026-05-06 10:37:00,274.18,274.675,274.145,274.5,72822
2026-05-06 10:38:00,274.495,274.79,274.495,274.735,56160
2026-05-06 10:39:00,274.7001,274.96,274.7,274.915,74431
2026-05-06 10:40:00,274.925,275.09,274.79,274.97,123780
2026-05-06 10:41:00,274.96,274.98,274.55,274.6,49488
2026-05-06 10:42:00,274.5844,274.92,274.5844,274.92,59928
2026-05-06 10:43:00,274.88,274.97,274.75,274.9,70370
2026-05-06 10:44:00,274.86,275.4,274.795,275.4,98081
2026-05-06 10:45:00,275.4,275.47,275.18,275.255,96712
2026-05-06 10:46:00,275.25,275.25,274.96,274.96,30800
2026-05-06 10:47:00,274.95,275.16,274.93,275.11,71326
2026-05-06 10:48:00,275.0801,275.375,275.08,275.3,81888
2026-05-06 10:49:00,275.295,275.45,275.235,275.35,75498
2026-05-06 10:50:00,275.37,275.4,275.2894,275.379,32559
2026-05-06 10:51:00,275.35,275.39,275.05,275.24,39642
2026-05-06 10:52:00,275.3,275.33,275.02,275.025,38107
2026-05-06 10:53:00,275.06,275.22,274.975,275.02,66157
2026-05-06 10:54:00,275.0,275.13,274.93,274.95,45825
2026-05-06 10:55:00,274.96,275.08,274.765,275.06,51164
2026-05-06 10:56:00,275.06,275.11,274.77,274.87,28100
2026-05-06 10:57:00,274.82,274.9,274.7,274.71,14279
2026-05-06 10:58:00,274.7,275.04,274.6175,274.97,41220
2026-05-06 10:59:00,274.965,275.04,274.815,275.01,27078
2026-05-06 11:00:00,275.045,275.18,274.91,275.0,55600
2026-05-06 11:01:00,274.97,275.14,274.89,274.94,30441
2026-05-06 11:02:00,274.88,274.97,274.82,274.89,31126
2026-05-06 11:03:00,274.95,275.205,274.92,275.06,34479
2026-05-06 11:04:00,275.06,275.1,274.84,274.9,33006
2026-05-06 11:05:00,274.92,275.03,274.7,274.755,45642
2026-05-06 11:06:00,274.79,274.89,274.72,274.815,28706
2026-05-06 11:07:00,274.815,274.91,274.55,274.56,53777
2026-05-06 11:08:00,274.55,274.66,274.36,274.42,65901
2026-05-06 11:09:00,274.425,274.43,274.31,274.35,42763
2026-05-06 11:10:00,274.35,274.43,274.16,274.195,35735
2026-05-06 11:11:00,274.2,274.3343,274.0901,274.135,47301
2026-05-06 11:12:00,274.145,274.16,273.975,274.005,37799
2026-05-06 11:13:00,274.005,274.0399,273.775,273.825,106003
2026-05-06 11:14:00,273.825,274.05,273.81,273.98,55985
2026-05-06 11:15:00,273.99,274.0,273.8,273.93,40957
2026-05-06 11:16:00,273.9591,274.12,273.9,274.04,46522
2026-05-06 11:17:00,274.05,274.17,274.01,274.0403,36011
2026-05-06 11:18:00,274.065,274.16,273.96,274.04,49913
2026-05-06 11:19:00,274.04,274.08,273.77,274.0325,41736
2026-05-06 11:20:00,274.05,274.27,273.9,273.99,58099
2026-05-06 11:21:00,273.995,274.11,273.91,273.93,30280
2026-05-06 11:22:00,273.95,273.95,273.77,273.88,50388
2026-05-06 11:23:00,273.88,274.09,273.8152,274.04,48945
2026-05-06 11:24:00,274.05,274.16,273.97,274.01,29743
2026-05-06 11:25:00,274.035,274.13,273.96,273.99,46133
2026-05-06 11:26:00,273.995,274.2801,273.98,274.23,40237
2026-05-06 11:27:00,274.2101,274.2101,274.01,274.02,21478
2026-05-06 11:28:00,274.0,274.03,273.925,273.96,42669
2026-05-06 11:29:00,273.975,273.99,273.66,273.71,72752
2026-05-06 11:30:00,273.71,273.78,273.58,273.67,39329
2026-05-06 11:31:00,273.68,273.71,273.2701,273.285,67053
2026-05-06 11:32:00,273.27,273.4099,273.13,273.25,56703
2026-05-06 11:33:00,273.23,273.23,272.9201,272.96,81748
2026-05-06 11:34:00,272.96,273.01,272.78,272.79,59966
2026-05-06 11:35:00,272.79,272.8476,272.54,272.75,77618
2026-05-06 11:36:00,272.755,272.8999,272.61,272.87,78837
2026-05-06 11:37:00,272.855,273.21,272.84,273.21,96190
2026-05-06 11:38:00,273.22,273.44,273.2,273.35,87651
2026-05-06 11:39:00,273.35,273.51,273.24,273.2501,62764
2026-05-06 11:40:00,273.27,273.48,273.25,273.315,46992
2026-05-06 11:41:00,273.3207,273.5499,273.31,273.52,37103
2026-05-06 11:42:00,273.5,273.519,273.36,273.475,29304
2026-05-06 11:43:00,273.48,273.48,273.12,273.25,28951
2026-05-06 11:44:00,273.24,273.63,273.125,273.51,72369
2026-05-06 11:45:00,273.5,273.6,273.385,273.52,32891
2026-05-06 11:46:00,273.53,273.82,273.48,273.795,37705
2026-05-06 11:47:00,273.76,274.055,273.75,274.0351,59114
2026-05-06 11:48:00,274.05,274.38,274.0217,274.3,67235
2026-05-06 11:49:00,274.2835,274.35,274.14,274.26,52413
2026-05-06 11:50:00,274.245,274.31,274.01,274.1175,43974
2026-05-06 11:51:00,274.095,274.17,274.02,274.12,22464
2026-05-06 11:52:00,274.09,274.305,274.07,274.3,26891
2026-05-06 11:53:00,274.295,274.47,274.2675,274.47,54158
2026-05-06 11:54:00,274.46,274.635,274.46,274.4953,30912
2026-05-06 11:55:00,274.485,274.7,274.38,274.6,70878
2026-05-06 11:56:00,274.595,274.815,274.51,274.715,57991
2026-05-06 11:57:00,274.73,274.75,274.59,274.65,39060
2026-05-06 11:58:00,274.62,274.85,274.6,274.85,58863
2026-05-06 11:59:00,274.84,274.96,274.77,274.88,67858
2026-05-06 12:00:00,274.89,274.91,274.75,274.8,33208
2026-05-06 12:01:00,274.805,275.05,274.805,274.955,103112
2026-05-06 12:02:00,274.9878,274.9878,274.84,274.95,39177
2026-05-06 12:03:00,274.95,274.99,274.82,274.915,23409
2026-05-06 12:04:00,274.915,274.98,274.85,274.93,25146
2026-05-06 12:05:00,274.945,275.0,274.89,275.0,43725
2026-05-06 12:06:00,274.99,275.02,274.85,274.95,35107
2026-05-06 12:07:00,274.94,274.99,274.89,274.96,17097
2026-05-06 12:08:00,274.97,275.0,274.89,274.94,23711
2026-05-06 12:09:00,274.96,274.98,274.86,274.8675,14535
2026-05-06 12:10:00,274.865,275.22,274.8501,275.12,59606
2026-05-06 12:11:00,275.125,275.29,275.1001,275.2799,42811
2026-05-06 12:12:00,275.255,275.32,275.16,275.19,21088
2026-05-06 12:13:00,275.16,275.32,275.16,275.2727,32784
2026-05-06 12:14:00,275.3,275.35,275.25,275.2629,23141
2026-05-06 12:15:00,275.25,275.31,275.17,275.29,49601
2026-05-06 12:16:00,275.3,275.75,275.3,275.64,150364
2026-05-06 12:17:00,275.62,275.9099,275.6,275.85,61583
2026-05-06 12:18:00,275.8714,275.98,275.71,275.875,62976
2026-05-06 12:19:00,275.875,275.875,275.7201,275.755,41192
2026-05-06 12:20:00,275.76,275.86,275.5106,275.565,35462
2026-05-06 12:21:00,275.55,275.775,275.55,275.66,29923
2026-05-06 12:22:00,275.635,275.76,275.545,275.64,41303
2026-05-06 12:23:00,275.61,275.68,275.45,275.545,35110
2026-05-06 12:24:00,275.55,275.57,275.31,275.42,73424
2026-05-06 12:25:00,275.42,275.52,275.32,275.48,40296
2026-05-06 12:26:00,275.465,275.65,275.45,275.6,34924
2026-05-06 12:27:00,275.5801,275.7299,275.53,275.67,26338
2026-05-06 12:28:00,275.66,275.75,275.64,275.72,23258
2026-05-06 12:29:00,275.73,275.79,275.59,275.59,51105
2026-05-06 12:30:00,275.615,275.75,275.53,275.74,53181
2026-05-06 12:31:00,275.755,276.03,275.72,275.9973,109314
2026-05-06 12:32:00,275.99,275.9999,275.77,275.8338,27922
2026-05-06 12:33:00,275.84,275.97,275.74,275.7505,22942
2026-05-06 12:34:00,275.7716,275.87,275.66,275.67,23566
2026-05-06 12:35:00,275.6601,275.6601,275.54,275.57,48334
2026-05-06 12:36:00,275.565,275.69,275.54,275.68,24815
2026-05-06 12:37:00,275.64,275.79,275.57,275.675,29175
2026-05-06 12:38:00,275.7,275.75,275.63,275.725,21382
2026-05-06 12:39:00,275.72,275.9,275.72,275.89,24918
2026-05-06 12:40:00,275.885,276.05,275.86,275.96,29014
2026-05-06 12:41:00,275.96,275.98,275.88,275.9615,25017
2026-05-06 12:42:00,275.97,276.0,275.76,275.82,32139
2026-05-06 12:43:00,275.825,275.93,275.75,275.75,17855
2026-05-06 12:44:00,275.73,275.7499,275.61,275.61,22713
2026-05-06 12:45:00,275.5857,275.64,275.55,275.5504,22863
2026-05-06 12:46:00,275.59,275.74,275.56,275.6,27113
2026-05-06 12:47:00,275.595,275.62,275.555,275.62,19091
2026-05-06 12:48:00,275.62,275.71,275.58,275.667,23943
2026-05-06 12:49:00,275.695,275.77,275.65,275.715,42956
2026-05-06 12:50:00,275.7396,275.8994,275.695,275.85,42577
2026-05-06 12:51:00,275.86,275.86,275.51,275.53,55600
2026-05-06 12:52:00,275.54,275.58,275.35,275.49,64969
2026-05-06 12:53:00,275.49,275.545,275.34,275.51,41404
2026-05-06 12:54:00,275.4901,275.54,275.39,275.39,18365
2026-05-06 12:55:00,275.36,275.49,275.27,275.49,40547
2026-05-06 12:56:00,275.49,275.71,275.4601,275.695,45785
2026-05-06 12:57:00,275.69,275.73,275.4,275.43,65159
2026-05-06 12:58:00,275.36,275.43,275.195,275.42,22939
2026-05-06 12:59:00,275.4,275.52,275.31,275.49,33788
2026-05-06 13:00:00,275.49,275.5524,275.37,275.43,42068
2026-05-06 13:01:00,275.455,275.605,275.455,275.5951,25778
2026-05-06 13:02:00,275.59,276.0,275.59,275.96,42424
2026-05-06 13:03:00,275.98,276.0,275.8401,275.87,39203
2026-05-06 13:04:00,275.86,276.05,275.84,275.9999,40658
2026-05-06 13:05:00,276.0,276.02,275.91,276.02,20900
2026-05-06 13:06:00,276.0,276.0,275.85,275.85,40407
2026-05-06 13:07:00,275.83,275.92,275.7701,275.86,38026
2026-05-06 13:08:00,275.86,275.92,275.82,275.9051,18993
2026-05-06 13:09:00,275.905,276.0793,275.88,276.06,29011
2026-05-06 13:10:00,276.07,276.41,276.065,276.365,52056
2026-05-06 13:11:00,276.365,276.43,276.33,276.37,41840
2026-05-06 13:12:00,276.37,276.57,276.35,276.54,66940
2026-05-06 13:13:00,276.5499,276.58,276.39,276.45,38860
2026-05-06 13:14:00,276.46,276.52,276.31,276.32,37217
2026-05-06 13:15:00,276.32,276.44,276.31,276.36,19846
2026-05-06 13:16:00,276.365,276.415,276.22,276.225,22477
2026-05-06 13:17:00,276.2125,276.39,276.2,276.205,28128
2026-05-06 13:18:00,276.205,276.3,276.1934,276.285,17000
2026-05-06 13:19:00,276.285,276.42,276.25,276.37,25843
2026-05-06 13:20:00,276.36,276.38,276.24,276.32,30074
2026-05-06 13:21:00,276.315,276.45,276.29,276.335,32729
2026-05-06 13:22:00,276.31,276.34,276.25,276.34,25556
2026-05-06 13:23:00,276.34,276.34,276.11,276.11,24853
2026-05-06 13:24:00,276.13,276.21,276.08,276.19,37098
2026-05-06 13:25:00,276.2,276.315,276.13,276.26,30766
2026-05-06 13:26:00,276.265,276.4,276.265,276.37,27274
2026-05-06 13:27:00,276.375,276.42,276.33,276.41,18610
2026-05-06 13:28:00,276.425,276.425,276.32,276.375,29008
2026-05-06 13:29:00,276.36,276.47,276.2901,276.42,56148
2026-05-06 13:30:00,276.41,276.41,276.3,276.32,29479
2026-05-06 13:31:00,276.33,276.44,276.29,276.31,29254
2026-05-06 13:32:00,276.32,276.42,276.265,276.305,31929
2026-05-06 13:33:00,276.305,276.5,276.305,276.46,47528
2026-05-06 13:34:00,276.46,276.47,276.22,276.28,26013
2026-05-06 13:35:00,276.275,276.39,276.25,276.36,23216
2026-05-06 13:36:00,276.35,276.46,276.34,276.34,30293
2026-05-06 13:37:00,276.34,276.58,276.33,276.5326,33268
2026-05-06 13:38:00,276.555,276.66,276.43,276.48,38446
2026-05-06 13:39:00,276.49,276.61,276.46,276.5,38030
2026-05-06 13:40:00,276.49,276.544,276.44,276.4712,31571
2026-05-06 13:41:00,276.49,276.615,276.485,276.615,45515
2026-05-06 13:42:00,276.615,276.66,276.5425,276.56,53626
2026-05-06 13:43:00,276.56,276.615,276.46,276.595,64538
2026-05-06 13:44:00,276.61,276.7,276.59,276.625,43490
2026-05-06 13:45:00,276.6298,276.6999,276.5576,276.66,32473
2026-05-06 13:46:00,276.66,276.72,276.5681,276.68,29258
2026-05-06 13:47:00,276.67,276.92,276.66,276.91,75418
2026-05-06 13:48:00,276.91,277.0,276.885,276.96,49254
2026-05-06 13:49:00,276.96,277.0,276.92,276.98,29862
2026-05-06 13:50:00,276.9701,276.985,276.77,276.83,53250
2026-05-06 13:51:00,276.84,276.86,276.77,276.825,23952
2026-05-06 13:52:00,276.835,276.93,276.79,276.83,47613
2026-05-06 13:53:00,276.82,276.82,276.7201,276.775,42121
2026-05-06 13:54:00,276.775,276.795,276.65,276.7,35263
2026-05-06 13:55:00,276.7,276.78,276.7,276.705,21882
2026-05-06 13:56:00,276.72,276.84,276.72,276.825,28869
2026-05-06 13:57:00,276.84,276.99,276.84,276.9499,23472
2026-05-06 13:58:00,276.935,276.99,276.8601,276.99,32998
2026-05-06 13:59:00,276.99,277.0999,276.96,277.03,72837
2026-05-06 14:00:00,277.025,277.085,276.97,277.0803,46340
2026-05-06 14:01:00,277.095,277.37,277.0862,277.21,85024
2026-05-06 14:02:00,277.2,277.3,277.08,277.125,99477
2026-05-06 14:03:00,277.11,277.165,276.9256,276.9775,52698
2026-05-06 14:04:00,276.99,277.1,276.99,277.06,37954
2026-05-06 14:05:00,277.07,277.12,277.02,277.086,41171
2026-05-06 14:06:00,277.08,277.18,277.04,277.145,36955
2026-05-06 14:07:00,277.135,277.16,277.03,277.04,39259
2026-05-06 14:08:00,277.05,277.25,277.05,277.23,31522
2026-05-06 14:09:00,277.23,277.42,277.175,277.405,62445
2026-05-06 14:10:00,277.4,277.4,277.25,277.385,61063
2026-05-06 14:11:00,277.37,277.43,277.29,277.2901,50077
2026-05-06 14:12:00,277.295,277.4,277.21,277.22,35522
2026-05-06 14:13:00,277.21,277.3782,277.08,277.35,71521
2026-05-06 14:14:00,277.33,277.605,277.31,277.44,110958
2026-05-06 14:15:00,277.41,277.5699,277.41,277.55,34293
2026-05-06 14:16:00,277.56,277.7599,277.5399,277.7599,47398
2026-05-06 14:17:00,277.76,277.79,277.63,277.735,51774
2026-05-06 14:18:00,277.715,277.8,277.71,277.72,26536
2026-05-06 14:19:00,277.71,277.7101,277.48,277.4801,51511
2026-05-06 14:20:00,277.48,277.5,277.2901,277.31,45814
2026-05-06 14:21:00,277.2701,277.33,277.22,277.28,27774
2026-05-06 14:22:00,277.28,277.305,276.96,276.96,53418
2026-05-06 14:23:00,276.965,276.97,276.75,276.77,41850
2026-05-06 14:24:00,276.75,276.81,276.55,276.585,64769
2026-05-06 14:25:00,276.55,276.6,276.47,276.5799,48131
2026-05-06 14:26:00,276.58,276.61,276.44,276.49,32780
2026-05-06 14:27:00,276.485,276.57,276.41,276.435,35863
2026-05-06 14:28:00,276.41,276.475,276.33,276.47,31281
2026-05-06 14:29:00,276.4898,276.49,276.265,276.29,38290
2026-05-06 14:30:00,276.28,276.85,276.24,276.805,64525
2026-05-06 14:31:00,276.81,276.87,276.78,276.845,57123
2026-05-06 14:32:00,276.845,276.8836,276.79,276.8599,37928
2026-05-06 14:33:00,276.85,276.915,276.7,276.75,82172
2026-05-06 14:34:00,276.73,276.76,276.53,276.64,92987
2026-05-06 14:35:00,276.64,276.86,276.62,276.77,36739
2026-05-06 14:36:00,276.785,276.79,276.68,276.73,31976
2026-05-06 14:37:00,276.69,276.88,276.69,276.835,32238
2026-05-06 14:38:00,276.81,276.85,276.58,276.59,26343
2026-05-06 14:39:00,276.58,276.77,276.37,276.76,74384
2026-05-06 14:40:00,276.76,276.91,276.62,276.65,68151
2026-05-06 14:41:00,276.65,276.69,276.57,276.6,43099
2026-05-06 14:42:00,276.61,276.63,276.39,276.44,71950
2026-05-06 14:43:00,276.42,276.4534,276.35,276.42,15726
2026-05-06 14:44:00,276.42,276.49,276.24,276.24,24608
2026-05-06 14:45:00,276.24,276.35,276.12,276.12,43570
2026-05-06 14:46:00,276.115,276.35,276.1101,276.18,51642
2026-05-06 14:47:00,276.16,276.3,276.16,276.285,24269
2026-05-06 14:48:00,276.28,276.295,276.17,276.2018,26280
2026-05-06 14:49:00,276.21,276.25,276.17,276.2299,22961
2026-05-06 14:50:00,276.21,276.285,276.16,276.195,20580
2026-05-06 14:51:00,276.195,276.555,276.15,276.55,80723
2026-05-06 14:52:00,276.545,276.635,276.53,276.61,71681
2026-05-06 14:53:00,276.62,276.8299,276.49,276.51,86188
2026-05-06 14:54:00,276.51,276.57,276.465,276.53,39572
2026-05-06 14:55:00,276.53,276.5799,276.3801,276.47,32784
2026-05-06 14:56:00,276.455,276.645,276.43,276.61,24438
2026-05-06 14:57:00,276.6,276.72,276.51,276.675,24835
2026-05-06 14:58:00,276.675,276.79,276.585,276.745,41138
2026-05-06 14:59:00,276.745,276.755,276.595,276.62,28603
2026-05-06 15:00:00,276.6325,276.81,276.6325,276.805,27400
2026-05-06 15:01:00,276.805,276.8121,276.7201,276.76,30681
2026-05-06 15:02:00,276.765,276.9,276.765,276.87,34475
2026-05-06 15:03:00,276.865,276.905,276.66,276.71,29365
2026-05-06 15:04:00,276.71,276.76,276.62,276.6599,27808
2026-05-06 15:05:00,276.645,276.79,276.61,276.78,19271
2026-05-06 15:06:00,276.775,277.08,276.775,277.01,58744
2026-05-06 15:07:00,277.0185,277.054,276.89,276.98,30018
2026-05-06 15:08:00,277.0,277.01,276.88,276.97,29171
2026-05-06 15:09:00,276.96,276.96,276.875,276.9,21555
2026-05-06 15:10:00,276.9,277.02,276.9,276.91,26720
2026-05-06 15:11:00,276.92,276.95,276.78,276.78,39884
2026-05-06 15:12:00,276.78,276.78,276.65,276.75,30863
2026-05-06 15:13:00,276.75,276.83,276.58,276.58,39619
2026-05-06 15:14:00,276.59,276.6899,276.5,276.53,41721
2026-05-06 15:15:00,276.55,276.57,276.35,276.505,42817
2026-05-06 15:16:00,276.51,276.75,276.51,276.715,69927
2026-05-06 15:17:00,276.72,276.95,276.72,276.855,53883
2026-05-06 15:18:00,276.855,277.02,276.82,277.0,79366
2026-05-06 15:19:00,277.02,277.025,276.795,276.815,130896
2026-05-06 15:20:00,276.81,276.91,276.73,276.835,37457
2026-05-06 15:21:00,276.8351,276.94,276.795,276.81,72487
2026-05-06 15:22:00,276.81,276.86,276.1599,276.26,637162
2026-05-06 15:23:00,276.258,276.395,276.2,276.32,38375
2026-05-06 15:24:00,276.3001,276.33,276.16,276.19,49338
2026-05-06 15:25:00,276.2,276.38,276.12,276.21,32135
2026-05-06 15:26:00,276.21,276.26,276.06,276.21,31706
2026-05-06 15:27:00,276.215,276.335,276.215,276.335,30827
2026-05-06 15:28:00,276.3351,276.43,276.24,276.305,64748
2026-05-06 15:29:00,276.3,276.4136,276.235,276.235,46350
2026-05-06 15:30:00,276.235,276.5,276.215,276.5,41110
2026-05-06 15:31:00,276.525,276.57,276.44,276.54,28942
2026-05-06 15:32:00,276.5491,276.675,276.47,276.485,43066
2026-05-06 15:33:00,276.48,276.48,276.24,276.37,42988
2026-05-06 15:34:00,276.37,276.4451,276.34,276.4,28356
2026-05-06 15:35:00,276.4,276.46,276.34,276.41,38666
2026-05-06 15:36:00,276.4,276.4714,276.4,276.47,29455
2026-05-06 15:37:00,276.47,276.6199,276.46,276.59,44647
2026-05-06 15:38:00,276.595,276.6198,276.51,276.55,50042
2026-05-06 15:39:00,276.545,276.69,276.54,276.66,36141
2026-05-06 15:40:00,276.65,276.73,276.43,276.45,57799
2026-05-06 15:41:00,276.46,276.59,276.43,276.455,41341
2026-05-06 15:42:00,276.455,276.505,276.37,276.37,80486
2026-05-06 15:43:00,276.38,276.5399,276.3706,276.525,44531
2026-05-06 15:44:00,276.525,276.525,276.08,276.1,76004
2026-05-06 15:45:00,276.095,276.1,275.97,276.03,181894
2026-05-06 15:46:00,276.0275,276.2,276.02,276.07,41297
2026-05-06 15:47:00,276.065,276.23,276.065,276.215,41533
2026-05-06 15:48:00,276.215,276.22,275.872,275.872,60426
2026-05-06 15:49:00,275.89,276.015,275.89,276.0,40922
2026-05-06 15:50:00,276.0,276.3799,276.0,276.22,230294
2026-05-06 15:51:00,276.22,276.32,276.19,276.27,136389
2026-05-06 15:52:00,276.27,276.3,275.9,275.99,107729
2026-05-06 15:53:00,275.98,276.07,275.9,276.05,123404
2026-05-06 15:54:00,276.05,276.1,275.77,275.775,137346
2026-05-06 15:55:00,275.78,275.785,275.23,275.47,223565
2026-05-06 15:56:00,275.46,275.6,275.43,275.46,182729
2026-05-06 15:57:00,275.43,275.43,275.14,275.15,203329
2026-05-06 15:58:00,275.13,275.15,275.0,275.0025,300387
2026-05-06 15:59:00,275.0,275.14,274.91,274.91,759569
2026-05-06 16:00:00,274.915,275.07,274.91,274.95,5693731
2026-05-06 16:01:00,274.9299,274.96,274.8904,274.94,2286
2026-05-06 16:02:00,274.95,274.95,274.92,274.94,801
2026-05-06 16:03:00,274.94,274.96,274.88,274.88,1357
2026-05-06 16:04:00,274.88,274.89,274.83,274.85,425
2026-05-06 16:05:00,274.94,274.95,274.91,274.95,1672
2026-05-06 16:06:00,274.95,274.96,274.91,274.96,13895
2026-05-06 16:07:00,274.93,275.0,274.93,275.0,2376
2026-05-06 16:08:00,275.0,275.04,275.0,275.04,586
2026-05-06 16:09:00,275.06,275.16,275.06,275.16,225
2026-05-06 16:10:00,275.03,275.2,275.01,275.2,7133
2026-05-06 16:11:00,275.1591,275.22,275.15,275.22,600
2026-05-06 16:12:00,275.22,275.22,275.0595,275.0595,800
2026-05-06 16:13:00,275.0221,275.07,275.01,275.05,1145
2026-05-06 16:14:00,275.16,275.17,275.12,275.1693,1358
2026-05-06 16:15:00,275.17,275.2,275.1622,275.2,2363
2026-05-06 16:16:00,275.17,275.17,275.1199,275.12,1300
2026-05-06 16:17:00,275.11,275.11,275.11,275.11,480
2026-05-06 16:18:00,275.14,275.16,275.1,275.11,7224
2026-05-06 16:19:00,275.1,275.1,275.01,275.02,849
2026-05-06 16:20:00,275.05,275.1,275.05,275.1,475
2026-05-06 16:21:00,275.01,275.01,275.01,275.01,100
2026-05-06 16:22:00,275.02,275.06,275.01,275.01,1547
2026-05-06 16:23:00,275.0113,275.0113,275.01,275.01,750
2026-05-06 16:24:00,275.04,275.12,275.0,275.12,1620
2026-05-06 16:25:00,275.03,275.03,275.03,275.03,133
2026-05-06 16:26:00,275.07,275.07,275.07,275.07,100
2026-05-06 16:27:00,275.1,275.1,275.033,275.081,537
2026-05-06 16:29:00,275.1,275.1,275.1,275.1,200
2026-05-06 16:30:00,275.11,275.15,275.11,275.12,2447
2026-05-06 16:31:00,275.02,275.02,275.02,275.02,148
2026-05-06 16:32:00,275.05,275.06,275.05,275.06,693
2026-05-06 16:33:00,275.03,275.03,275.0,275.0,16433
2026-05-06 16:34:00,275.0,275.0009,275.0,275.0009,681
2026-05-06 16:35:00,275.0,275.05,275.0,275.05,1270
2026-05-06 16:36:00,275.05,275.07,275.05,275.07,415
2026-05-06 16:37:00,275.0,275.0,275.0,275.0,423
2026-05-06 16:38:00,275.12,275.12,275.12,275.12,370
2026-05-06 16:39:00,275.0958,275.0958,275.0,275.0,756
2026-05-06 16:40:00,275.0,275.0715,275.0,275.0,976
2026-05-06 16:42:00,275.01,275.01,275.01,275.01,164
2026-05-06 16:43:00,275.03,275.0301,275.03,275.03,758
2026-05-06 16:44:00,275.0822,275.0822,275.0822,275.0822,120
2026-05-06 16:46:00,275.05,275.05,275.05,275.05,100
2026-05-06 16:47:00,275.06,275.06,275.0,275.0,2416
2026-05-06 16:48:00,275.0,275.08,275.0,275.08,1260
2026-05-06 16:49:00,275.03,275.0325,275.02,275.0325,1089
2026-05-06 16:50:00,275.0,275.0,275.0,275.0,414
2026-05-06 16:51:00,275.0,275.0,275.0,275.0,100
2026-05-06 16:52:00,275.01,275.05,275.01,275.01,1293
2026-05-06 16:53:00,275.0,275.08,275.0,275.08,5534
2026-05-06 16:54:00,275.0,275.0,274.93,274.93,3973
2026-05-06 16:55:00,274.93,274.99,274.93,274.99,1310
2026-05-06 16:57:00,275.0,275.0,275.0,275.0,125
2026-05-06 16:58:00,275.0457,275.0457,275.0387,275.0387,511
2026-05-06 16:59:00,275.0,275.05,274.96,274.96,1105
2026-05-06 17:00:00,274.98,274.9869,274.97,274.9869,968
2026-05-06 17:01:00,275.0,275.0,274.98,274.98,265
2026-05-06 17:02:00,275.0,275.0,275.0,275.0,200
2026-05-06 17:03:00,275.013,275.013,275.013,275.013,100
2026-05-06 17:04:00,275.0,275.0,274.97,274.97,225
2026-05-06 17:05:00,274.99,274.99,274.99,274.99,282
2026-05-06 17:08:00,275.1,275.1,275.1,275.1,1104
2026-05-06 17:09:00,275.1,275.1,275.1,275.1,501
2026-05-06 17:12:00,275.052,275.052,275.0,275.0001,500
2026-05-06 17:14:00,275.0,275.0,275.0,275.0,2000
2026-05-06 17:15:00,274.97,275.0,274.96,275.0,4267
2026-05-06 17:16:00,275.0,275.08,275.0,275.08,977
2026-05-06 17:17:00,275.0,275.02,274.9994,274.9994,2100
2026-05-06 17:18:00,274.93,274.955,274.82,274.955,1794
2026-05-06 17:19:00,274.95,274.9948,274.87,274.9756,2330
2026-05-06 17:20:00,274.99,275.1,274.99,275.0,664
2026-05-06 17:22:00,275.0,275.1,275.0,275.1,358
2026-05-06 17:23:00,275.08,275.08,274.8,274.8,200
2026-05-06 17:26:00,274.99,274.99,274.99,274.99,1340
2026-05-06 17:29:00,274.97,274.99,274.97,274.99,522
2026-05-06 17:31:00,274.8,274.8,274.8,274.8,600
2026-05-06 17:32:00,274.99,274.99,274.8016,274.8016,280
2026-05-06 17:35:00,274.89,274.89,274.84,274.84,460
2026-05-06 17:38:00,274.8,274.8,274.8,274.8,772
2026-05-06 17:39:00,274.8,274.8,274.8,274.8,380
2026-05-06 17:40:00,274.87,274.99,274.8045,274.8045,55572
2026-05-06 17:41:00,274.7451,274.7451,274.7451,274.7451,200
2026-05-06 17:42:00,274.8,274.8,274.71,274.71,817
2026-05-06 17:43:00,274.7,274.7,274.7,274.7,342
2026-05-06 17:44:00,274.76,274.76,274.76,274.76,100
2026-05-06 17:45:00,274.72,274.75,274.72,274.75,200
2026-05-06 17:46:00,274.76,274.81,274.76,274.81,300
2026-05-06 17:48:00,274.9205,274.9205,274.9205,274.9205,417
2026-05-06 17:52:00,274.73,274.73,274.73,274.73,100
2026-05-06 17:54:00,274.71,274.75,274.5,274.5,3593
2026-05-06 17:55:00,274.668,274.69,274.668,274.69,500
2026-05-06 17:57:00,274.64,274.64,274.64,274.64,100
2026-05-06 17:58:00,274.52,274.64,274.52,274.64,1430
2026-05-06 17:59:00,274.6,274.69,274.54,274.69,1262
2026-05-06 18:00:00,274.97,275.08,274.97,275.08,1303
2026-05-06 18:01:00,274.98,274.98,274.98,274.98,100
2026-05-06 18:02:00,274.98,275.08,274.98,275.08,717
2026-05-06 18:03:00,275.18,275.23,275.01,275.01,344
2026-05-06 18:04:00,274.7119,274.7119,274.7119,274.7119,100
2026-05-06 18:05:00,274.98,274.99,274.9,274.99,1193
2026-05-06 18:06:00,274.95,275.0,274.87,275.0,1657
2026-05-06 18:07:00,274.91,274.9322,274.9,274.9322,301
2026-05-06 18:08:00,274.93,274.95,274.93,274.9475,400
2026-05-06 18:09:00,274.93,275.0,274.93,275.0,782
2026-05-06 18:10:00,274.95,275.0,274.95,275.0,625
2026-05-06 18:11:00,275.19,275.2,275.01,275.01,1264
2026-05-06 18:12:00,275.02,275.02,275.0001,275.01,599
2026-05-06 18:13:00,275.0065,275.05,275.0065,275.01,1051
2026-05-06 18:14:00,275.01,275.01,275.01,275.01,100
2026-05-06 18:15:00,275.01,275.0499,275.0065,275.0435,522
2026-05-06 18:16:00,275.05,275.21,275.05,275.06,1931
2026-05-06 18:17:00,275.0273,275.06,275.0273,275.05,904
2026-05-06 18:18:00,275.0,275.1828,275.0,275.1828,725
2026-05-06 18:19:00,275.03,275.03,275.03,275.03,200
2026-05-06 18:20:00,275.026,275.026,275.026,275.026,500
2026-05-06 18:21:00,275.03,275.03,275.03,275.03,297
2026-05-06 18:22:00,275.0234,275.05,275.0,275.0,700
2026-05-06 18:23:00,275.0,275.0,275.0,275.0,971
2026-05-06 18:24:00,275.0,275.0,275.0,275.0,100
2026-05-06 18:25:00,274.9,274.9,274.88,274.88,1086
2026-05-06 18:26:00,274.99,274.99,274.99,274.99,400
2026-05-06 18:28:00,274.88,274.8868,274.88,274.88,1439
2026-05-06 18:29:00,274.71,274.71,274.62,274.62,960
2026-05-06 18:31:00,274.63,274.63,274.62,274.62,1992
2026-05-06 18:33:00,274.8,274.8,274.8,274.8,100
2026-05-06 18:34:00,274.787,274.8,274.787,274.8,442
2026-05-06 18:35:00,274.8305,274.8305,274.8305,274.8305,200
2026-05-06 18:37:00,274.76,274.76,274.76,274.76,200
2026-05-06 18:40:00,274.83,274.83,274.78,274.78,200
2026-05-06 18:41:00,274.7895,274.7895,274.7895,274.7895,128
2026-05-06 18:42:00,274.7601,274.7601,274.7601,274.7601,200
2026-05-06 18:43:00,274.84,274.84,274.84,274.84,150
2026-05-06 18:44:00,274.76,274.76,274.76,274.76,500
2026-05-06 18:45:00,274.85,274.85,274.8,274.8,808
2026-05-06 18:47:00,274.83,274.87,274.83,274.87,539
2026-05-06 18:48:00,274.9,274.9,274.9,274.9,1000
2026-05-06 18:49:00,274.87,274.87,274.87,274.87,100
2026-05-06 18:53:00,274.87,274.87,274.79,274.79,210
2026-05-06 18:57:00,275.0,275.0,275.0,275.0,300
2026-05-06 19:01:00,274.82,274.82,274.82,274.82,100
2026-05-06 19:02:00,274.71,274.71,274.71,274.71,100
2026-05-06 19:03:00,274.75,274.75,274.75,274.75,538
2026-05-06 19:04:00,274.85,274.85,274.85,274.85,100
2026-05-06 19:05:00,274.9,274.9,274.8999,274.8999,200
2026-05-06 19:06:00,274.9,274.9,274.8999,274.8999,468
2026-05-06 19:07:00,274.94,274.94,274.94,274.94,300
2026-05-06 19:08:00,274.96,274.96,274.96,274.96,100
2026-05-06 19:10:00,275.0,275.0,275.0,275.0,267
2026-05-06 19:11:00,274.98,274.98,274.98,274.98,100
2026-05-06 19:12:00,275.0,275.0,275.0,275.0,2000
2026-05-06 19:13:00,274.9,274.9815,274.9,274.9,2014
2026-05-06 19:14:00,274.81,274.81,274.81,274.81,119
2026-05-06 19:15:00,274.95,274.95,274.95,274.95,338
2026-05-06 19:17:00,274.88,274.88,274.88,274.88,222
2026-05-06 19:22:00,274.85,274.87,274.85,274.87,200
2026-05-06 19:24:00,274.89,274.89,274.81,274.81,200
2026-05-06 19:25:00,274.81,274.81,274.81,274.81,119
2026-05-06 19:26:00,274.82,274.82,274.8,274.8,600
2026-05-06 19:30:00,274.7157,274.7157,274.7157,274.7157,300
2026-05-06 19:31:00,274.83,274.83,274.83,274.83,200
2026-05-06 19:33:00,274.7703,274.7703,274.7703,274.7703,189
2026-05-06 19:36:00,274.76,274.77,274.76,274.77,610
2026-05-06 19:37:00,274.78,274.82,274.77,274.82,2947
2026-05-06 19:38:00,274.81,275.0,274.8,275.0,2266
2026-05-06 19:40:00,274.96,274.96,274.96,274.96,150
2026-05-06 19:43:00,274.89,274.89,274.89,274.89,100
2026-05-06 19:44:00,274.9805,274.9805,274.98,274.98,235
2026-05-06 19:45:00,274.95,274.95,274.9,274.9,1750
2026-05-06 19:47:00,274.8565,274.8565,274.8565,274.8565,500
2026-05-06 19:48:00,274.875,274.875,274.85,274.85,2788
2026-05-06 19:53:00,274.8,274.8,274.8,274.8,117
2026-05-06 19:54:00,274.6,274.71,274.6,274.71,1073
2026-05-06 19:56:00,274.75,274.75,274.6,274.6,201
2026-05-06 19:57:00,274.75,274.75,274.75,274.75,250
2026-05-06 19:58:00,274.79,274.8175,274.79,274.8175,987
2026-05-07 04:00:00,275.48,275.78,274.875,275.63,13646
2026-05-07 04:01:00,275.75,275.89,274.98,275.52,6910
2026-05-07 04:02:00,275.63,275.63,275.63,275.63,140
2026-05-07 04:05:00,275.63,275.75,275.63,275.75,200
2026-05-07 04:06:00,275.64,275.64,275.55,275.62,828
2026-05-07 04:07:00,275.6592,275.6592,275.6592,275.6592,500
2026-05-07 04:08:00,275.6,275.6,275.18,275.18,743
2026-05-07 04:10:00,275.6,275.62,275.0,275.03,1370
2026-05-07 04:11:00,275.34,275.35,275.32,275.35,697
2026-05-07 04:12:00,275.25,275.25,275.25,275.25,500
2026-05-07 04:13:00,275.35,275.35,275.35,275.35,287
2026-05-07 04:14:00,275.54,275.55,275.54,275.55,401
2026-05-07 04:15:00,275.5,275.5,275.5,275.5,439
2026-05-07 04:16:00,275.5,275.5,275.0,275.06,3562
2026-05-07 04:17:00,275.27,275.45,275.25,275.45,985
2026-05-07 04:18:00,275.25,275.4301,275.25,275.4301,700
2026-05-07 04:19:00,275.25,275.25,275.25,275.25,201
2026-05-07 04:20:00,275.35,275.44,275.35,275.44,600
2026-05-07 04:22:00,275.44,275.44,275.25,275.27,1992
2026-05-07 04:25:00,275.45,275.45,275.25,275.25,521
2026-05-07 04:26:00,275.25,275.25,275.0,275.0,3400
2026-05-07 04:27:00,275.04,275.2,275.04,275.2,1030
2026-05-07 04:28:00,275.7,275.7,275.7,275.7,100
2026-05-07 04:29:00,275.43,275.43,275.43,275.43,100
2026-05-07 04:30:00,275.8,275.8,275.8,275.8,170
2026-05-07 04:31:00,275.35,275.35,275.35,275.35,500
2026-05-07 04:33:00,275.325,275.33,275.3,275.3,489
2026-05-07 04:34:00,275.3001,275.3001,275.3,275.3,538
2026-05-07 04:35:00,275.2,275.25,275.2,275.25,1080
2026-05-07 04:40:00,275.81,275.81,275.8,275.8,382
2026-05-07 04:41:00,275.34,275.34,275.34,275.34,100
2026-05-07 04:46:00,275.2,275.2,275.2,275.2,675
2026-05-07 04:47:00,275.05,275.2,275.0,275.2,499
2026-05-07 04:51:00,275.18,275.18,275.18,275.18,100
2026-05-07 04:53:00,275.2,275.2,275.2,275.2,262
2026-05-07 04:54:00,275.24,275.24,275.24,275.24,100
2026-05-07 04:55:00,275.23,275.23,275.22,275.23,534
2026-05-07 04:59:00,275.29,275.29,275.29,275.29,100
2026-05-07 05:01:00,275.11,275.11,275.11,275.11,100
2026-05-07 05:04:00,275.076,275.076,275.076,275.076,150
2026-05-07 05:05:00,275.07,275.08,275.06,275.08,828
2026-05-07 05:06:00,275.0,275.0,274.99,274.99,543
2026-05-07 05:07:00,275.0,275.0,275.0,275.0,100
2026-05-07 05:08:00,275.05,275.05,275.05,275.05,284
2026-05-07 05:14:00,275.26,275.26,275.26,275.26,107
2026-05-07 05:15:00,275.29,275.29,275.29,275.29,122
2026-05-07 05:16:00,275.26,275.26,275.26,275.26,100
2026-05-07 05:17:00,275.76,275.76,275.76,275.76,234
2026-05-07 05:23:00,275.72,275.72,275.72,275.72,200
2026-05-07 05:27:00,275.5,275.5,275.5,275.5,237
2026-05-07 05:28:00,275.5,275.5,275.5,275.5,221
2026-05-07 05:34:00,275.45,275.45,275.35,275.35,749
2026-05-07 05:39:00,275.28,275.28,275.28,275.28,166
2026-05-07 05:40:00,275.25,275.25,275.24,275.24,200
2026-05-07 05:41:00,275.24,275.24,275.24,275.24,100
2026-05-07 05:44:00,275.21,275.21,275.21,275.21,100
2026-05-07 05:46:00,275.35,275.35,275.35,275.35,150
2026-05-07 05:49:00,275.4,275.4,275.4,275.4,100
2026-05-07 05:52:00,275.15,275.15,275.15,275.15,456
2026-05-07 05:53:00,275.0,275.0,275.0,275.0,500
2026-05-07 05:57:00,275.08,275.08,275.08,275.08,500
2026-05-07 06:04:00,275.1,275.1,275.1,275.1,168
2026-05-07 06:10:00,275.12,275.19,275.12,275.19,819
2026-05-07 06:14:00,275.25,275.25,275.25,275.25,178
2026-05-07 06:16:00,275.45,275.45,275.45,275.45,102
2026-05-07 06:17:00,275.51,275.51,275.51,275.51,100
2026-05-07 06:18:00,275.4,275.4,275.4,275.4,173
2026-05-07 06:22:00,275.39,275.39,275.39,275.39,100
2026-05-07 06:26:00,275.35,275.35,275.3,275.3,1182
2026-05-07 06:27:00,275.3,275.3,275.3,275.3,100
2026-05-07 06:28:00,275.31,275.31,275.31,275.31,100
2026-05-07 06:29:00,275.18,275.18,275.18,275.18,100
2026-05-07 06:30:00,275.24,275.24,275.24,275.24,100
2026-05-07 06:32:00,275.35,275.35,275.35,275.35,100
2026-05-07 06:42:00,275.4,275.4,275.3,275.3,850
2026-05-07 06:43:00,275.1896,275.1896,275.1896,275.1896,500
2026-05-07 06:45:00,275.18,275.18,275.18,275.18,100
2026-05-07 06:46:00,275.2,275.2,275.15,275.15,346
2026-05-07 06:48:00,275.18,275.21,275.18,275.18,1550
2026-05-07 06:49:00,275.18,275.27,275.18,275.25,1376
2026-05-07 06:50:00,275.11,275.11,275.1,275.11,335
2026-05-07 06:51:00,275.1,275.1,275.1,275.1,500
2026-05-07 06:52:00,275.1765,275.1765,275.1,275.1,700
2026-05-07 06:53:00,275.07,275.13,275.0,275.0,1223
2026-05-07 06:55:00,275.1,275.1,275.1,275.1,488
2026-05-07 06:56:00,275.2,275.2,275.14,275.2,565
2026-05-07 06:58:00,275.2083,275.25,275.2083,275.21,900
2026-05-07 06:59:00,275.24,275.24,275.2,275.2,593
2026-05-07 07:00:00,275.14,275.26,275.14,275.14,5754
2026-05-07 07:01:00,275.14,275.1876,275.14,275.1876,744
2026-05-07 07:02:00,275.19,276.0,275.1,275.85,12025
2026-05-07 07:03:00,276.0607,276.5,275.9251,276.056,6651
2026-05-07 07:04:00,276.15,276.5,276.0208,276.25,3906
2026-05-07 07:05:00,276.28,276.3,276.1742,276.28,6753
2026-05-07 07:06:00,276.3,276.33,276.15,276.33,3350
2026-05-07 07:07:00,276.1721,276.2535,276.0,276.0,6338
2026-05-07 07:08:00,275.85,276.0699,275.85,275.9,1670
2026-05-07 07:09:00,275.9,276.07,275.6,275.88,2700
2026-05-07 07:10:00,275.98,276.17,275.98,276.1001,3620
2026-05-07 07:11:00,276.06,276.1,276.01,276.023,1605
2026-05-07 07:12:00,276.0,276.07,275.9878,275.9878,2108
2026-05-07 07:13:00,276.0,276.0,275.99,276.0,1268
2026-05-07 07:14:00,275.96,276.075,275.96,275.9844,2712
2026-05-07 07:15:00,275.88,275.88,275.88,275.88,761
2026-05-07 07:16:00,275.85,275.85,275.79,275.8,2800
2026-05-07 07:17:00,275.7,276.05,275.7,275.81,3444
2026-05-07 07:18:00,275.8,276.05,275.8,276.05,1351
2026-05-07 07:19:00,275.89,275.89,275.89,275.89,1000
2026-05-07 07:21:00,275.71,275.99,275.71,275.88,2283
2026-05-07 07:22:00,275.87,276.04,275.87,275.9,3820
2026-05-07 07:23:00,276.05,276.05,276.0,276.0294,2349
2026-05-07 07:24:00,276.0486,276.1,276.0486,276.05,3016
2026-05-07 07:25:00,276.06,276.06,275.8192,275.8192,1734
2026-05-07 07:26:00,275.88,275.88,275.88,275.88,100
2026-05-07 07:27:00,275.79,275.8,275.7,275.7,1057
2026-05-07 07:28:00,275.8704,275.8704,275.8704,275.8704,250
2026-05-07 07:31:00,275.65,275.65,275.65,275.65,1000
2026-05-07 07:32:00,275.86,275.86,275.86,275.86,100
2026-05-07 07:34:00,275.85,275.87,275.85,275.87,200
2026-05-07 07:35:00,275.88,275.95,275.88,275.95,500
2026-05-07 07:37:00,275.95,275.95,275.95,275.95,160
2026-05-07 07:39:00,275.97,275.97,275.97,275.97,100
2026-05-07 07:40:00,275.938,275.938,275.76,275.76,629
2026-05-07 07:41:00,275.84,275.94,275.51,275.51,7029
2026-05-07 07:42:00,275.58,275.6,275.5,275.5,6617
2026-05-07 07:43:00,275.56,275.56,275.49,275.49,1508
2026-05-07 07:44:00,275.5,275.5,275.4,275.5,1115
2026-05-07 07:45:00,275.3,275.5,275.25,275.5,7865
2026-05-07 07:46:00,275.5663,275.5663,275.5,275.5,340
2026-05-07 07:47:00,275.5479,275.5479,275.5479,275.5479,430
2026-05-07 07:48:00,275.39,275.5,275.34,275.44,1919
2026-05-07 07:49:00,275.28,275.4,275.28,275.4,1097
2026-05-07 07:51:00,275.3009,275.44,275.29,275.44,1152
2026-05-07 07:52:00,275.45,275.4796,275.45,275.4796,674
2026-05-07 07:53:00,275.49,275.55,275.49,275.51,873
2026-05-07 07:54:00,275.5,275.51,275.5,275.51,345
2026-05-07 07:55:00,275.48,275.48,275.46,275.46,382
2026-05-07 07:57:00,275.4,275.4789,275.4,275.4789,609
2026-05-07 07:58:00,275.465,275.48,275.44,275.48,325
2026-05-07 07:59:00,275.4714,275.4714,275.35,275.35,800
2026-05-07 08:00:00,275.35,275.48,275.34,275.39,3892
2026-05-07 08:01:00,275.36,275.36,275.36,275.36,182
2026-05-07 08:02:00,275.39,275.4,275.38,275.38,1482
2026-05-07 08:03:00,275.42,275.4761,275.42,275.4761,720
2026-05-07 08:04:00,275.55,275.55,275.55,275.55,300
2026-05-07 08:05:00,275.5,275.5,275.5,275.5,592
2026-05-07 08:07:00,275.5,275.5,275.5,275.5,621
2026-05-07 08:09:00,275.56,275.65,275.56,275.65,330
2026-05-07 08:11:00,275.6457,275.6457,275.5679,275.5679,1300
2026-05-07 08:12:00,275.6045,275.6045,275.52,275.52,700
2026-05-07 08:13:00,275.61,275.61,275.42,275.525,664
2026-05-07 08:14:00,275.5271,275.5271,275.5271,275.5271,200
2026-05-07 08:15:00,275.4725,275.4725,275.42,275.45,1710
2026-05-07 08:17:00,275.45,275.45,275.4,275.4,746
2026-05-07 08:18:00,275.43,275.43,275.3194,275.3194,442
2026-05-07 08:20:00,275.59,275.65,275.59,275.65,420
2026-05-07 08:21:00,275.76,275.81,275.76,275.81,2615
2026-05-07 08:22:00,275.81,275.81,275.6,275.76,1298
2026-05-07 08:23:00,275.575,275.7,275.39,275.56,1556
2026-05-07 08:24:00,275.53,275.56,275.53,275.56,482
2026-05-07 08:26:00,275.4428,275.57,275.4428,275.56,546
2026-05-07 08:27:00,275.52,275.57,275.46,275.57,1214
2026-05-07 08:28:00,275.54,275.54,275.48,275.48,1455
2026-05-07 08:29:00,275.54,275.54,275.54,275.54,642
2026-05-07 08:30:00,275.45,275.45,275.41,275.41,200
2026-05-07 08:31:00,275.45,275.6329,275.42,275.42,890
2026-05-07 08:32:00,275.51,275.51,275.51,275.51,464
2026-05-07 08:33:00,275.57,275.57,275.57,275.57,300
2026-05-07 08:34:00,275.57,275.58,275.57,275.58,200
2026-05-07 08:35:00,275.51,275.51,275.51,275.51,371
2026-05-07 08:36:00,275.5657,275.5657,275.52,275.54,1674
2026-05-07 08:37:00,275.55,275.55,275.55,275.55,100
2026-05-07 08:38:00,275.56,275.56,275.52,275.56,1187
2026-05-07 08:39:00,275.57,275.61,275.57,275.59,849
2026-05-07 08:40:00,275.52,275.52,275.5,275.5,1252
2026-05-07 08:41:00,275.51,275.6,275.51,275.5857,1767
2026-05-07 08:42:00,275.6,275.6,275.6,275.6,697
2026-05-07 08:43:00,275.6396,275.8731,275.6396,275.8,990
2026-05-07 08:44:00,275.79,275.79,275.55,275.55,443
2026-05-07 08:45:00,275.62,275.7063,275.62,275.7063,635
2026-05-07 08:46:00,275.6177,275.7,275.6177,275.7,200
2026-05-07 08:47:00,275.67,275.6982,275.58,275.58,3101
2026-05-07 08:48:00,275.69,275.69,275.55,275.55,300
2026-05-07 08:49:00,275.6,275.6,275.3,275.3,1636
2026-05-07 08:50:00,275.59,275.59,275.51,275.51,671
2026-05-07 08:51:00,275.4,275.4,275.4,275.4,250
2026-05-07 08:52:00,275.5,275.59,275.45,275.54,4951
2026-05-07 08:53:00,275.65,275.65,275.476,275.476,400
2026-05-07 08:54:00,275.44,275.4774,275.44,275.4774,1079
2026-05-07 08:57:00,275.43,275.4991,275.35,275.4991,2125
2026-05-07 08:58:00,275.5,275.62,275.5,275.6174,5206
2026-05-07 08:59:00,275.6,275.71,275.6,275.7,1619
2026-05-07 09:00:00,275.73,275.73,275.4,275.47,4995
2026-05-07 09:01:00,275.53,275.53,275.52,275.52,200
2026-05-07 09:02:00,275.54,275.54,275.45,275.45,700
2026-05-07 09:04:00,275.5,275.5,275.5,275.5,100
2026-05-07 09:05:00,275.55,275.59,275.53,275.53,482
2026-05-07 09:06:00,275.52,275.525,275.4999,275.5,5401
2026-05-07 09:07:00,275.5,275.5,275.5,275.5,182
2026-05-07 09:08:00,275.5,275.5,275.5,275.5,565
2026-05-07 09:09:00,275.51,275.51,275.45,275.48,500
2026-05-07 09:10:00,275.49,275.68,275.45,275.68,2503
2026-05-07 09:11:00,275.6436,275.6436,275.48,275.64,1458
2026-05-07 09:12:00,275.54,275.54,275.4,275.4,3550
2026-05-07 09:13:00,275.4585,275.4585,275.35,275.4,1837
2026-05-07 09:14:00,275.45,275.45,275.399,275.399,262
2026-05-07 09:15:00,275.4,275.4,275.4,275.4,2649
2026-05-07 09:16:00,275.38,275.4,275.38,275.4,1990
2026-05-07 09:17:00,275.49,275.51,275.49,275.51,641
2026-05-07 09:18:00,275.53,275.53,275.53,275.53,200
2026-05-07 09:19:00,275.6,275.6,275.5,275.53,744
2026-05-07 09:21:00,275.5,275.54,275.44,275.44,1133
2026-05-07 09:22:00,275.44,275.51,275.4,275.51,2820
2026-05-07 09:23:00,275.5,275.58,275.5,275.58,1798
2026-05-07 09:24:00,275.54,275.58,275.54,275.55,1950
2026-05-07 09:25:00,275.5,275.62,275.5,275.62,5443
2026-05-07 09:26:00,275.54,275.54,275.54,275.54,210
2026-05-07 09:27:00,275.55,275.6,275.1,275.19,13495
2026-05-07 09:28:00,275.19,275.23,275.095,275.23,813
2026-05-07 09:29:00,275.08,275.11,275.01,275.09,1778
2026-05-07 09:30:00,275.03,276.63,274.2,274.5104,931006
2026-05-07 09:31:00,274.4601,274.54,273.57,274.307,126776
2026-05-07 09:32:00,274.3328,274.3328,273.55,273.85,123243
2026-05-07 09:33:00,273.86,273.93,273.45,273.56,131135
2026-05-07 09:34:00,273.555,274.14,273.5,273.88,106249
2026-05-07 09:35:00,273.91,274.0224,273.59,273.63,93401
2026-05-07 09:36:00,273.69,274.1599,273.38,274.15,149263
2026-05-07 09:37:00,274.15,274.99,273.93,274.56,169969
2026-05-07 09:38:00,274.6,274.87,274.345,274.6301,102702
2026-05-07 09:39:00,274.67,274.68,274.17,274.498,63280
2026-05-07 09:40:00,274.5,274.72,274.345,274.53,74230
2026-05-07 09:41:00,274.54,274.82,274.4714,274.71,97859
2026-05-07 09:42:00,274.69,275.2,274.64,275.03,121575
2026-05-07 09:43:00,275.0,275.14,274.91,275.085,52089
2026-05-07 09:44:00,275.12,275.205,274.62,274.75,95121
2026-05-07 09:45:00,274.69,274.75,274.3501,274.46,84518
2026-05-07 09:46:00,274.42,274.48,274.01,274.14,78274
2026-05-07 09:47:00,274.1248,274.1505,273.74,273.82,78804
2026-05-07 09:48:00,273.79,273.84,273.541,273.7,77606
2026-05-07 09:49:00,273.66,273.85,273.3,273.38,143468
2026-05-07 09:50:00,273.36,273.635,273.29,273.55,80455
2026-05-07 09:51:00,273.55,273.79,273.48,273.62,85760
2026-05-07 09:52:00,273.62,273.9,273.35,273.88,74419
2026-05-07 09:53:00,273.875,273.97,273.74,273.78,67138
2026-05-07 09:54:00,273.7508,273.92,273.1201,273.16,108451
2026-05-07 09:55:00,273.17,273.4246,273.12,273.3,167414
2026-05-07 09:56:00,273.2701,273.65,273.24,273.57,86180
2026-05-07 09:57:00,273.59,273.74,273.34,273.46,81004
2026-05-07 09:58:00,273.43,273.58,273.38,273.53,67314
2026-05-07 09:59:00,273.5,274.05,273.46,273.715,104107
2026-05-07 10:00:00,273.74,273.99,273.5,273.82,95489
2026-05-07 10:01:00,273.81,273.97,273.7118,273.7118,61316
2026-05-07 10:02:00,273.71,273.76,273.47,273.76,87268
2026-05-07 10:03:00,273.765,273.87,273.51,273.72,50150
2026-05-07 10:04:00,273.71,273.9,273.48,273.73,57922
2026-05-07 10:05:00,273.73,273.8275,273.56,273.6021,51884
2026-05-07 10:06:00,273.67,273.9288,273.6046,273.835,55488
2026-05-07 10:07:00,273.81,273.91,273.785,273.91,32437
2026-05-07 10:08:00,273.915,273.93,273.5,273.62,64101
2026-05-07 10:09:00,273.61,273.7,273.39,273.7,59243
2026-05-07 10:10:00,273.665,273.99,273.6545,273.765,103583
2026-05-07 10:11:00,273.74,273.787,273.36,273.4412,58802
2026-05-07 10:12:00,273.44,273.55,273.36,273.365,62936
2026-05-07 10:13:00,273.3714,273.58,273.325,273.485,63486
2026-05-07 10:14:00,273.5,273.56,273.37,273.485,70561
2026-05-07 10:15:00,273.475,273.51,272.83,272.96,172733
2026-05-07 10:16:00,272.96,273.2,272.79,272.885,106386
2026-05-07 10:17:00,272.885,273.56,272.83,273.38,146290
2026-05-07 10:18:00,273.38,273.53,273.328,273.425,71999
2026-05-07 10:19:00,273.425,273.47,273.24,273.38,86783
2026-05-07 10:20:00,273.365,273.44,273.13,273.2,70435
2026-05-07 10:21:00,273.22,273.32,273.09,273.3,49279
2026-05-07 10:22:00,273.3,273.5099,273.27,273.325,87376
2026-05-07 10:23:00,273.31,273.76,273.2001,273.715,60751
2026-05-07 10:24:00,273.735,273.8,273.485,273.515,63596
2026-05-07 10:25:00,273.54,273.74,273.52,273.74,68005
2026-05-07 10:26:00,273.735,273.735,273.52,273.52,38764
2026-05-07 10:27:00,273.545,273.5913,273.35,273.405,63494
2026-05-07 10:28:00,273.42,273.64,273.36,273.565,38686
2026-05-07 10:29:00,273.58,273.61,273.34,273.345,57713
2026-05-07 10:30:00,273.36,273.395,272.87,272.905,83373
2026-05-07 10:31:00,272.93,273.25,272.92,273.02,43056
2026-05-07 10:32:00,273.02,273.1299,272.865,273.1299,54781
2026-05-07 10:33:00,273.105,273.24,273.105,273.13,24184
2026-05-07 10:34:00,273.145,273.25,273.05,273.09,40110
2026-05-07 10:35:00,273.11,273.42,273.11,273.22,51034
2026-05-07 10:36:00,273.23,273.49,273.215,273.45,53578
2026-05-07 10:37:00,273.45,273.71,273.4,273.68,43586
2026-05-07 10:38:00,273.64,273.6699,273.5,273.55,65069
2026-05-07 10:39:00,273.54,273.68,273.47,273.496,52433
2026-05-07 10:40:00,273.48,273.76,273.3993,273.725,70419
2026-05-07 10:41:00,273.74,273.9399,273.59,273.63,52481
2026-05-07 10:42:00,273.63,273.76,273.62,273.76,27635
2026-05-07 10:43:00,273.76,273.7999,273.6508,273.665,35755
2026-05-07 10:44:00,273.69,273.8,273.64,273.7,33979
2026-05-07 10:45:00,273.68,273.97,273.68,273.935,38325
2026-05-07 10:46:00,273.9107,273.935,273.61,273.64,67154
2026-05-07 10:47:00,273.64,273.65,273.45,273.495,96646
2026-05-07 10:48:00,273.5,273.52,273.26,273.29,114866
2026-05-07 10:49:00,273.39,273.45,273.2501,273.3104,47060
2026-05-07 10:50:00,273.335,273.44,273.2001,273.245,39891
2026-05-07 10:51:00,273.245,273.38,273.12,273.36,31641
2026-05-07 10:52:00,273.32,273.4,273.26,273.3,48041
2026-05-07 10:53:00,273.295,273.46,273.19,273.43,25722
2026-05-07 10:54:00,273.44,273.63,273.28,273.34,50753
2026-05-07 10:55:00,273.345,273.65,273.3201,273.51,52137
2026-05-07 10:56:00,273.53,273.68,273.47,273.66,44809
2026-05-07 10:57:00,273.665,273.665,273.475,273.535,22103
2026-05-07 10:58:00,273.55,273.66,273.36,273.66,42814
2026-05-07 10:59:00,273.655,273.657,273.4,273.43,38417
2026-05-07 11:00:00,273.4,273.56,273.36,273.5,22263
2026-05-07 11:01:00,273.49,273.5,273.31,273.395,25399
2026-05-07 11:02:00,273.405,273.47,273.35,273.47,17830
2026-05-07 11:03:00,273.47,273.47,273.24,273.34,45334
2026-05-07 11:04:00,273.31,273.37,273.23,273.25,23305
2026-05-07 11:05:00,273.25,273.25,272.61,272.61,111030
2026-05-07 11:06:00,272.645,272.71,272.35,272.44,122300
2026-05-07 11:07:00,272.38,272.54,272.33,272.455,45403
2026-05-07 11:08:00,272.47,272.58,272.385,272.44,40237
2026-05-07 11:09:00,272.45,272.71,272.4,272.7,50533
2026-05-07 11:10:00,272.7,272.8262,272.61,272.72,66742
2026-05-07 11:11:00,272.715,272.86,272.685,272.685,41054
2026-05-07 11:12:00,272.7,272.73,272.45,272.57,65003
2026-05-07 11:13:00,272.57,272.68,272.525,272.525,39743
2026-05-07 11:14:00,272.525,272.62,272.485,272.61,35075
2026-05-07 11:15:00,272.61,272.62,272.19,272.265,90520
2026-05-07 11:16:00,272.265,272.5549,272.265,272.544,35907
2026-05-07 11:17:00,272.55,272.74,272.525,272.66,35321
2026-05-07 11:18:00,272.66,272.755,272.52,272.735,42897
2026-05-07 11:19:00,272.7571,272.9299,272.71,272.7956,65057
2026-05-07 11:20:00,272.8,273.07,272.8,272.865,68992
2026-05-07 11:21:00,272.815,272.95,272.77,272.81,38659
2026-05-07 11:22:00,272.815,272.91,272.79,272.88,36346
2026-05-07 11:23:00,272.88,273.05,272.76,273.025,62008
2026-05-07 11:24:00,273.025,273.09,272.79,272.94,39329
2026-05-07 11:25:00,272.92,273.01,272.89,272.93,35288
2026-05-07 11:26:00,272.93,273.15,272.78,272.96,62701
2026-05-07 11:27:00,272.975,273.35,272.927,273.3,74973
2026-05-07 11:28:00,273.29,273.305,273.08,273.155,55243
2026-05-07 11:29:00,273.155,273.35,273.085,273.315,51896
2026-05-07 11:30:00,273.34,273.56,273.3,273.435,85055
2026-05-07 11:31:00,273.44,273.6,273.39,273.58,48984
2026-05-07 11:32:00,273.58,273.69,273.5,273.6001,63290
2026-05-07 11:33:00,273.62,273.76,273.58,273.6,87689
2026-05-07 11:34:00,273.5908,273.635,273.23,273.41,207986
2026-05-07 11:35:00,273.38,273.41,273.06,273.285,49204
2026-05-07 11:36:00,273.24,273.29,273.18,273.2601,13064
2026-05-07 11:37:00,273.28,273.59,273.28,273.55,27546
2026-05-07 11:38:00,273.55,273.6085,273.45,273.45,16747
2026-05-07 11:39:00,273.4501,273.57,273.45,273.4501,22774
2026-05-07 11:40:00,273.48,273.53,273.08,273.185,47588
2026-05-07 11:41:00,273.185,273.32,273.17,273.319,19010
2026-05-07 11:42:00,273.3,273.47,273.3,273.47,32686
2026-05-07 11:43:00,273.47,273.48,273.3,273.33,35139
2026-05-07 11:44:00,273.36,273.43,273.285,273.43,26197
2026-05-07 11:45:00,273.395,273.5,273.38,273.45,21172
2026-05-07 11:46:00,273.47,273.57,273.28,273.56,43782
2026-05-07 11:47:00,273.55,273.68,273.4801,273.6,75768
2026-05-07 11:48:00,273.615,273.89,273.615,273.7,54102
2026-05-07 11:49:00,273.67,273.89,273.655,273.78,36548
2026-05-07 11:50:00,273.795,273.81,273.56,273.68,45382
2026-05-07 11:51:00,273.66,273.76,273.58,273.7299,25203
2026-05-07 11:52:00,273.705,273.705,273.3613,273.51,41478
2026-05-07 11:53:00,273.51,273.7,273.51,273.58,51594
2026-05-07 11:54:00,273.54,273.55,273.31,273.36,37705
2026-05-07 11:55:00,273.38,273.47,273.25,273.36,45169
2026-05-07 11:56:00,273.3675,273.5,273.27,273.49,22560
2026-05-07 11:57:00,273.5,273.59,273.37,273.3801,42023
2026-05-07 11:58:00,273.39,273.43,273.22,273.4299,23836
2026-05-07 11:59:00,273.4,273.61,273.39,273.57,63404
2026-05-07 12:00:00,273.58,273.58,273.16,273.24,38355
2026-05-07 12:01:00,273.2,273.26,273.092,273.1399,29750
2026-05-07 12:02:00,273.1,273.38,273.09,273.3201,31643
2026-05-07 12:03:00,273.34,273.51,273.3,273.48,25682
2026-05-07 12:04:00,273.495,273.53,273.1399,273.1399,23981
2026-05-07 12:05:00,273.11,273.24,273.07,273.17,18889
2026-05-07 12:06:00,273.17,273.2,272.97,273.07,30507
2026-05-07 12:07:00,273.02,273.19,272.91,272.97,45776
2026-05-07 12:08:00,272.95,273.073,272.885,272.91,26891
2026-05-07 12:09:00,272.8731,273.1,272.8679,273.06,21891
2026-05-07 12:10:00,273.075,273.08,272.8984,273.0099,18134
2026-05-07 12:11:00,272.99,273.06,272.86,272.91,21945
2026-05-07 12:12:00,272.95,272.98,272.57,272.615,41579
2026-05-07 12:13:00,272.64,272.77,272.585,272.59,40126
2026-05-07 12:14:00,272.64,272.765,272.5001,272.6055,38216
2026-05-07 12:15:00,272.59,272.59,271.95,272.175,138966
2026-05-07 12:16:00,272.205,272.25,271.85,272.055,97145
2026-05-07 12:17:00,272.055,272.07,271.885,272.04,96168
2026-05-07 12:18:00,272.07,272.08,271.8201,271.87,63214
2026-05-07 12:19:00,271.85,271.96,271.74,271.815,76471
2026-05-07 12:20:00,271.8,271.89,271.59,271.7,87782
2026-05-07 12:21:00,271.7,271.79,271.44,271.57,67656
2026-05-07 12:22:00,271.58,271.75,271.5347,271.62,83468
2026-05-07 12:23:00,271.625,271.8,271.46,271.79,265856
2026-05-07 12:24:00,271.83,271.84,271.4,271.49,69426
2026-05-07 12:25:00,271.485,271.58,271.44,271.56,91506
2026-05-07 12:26:00,271.56,271.757,271.51,271.6,53647
2026-05-07 12:27:00,271.64,271.91,271.6,271.82,64830
2026-05-07 12:28:00,271.83,272.37,271.83,272.36,67305
2026-05-07 12:29:00,272.4,272.59,272.24,272.585,77910
2026-05-07 12:30:00,272.59,272.67,272.42,272.47,82436
2026-05-07 12:31:00,272.52,272.6199,272.4701,272.51,41566
2026-05-07 12:32:00,272.495,272.88,272.48,272.8401,51480
2026-05-07 12:33:00,272.86,272.93,272.8102,272.855,36465
2026-05-07 12:34:00,272.84,273.04,272.82,272.9,32243
2026-05-07 12:35:00,272.92,273.02,272.88,272.94,33036
2026-05-07 12:36:00,272.93,272.95,272.76,272.94,33362
2026-05-07 12:37:00,272.9,272.99,272.81,272.86,44731
2026-05-07 12:38:00,272.875,273.0,272.74,272.84,33874
2026-05-07 12:39:00,272.83,272.83,272.6001,272.66,27123
2026-05-07 12:40:00,272.62,272.8399,272.62,272.735,16558
2026-05-07 12:41:00,272.735,272.8,272.65,272.78,12023
2026-05-07 12:42:00,272.76,272.82,272.7001,272.75,20980
2026-05-07 12:43:00,272.7401,272.8299,272.545,272.61,34819
2026-05-07 12:44:00,272.61,272.8951,272.61,272.8788,13498
2026-05-07 12:45:00,272.865,272.95,272.7,272.925,23188
2026-05-07 12:46:00,272.91,273.01,272.74,272.78,24202
2026-05-07 12:47:00,272.77,272.89,272.6701,272.68,31031
2026-05-07 12:48:00,272.7,272.9199,272.7,272.78,35754
2026-05-07 12:49:00,272.76,272.78,272.44,272.6401,86852
2026-05-07 12:50:00,272.68,272.81,272.535,272.78,25355
2026-05-07 12:51:00,272.77,272.77,272.6,272.645,20378
2026-05-07 12:52:00,272.64,272.7799,272.61,272.73,17193
2026-05-07 12:53:00,272.72,272.86,272.663,272.84,19061
2026-05-07 12:54:00,272.885,272.96,272.76,272.84,21699
2026-05-07 12:55:00,272.82,272.91,272.72,272.825,20830
2026-05-07 12:56:00,272.815,272.83,272.685,272.725,17351
2026-05-07 12:57:00,272.705,272.8199,272.58,272.6244,20022
2026-05-07 12:58:00,272.61,272.815,272.61,272.815,12055
2026-05-07 12:59:00,272.86,272.9,272.7,272.8999,14865
2026-05-07 13:00:00,272.91,272.96,272.82,272.96,17380
2026-05-07 13:01:00,272.95,272.95,272.66,272.74,39941
2026-05-07 13:02:00,272.7201,273.0,272.63,272.965,26671
2026-05-07 13:03:00,272.92,272.93,272.78,272.915,11972
2026-05-07 13:04:00,272.96,272.9699,272.76,272.81,16368
2026-05-07 13:05:00,272.84,272.84,272.59,272.59,11029
2026-05-07 13:06:00,272.56,272.75,272.56,272.69,15924
2026-05-07 13:07:00,272.73,272.8899,272.705,272.805,18383
2026-05-07 13:08:00,272.78,272.91,272.7,272.84,17040
2026-05-07 13:09:00,272.835,272.835,272.32,272.42,29283
2026-05-07 13:10:00,272.425,272.51,272.155,272.165,31200
2026-05-07 13:11:00,272.165,272.19,272.0101,272.18,29311
2026-05-07 13:12:00,272.1622,272.26,272.0801,272.16,13483
2026-05-07 13:13:00,272.15,272.4599,272.145,272.45,23749
2026-05-07 13:14:00,272.42,272.5,272.31,272.3901,18782
2026-05-07 13:15:00,272.36,272.43,272.18,272.3,44223
2026-05-07 13:16:00,272.3,272.44,272.1529,272.41,13425
2026-05-07 13:17:00,272.41,272.41,272.24,272.36,12648
2026-05-07 13:18:00,272.37,272.37,272.06,272.1,39076
2026-05-07 13:19:00,272.07,272.11,271.9,271.99,118091
2026-05-07 13:20:00,271.99,272.05,271.82,271.84,30450
2026-05-07 13:21:00,271.87,271.87,271.72,271.81,30569
2026-05-07 13:22:00,271.8325,272.075,271.82,272.0401,16882
2026-05-07 13:23:00,272.09,272.3299,272.08,272.19,30326
2026-05-07 13:24:00,272.19,272.45,272.15,272.45,26528
2026-05-07 13:25:00,272.44,272.65,271.87,271.96,59073
2026-05-07 13:26:00,271.91,271.92,271.3675,271.445,61914
2026-05-07 13:27:00,271.4,271.5599,271.1801,271.3486,47730
2026-05-07 13:28:00,271.34,271.6299,271.28,271.545,36001
2026-05-07 13:29:00,271.545,271.7399,271.415,271.46,35566
2026-05-07 13:30:00,271.48,271.57,271.23,271.325,28624
2026-05-07 13:31:00,271.33,271.5,271.23,271.41,22918
2026-05-07 13:32:00,271.415,271.74,271.34,271.66,27271
2026-05-07 13:33:00,271.645,271.675,271.245,271.325,20091
2026-05-07 13:34:00,271.26,271.57,271.2101,271.45,97260
2026-05-07 13:35:00,271.46,271.75,271.375,271.75,27508
2026-05-07 13:36:00,271.73,271.93,271.72,271.93,25031
2026-05-07 13:37:00,271.93,272.2,271.8864,272.155,31418
2026-05-07 13:38:00,272.14,272.25,271.99,272.06,22945
2026-05-07 13:39:00,272.075,272.18,271.93,272.11,28541
2026-05-07 13:40:00,272.08,272.28,272.032,272.13,21880
2026-05-07 13:41:00,272.13,272.2,272.03,272.2,16127
2026-05-07 13:42:00,272.16,272.2,272.07,272.09,35344
2026-05-07 13:43:00,272.035,272.05,271.9401,272.05,14642
2026-05-07 13:44:00,272.03,272.03,271.84,271.93,24174
2026-05-07 13:45:00,271.94,271.99,271.8001,271.835,27852
2026-05-07 13:46:00,271.83,271.8699,271.7,271.72,27799
2026-05-07 13:47:00,271.7,271.936,271.7,271.865,25675
2026-05-07 13:48:00,271.855,271.9,271.75,271.82,19750
2026-05-07 13:49:00,271.839,271.8661,271.77,271.865,22799
2026-05-07 13:50:00,271.83,271.91,271.76,271.865,33511
2026-05-07 13:51:00,271.9,272.0,271.8601,271.96,24266
2026-05-07 13:52:00,271.95,271.95,271.8,271.855,19104
2026-05-07 13:53:00,271.8301,271.98,271.8301,271.98,22437
2026-05-07 13:54:00,271.99,272.13,271.99,272.115,13254
2026-05-07 13:55:00,272.16,272.24,272.12,272.175,19338
2026-05-07 13:56:00,272.2,272.52,272.055,272.4,53095
2026-05-07 13:57:00,272.35,272.735,272.35,272.73,59051
2026-05-07 13:58:00,272.73,272.81,272.67,272.78,53876
2026-05-07 13:59:00,272.79,272.95,272.79,272.8286,25626
2026-05-07 14:00:00,272.86,272.92,272.69,272.74,30880
2026-05-07 14:01:00,272.77,272.78,272.63,272.7,23274
2026-05-07 14:02:00,272.71,272.8,272.57,272.775,22211
2026-05-07 14:03:00,272.765,272.84,272.62,272.65,34820
2026-05-07 14:04:00,272.65,272.78,272.59,272.605,22097
2026-05-07 14:05:00,272.64,272.73,272.635,272.72,10857
2026-05-07 14:06:00,272.725,272.7889,272.69,272.765,11869
2026-05-07 14:07:00,272.765,272.79,272.635,272.71,20443
2026-05-07 14:08:00,272.72,272.74,272.58,272.595,29229
2026-05-07 14:09:00,272.585,272.71,272.48,272.57,39387
2026-05-07 14:10:00,272.56,272.63,272.44,272.63,24407
2026-05-07 14:11:00,272.6071,272.84,272.5801,272.82,18530
2026-05-07 14:12:00,272.82,272.87,272.75,272.822,22026
2026-05-07 14:13:00,272.79,272.81,272.72,272.7751,26560
2026-05-07 14:14:00,272.8,272.82,272.7101,272.78,26439
2026-05-07 14:15:00,272.8,272.88,272.78,272.86,20726
2026-05-07 14:16:00,272.85,272.9,272.77,272.8125,9033
2026-05-07 14:17:00,272.81,272.85,272.7401,272.81,18731
2026-05-07 14:18:00,272.795,272.9728,272.795,272.96,30758
2026-05-07 14:19:00,272.95,272.98,272.82,272.825,15565
2026-05-07 14:20:00,272.84,272.94,272.79,272.87,18913
2026-05-07 14:21:00,272.88,272.96,272.82,272.82,18663
2026-05-07 14:22:00,272.82,272.9,272.7601,272.775,26144
2026-05-07 14:23:00,272.775,272.8,272.67,272.72,18031
2026-05-07 14:24:00,272.7051,272.73,272.4,272.415,173724
2026-05-07 14:25:00,272.41,272.51,272.3395,272.38,20130
2026-05-07 14:26:00,272.38,272.6,272.3606,272.6,27627
2026-05-07 14:27:00,272.58,272.75,272.5369,272.7,22902
2026-05-07 14:28:00,272.71,272.8,272.672,272.7025,14156
2026-05-07 14:29:00,272.685,272.76,272.58,272.62,14538
2026-05-07 14:30:00,272.615,272.71,272.57,272.66,13624
2026-05-07 14:31:00,272.68,272.79,272.67,272.77,24172
2026-05-07 14:32:00,272.7769,272.83,272.71,272.805,16169
2026-05-07 14:33:00,272.81,272.84,272.76,272.79,16693
2026-05-07 14:34:00,272.785,272.79,272.7201,272.725,23128
2026-05-07 14:35:00,272.725,272.8112,272.68,272.7051,20492
2026-05-07 14:36:00,272.705,272.72,272.63,272.66,24308
2026-05-07 14:37:00,272.665,272.6899,272.5,272.53,18836
2026-05-07 14:38:00,272.54,272.56,272.33,272.33,28915
2026-05-07 14:39:00,272.33,272.43,272.15,272.34,41658
2026-05-07 14:40:00,272.34,272.415,272.3,272.32,33132
2026-05-07 14:41:00,272.29,272.3227,272.12,272.17,31784
2026-05-07 14:42:00,272.165,272.32,272.15,272.25,20418
2026-05-07 14:43:00,272.22,272.22,271.83,271.945,37584
2026-05-07 14:44:00,271.94,271.94,271.36,271.6,69474
2026-05-07 14:45:00,271.52,271.77,271.38,271.75,25271
2026-05-07 14:46:00,271.74,271.8799,271.68,271.815,17296
2026-05-07 14:47:00,271.8,271.88,271.6,271.73,32997
2026-05-07 14:48:00,271.69,271.97,271.69,271.79,36385
2026-05-07 14:49:00,271.81,271.89,271.77,271.83,20336
2026-05-07 14:50:00,271.8001,271.89,271.6501,271.86,25036
2026-05-07 14:51:00,271.89,272.11,271.83,272.085,39527
2026-05-07 14:52:00,272.095,272.15,271.96,272.04,32475
2026-05-07 14:53:00,272.045,272.05,271.88,271.97,20030
2026-05-07 14:54:00,271.9651,272.03,271.81,271.85,22782
2026-05-07 14:55:00,271.84,272.19,271.77,272.085,45857
2026-05-07 14:56:00,272.065,272.12,271.98,272.0,20087
2026-05-07 14:57:00,272.04,272.1,271.97,272.02,19146
2026-05-07 14:58:00,272.03,272.12,272.0018,272.045,18276
2026-05-07 14:59:00,272.07,272.16,272.02,272.085,23531
2026-05-07 15:00:00,272.08,272.08,271.84,271.85,22953
2026-05-07 15:01:00,271.875,271.92,271.7,271.75,22863
2026-05-07 15:02:00,271.775,271.775,271.535,271.7,29836
2026-05-07 15:03:00,271.705,271.9,271.63,271.785,41818
2026-05-07 15:04:00,271.79,271.825,271.7078,271.81,12910
2026-05-07 15:05:00,271.82,271.85,271.7696,271.825,16752
2026-05-07 15:06:00,271.83,271.86,271.765,271.8337,22849
2026-05-07 15:07:00,271.765,271.915,271.635,271.8,23319
2026-05-07 15:08:00,271.845,271.845,271.5781,271.63,35266
2026-05-07 15:09:00,271.6225,271.74,271.59,271.73,28867
2026-05-07 15:10:00,271.73,271.79,271.63,271.725,26886
2026-05-07 15:11:00,271.725,271.98,271.725,271.95,59440
2026-05-07 15:12:00,271.98,271.99,271.9,271.935,31428
2026-05-07 15:13:00,271.95,272.03,271.925,271.925,24246
2026-05-07 15:14:00,271.94,271.98,271.8799,271.93,26017
2026-05-07 15:15:00,271.93,271.96,271.8001,271.96,24587
2026-05-07 15:16:00,271.96,271.99,271.87,271.965,48969
2026-05-07 15:17:00,271.925,272.03,271.65,271.68,32097
2026-05-07 15:18:00,271.7129,271.85,271.62,271.6999,41103
2026-05-07 15:19:00,271.67,271.8499,271.52,271.81,61204
2026-05-07 15:20:00,271.78,271.8,271.68,271.8,19115
2026-05-07 15:21:00,271.8,271.86,271.74,271.78,22560
2026-05-07 15:22:00,271.795,271.97,271.7825,271.91,57503
2026-05-07 15:23:00,271.9299,271.94,271.8,271.92,27175
2026-05-07 15:24:00,271.9,271.97,271.86,271.91,38076
2026-05-07 15:25:00,271.88,271.97,271.78,271.83,48843
2026-05-07 15:26:00,271.8,271.94,271.75,271.9,21282
2026-05-07 15:27:00,271.9,272.08,271.87,272.04,27342
2026-05-07 15:28:00,272.06,272.07,271.82,271.82,25955
2026-05-07 15:29:00,271.84,272.04,271.82,271.98,21965
2026-05-07 15:30:00,271.97,272.1,271.94,272.05,20466
2026-05-07 15:31:00,272.07,272.13,271.96,272.0,31307
2026-05-07 15:32:00,272.02,272.02,271.89,271.93,34121
2026-05-07 15:33:00,271.915,271.97,271.855,271.87,36698
2026-05-07 15:34:00,271.87,271.9,271.66,271.7,51889
2026-05-07 15:35:00,271.68,271.7,271.54,271.55,33657
2026-05-07 15:36:00,271.56,271.71,271.5401,271.71,24922
2026-05-07 15:37:00,271.7,271.89,271.67,271.78,60785
2026-05-07 15:38:00,271.775,271.7899,271.6,271.68,47179
2026-05-07 15:39:00,271.69,271.76,271.64,271.67,13236
2026-05-07 15:40:00,271.67,271.83,271.65,271.8002,34046
2026-05-07 15:41:00,271.84,271.85,271.72,271.735,31912
2026-05-07 15:42:00,271.735,271.78,271.58,271.695,34389
2026-05-07 15:43:00,271.695,271.91,271.695,271.81,25948
2026-05-07 15:44:00,271.81,271.94,271.78,271.865,27625
2026-05-07 15:45:00,271.86,271.88,271.775,271.82,28175
2026-05-07 15:46:00,271.82,271.82,271.68,271.69,34311
2026-05-07 15:47:00,271.7,271.75,271.587,271.59,23190
2026-05-07 15:48:00,271.57,271.57,271.41,271.51,53096
2026-05-07 15:49:00,271.51,271.64,271.44,271.51,44560
2026-05-07 15:50:00,271.52,271.86,271.44,271.705,103462
2026-05-07 15:51:00,271.7226,271.77,271.62,271.65,70900
2026-05-07 15:52:00,271.655,271.66,271.19,271.51,131598
2026-05-07 15:53:00,271.53,271.58,271.3,271.4,83521
2026-05-07 15:54:00,271.38,271.43,270.49,270.89,183189
2026-05-07 15:55:00,270.88,271.33,270.84,271.29,124110
2026-05-07 15:56:00,271.3,271.39,271.08,271.085,108017
2026-05-07 15:57:00,271.07,271.41,271.04,271.12,153032
2026-05-07 15:58:00,271.12,271.14,270.97,271.125,185334
2026-05-07 15:59:00,271.12,271.27,271.02,271.25,372710
2026-05-07 16:00:00,271.26,271.26,271.01,271.1,5398319
2026-05-07 16:01:00,271.1,271.4,271.05,271.19,7461
2026-05-07 16:02:00,271.1176,272.0,271.08,271.691,9021
2026-05-07 16:03:00,271.5675,271.99,271.5671,271.8,2848
2026-05-07 16:04:00,271.53,271.92,271.26,271.8987,3455
2026-05-07 16:05:00,271.5769,271.73,271.55,271.5865,1808
2026-05-07 16:06:00,271.5201,271.6045,271.17,271.45,2756
2026-05-07 16:07:00,271.2515,271.5,271.2515,271.36,2539
2026-05-07 16:08:00,271.25,271.4,271.25,271.3557,1338
2026-05-07 16:09:00,271.4,271.4,271.39,271.39,500
2026-05-07 16:10:00,271.46,271.46,271.46,271.46,100
2026-05-07 16:11:00,271.71,271.71,271.32,271.32,696
2026-05-07 16:12:00,271.5,271.5,271.44,271.5,4434
2026-05-07 16:13:00,271.44,271.44,271.44,271.44,337
2026-05-07 16:17:00,271.54,271.54,271.3608,271.3608,915
2026-05-07 16:18:00,271.3478,271.3478,271.3478,271.3478,100
2026-05-07 16:20:00,271.45,271.45,271.41,271.41,200
2026-05-07 16:21:00,271.5244,271.5244,271.44,271.44,400
2026-05-07 16:22:00,271.45,271.54,271.45,271.54,600
2026-05-07 16:23:00,271.55,271.59,271.54,271.59,527
2026-05-07 16:25:00,271.59,271.6043,271.59,271.59,600
2026-05-07 16:28:00,271.59,271.6451,271.59,271.6451,400
2026-05-07 16:30:00,271.41,271.41,271.41,271.41,108
2026-05-07 16:31:00,271.5,271.5,271.5,271.5,100
2026-05-07 16:34:00,271.51,271.51,271.51,271.51,319
2026-05-07 16:35:00,271.64,271.64,271.64,271.64,200
2026-05-07 16:36:00,271.62,271.62,271.62,271.62,150
2026-05-07 16:37:00,271.5,271.51,271.06,271.189,2880
2026-05-07 16:38:00,271.05,271.21,271.05,271.14,932
2026-05-07 16:39:00,271.1012,271.16,271.08,271.08,471
2026-05-07 16:40:00,271.08,271.09,271.0,271.0,635
2026-05-07 16:41:00,271.0516,271.12,271.0516,271.12,841
2026-05-07 16:43:00,271.3386,271.3386,271.31,271.31,2386
2026-05-07 16:44:00,271.25,271.2959,271.18,271.25,2586
2026-05-07 16:45:00,271.21,271.21,271.21,271.21,1000
2026-05-07 16:46:00,271.2,271.2,271.2,271.2,200
2026-05-07 16:47:00,271.0,271.01,271.0,271.0,1750
2026-05-07 16:48:00,271.17,271.17,271.0,271.0,372
2026-05-07 16:49:00,271.16,271.16,271.0316,271.0316,565
2026-05-07 16:50:00,271.17,271.17,271.11,271.11,300
2026-05-07 16:51:00,271.16,271.16,271.16,271.16,1400
2026-05-07 16:53:00,271.13,271.13,271.13,271.13,100
2026-05-07 16:54:00,271.1,271.27,271.1,271.1,441
2026-05-07 16:56:00,271.09,271.09,271.0,271.0,300
2026-05-07 16:57:00,271.0,271.01,270.8,270.99,717
2026-05-07 16:58:00,270.97,271.01,270.97,270.9751,1195
2026-05-07 16:59:00,270.86,270.86,270.86,270.86,116
2026-05-07 17:00:00,270.94,271.0499,270.94,271.0499,1000
2026-05-07 17:01:00,271.0489,271.08,271.0001,271.08,3334
2026-05-07 17:02:00,271.1,271.1,270.98,270.98,2214
2026-05-07 17:03:00,271.08,271.3,270.9994,270.9994,600
2026-05-07 17:04:00,270.9831,271.27,270.9831,271.27,759
2026-05-07 17:05:00,270.9568,271.0,270.9568,270.96,400
2026-05-07 17:06:00,270.95,271.0,270.9,270.9,1117
2026-05-07 17:07:00,271.07,271.07,270.95,270.95,250
2026-05-07 17:09:00,270.8631,270.8631,270.75,270.75,650
2026-05-07 17:10:00,270.75,270.75,270.73,270.73,227
2026-05-07 17:11:00,270.74,270.74,270.73,270.7383,506
2026-05-07 17:12:00,270.67,270.8,270.65,270.8,1820
2026-05-07 17:13:00,270.77,270.77,270.69,270.69,496
2026-05-07 17:14:00,270.7507,270.8,270.75,270.75,2824
2026-05-07 17:15:00,270.75,270.7501,270.6,270.6,2184
2026-05-07 17:16:00,270.67,270.74,270.63,270.63,652
2026-05-07 17:17:00,270.65,270.68,270.65,270.68,443
2026-05-07 17:18:00,270.71,270.71,270.67,270.67,542
2026-05-07 17:19:00,270.6515,270.76,270.6515,270.7345,979
2026-05-07 17:20:00,270.78,270.78,270.6689,270.77,353
2026-05-07 17:21:00,270.651,270.6514,270.651,270.6514,227
2026-05-07 17:22:00,270.68,270.68,270.68,270.68,1510
2026-05-07 17:23:00,270.77,270.77,270.67,270.67,810
2026-05-07 17:24:00,270.67,270.6977,270.65,270.6598,600
2026-05-07 17:25:00,270.63,270.63,270.62,270.62,1126
2026-05-07 17:26:00,270.75,270.75,270.6501,270.6501,700
2026-05-07 17:27:00,270.65,270.7,270.65,270.7,440
2026-05-07 17:28:00,270.72,270.72,270.63,270.63,2107
2026-05-07 17:29:00,270.6435,270.7,270.6435,270.65,1425
2026-05-07 17:31:00,270.66,270.66,270.6,270.65,779
2026-05-07 17:32:00,270.6,270.6,270.6,270.6,360
2026-05-07 17:34:00,270.6,270.65,270.6,270.65,1563
2026-05-07 17:36:00,270.53,270.58,270.53,270.58,552
2026-05-07 17:37:00,270.6,270.6,270.6,270.6,300
2026-05-07 17:38:00,270.7,270.7,270.6867,270.6867,520
2026-05-07 17:39:00,270.6,270.61,270.6,270.61,1080
2026-05-07 17:40:00,270.6609,270.6609,270.6,270.6435,1000
2026-05-07 17:41:00,270.6,270.6,270.53,270.531,669
2026-05-07 17:42:00,270.53,270.53,270.5,270.5,3230
2026-05-07 17:43:00,270.3804,270.3804,270.37,270.37,1428
2026-05-07 17:44:00,270.37,270.37,270.24,270.24,1287
2026-05-07 17:46:00,270.24,270.24,270.24,270.24,432
2026-05-07 17:47:00,270.1,270.16,270.1,270.12,700
2026-05-07 17:48:00,270.1,270.1,270.1,270.1,196
2026-05-07 17:49:00,270.25,270.3907,270.25,270.3907,615
2026-05-07 17:50:00,270.53,270.53,270.53,270.53,350
2026-05-07 17:51:00,270.14,270.53,270.14,270.53,400
2026-05-07 17:52:00,270.35,270.35,270.14,270.14,1270
2026-05-07 17:53:00,270.36,270.43,270.14,270.14,634
2026-05-07 17:54:00,270.39,270.4,270.39,270.4,213
2026-05-07 17:55:00,270.14,270.18,270.14,270.18,609
2026-05-07 17:56:00,270.1,270.1,269.55,269.55,6829
2026-05-07 17:57:00,269.7,269.86,269.7,269.851,950
2026-05-07 17:58:00,269.9692,269.9692,269.85,269.89,805
2026-05-07 17:59:00,269.9,269.97,269.8,269.8,1521
2026-05-07 18:00:00,269.92,270.44,269.8845,270.3,4168
2026-05-07 18:01:00,270.38,270.45,270.08,270.45,5080
2026-05-07 18:02:00,269.8845,270.45,269.8845,270.45,377
2026-05-07 18:03:00,270.45,270.45,270.36,270.45,6361
2026-05-07 18:04:00,270.2412,270.45,270.2412,270.41,620
2026-05-07 18:05:00,270.25,270.4,270.25,270.4,449
2026-05-07 18:06:00,270.32,270.4491,270.2616,270.4491,721
2026-05-07 18:07:00,270.3246,270.44,270.3246,270.44,356
2026-05-07 18:08:00,270.44,270.44,270.2767,270.32,1554
2026-05-07 18:09:00,270.45,270.45,270.45,270.45,150
2026-05-07 18:10:00,270.43,270.43,270.4,270.4,200
2026-05-07 18:11:00,270.45,270.6,270.45,270.6,816
2026-05-07 18:12:00,270.6,270.6,270.6,270.6,400
2026-05-07 18:13:00,270.6,270.6,270.55,270.59,1000
2026-05-07 18:14:00,270.6,270.6,270.59,270.5901,1000
2026-05-07 18:15:00,270.51,270.6,270.5,270.5,2570
2026-05-07 18:16:00,270.57,270.99,270.57,270.9,2232
2026-05-07 18:17:00,270.7863,270.7863,270.7863,270.7863,100
2026-05-07 18:19:00,270.75,270.75,270.75,270.75,120
2026-05-07 18:20:00,270.7012,270.7012,270.7,270.7,1236
2026-05-07 18:21:00,270.75,271.02,270.7017,271.02,3724
2026-05-07 18:22:00,270.85,270.8747,270.85,270.8747,400
2026-05-07 18:24:00,271.0,271.0,270.93,270.94,3754
2026-05-07 18:27:00,270.86,270.86,270.86,270.86,100
2026-05-07 18:28:00,270.85,270.85,270.6031,270.8,899
2026-05-07 18:29:00,270.64,270.748,270.64,270.748,210
2026-05-07 18:30:00,270.5349,270.5349,270.5349,270.5349,100
2026-05-07 18:31:00,270.8,270.8,270.5,270.5,300
2026-05-07 18:32:00,270.8,270.8,270.8,270.8,100
2026-05-07 18:33:00,270.5377,270.8,270.5377,270.8,954
2026-05-07 18:34:00,270.62,270.62,270.22,270.38,809
2026-05-07 18:35:00,270.337,270.337,270.33,270.33,200
2026-05-07 18:36:00,270.3,270.3,270.3,270.3,999
2026-05-07 18:40:00,270.35,270.35,270.35,270.35,200
2026-05-07 18:42:00,270.42,270.42,270.3,270.3,200
2026-05-07 18:43:00,270.54,270.54,270.54,270.54,100
2026-05-07 18:44:00,270.6619,270.6619,270.6619,270.6619,136
2026-05-07 18:45:00,270.39,270.4196,270.39,270.4196,450
2026-05-07 18:46:00,270.3604,270.42,270.3604,270.42,200
2026-05-07 18:47:00,270.39,270.39,270.3691,270.3691,200
2026-05-07 18:48:00,270.43,270.43,270.41,270.41,693
2026-05-07 18:49:00,270.4,270.4,270.4,270.4,2750
2026-05-07 18:50:00,270.487,270.487,270.487,270.487,225
2026-05-07 18:51:00,270.5,270.61,270.4603,270.4603,450
2026-05-07 18:52:00,270.68,270.68,270.68,270.68,100
2026-05-07 18:55:00,270.4,270.41,270.31,270.31,2535
2026-05-07 18:56:00,270.42,270.42,270.42,270.42,100
2026-05-07 18:57:00,270.4,270.43,270.3,270.37,1107
2026-05-07 18:58:00,270.31,270.31,270.3,270.3,2390
2026-05-07 18:59:00,270.31,270.31,270.26,270.26,710
2026-05-07 19:01:00,270.68,270.68,270.3087,270.3087,856
2026-05-07 19:02:00,270.25,270.25,270.25,270.25,100
2026-05-07 19:05:00,270.4,270.4,270.4,270.4,101
2026-05-07 19:09:00,270.3494,270.3494,270.3494,270.3494,100
2026-05-07 19:10:00,270.6,270.6,270.4,270.5,1135
2026-05-07 19:13:00,270.47,270.47,270.47,270.47,100
2026-05-07 19:15:00,270.45,270.45,270.4,270.4,1275
2026-05-07 19:16:00,270.48,270.48,270.48,270.48,156
2026-05-07 19:17:00,270.6692,270.6692,270.6692,270.6692,1000
2026-05-07 19:19:00,270.4813,270.4813,270.4813,270.4813,100
2026-05-07 19:21:00,270.55,270.55,270.55,270.55,100
2026-05-07 19:22:00,270.57,270.57,270.57,270.57,100
2026-05-07 19:23:00,270.55,270.6,270.4,270.4,2482
2026-05-07 19:24:00,270.5,270.5,270.5,270.5,579
2026-05-07 19:25:00,270.64,270.64,270.48,270.48,240
2026-05-07 19:26:00,270.57,270.57,270.57,270.57,182
2026-05-07 19:27:00,270.51,270.51,270.51,270.51,100
2026-05-07 19:31:00,270.5,270.5,270.5,270.5,104
2026-05-07 19:32:00,270.55,270.57,270.55,270.57,602
2026-05-07 19:33:00,270.55,270.55,270.55,270.55,1000
2026-05-07 19:37:00,270.513,270.587,270.513,270.58,900
2026-05-07 19:38:00,270.5175,270.5175,270.5175,270.5175,200
2026-05-07 19:39:00,270.5975,270.5975,270.5525,270.5525,350
2026-05-07 19:40:00,270.5,270.5005,270.5,270.5005,850
2026-05-07 19:41:00,270.51,270.51,270.45,270.45,759
2026-05-07 19:42:00,270.61,270.61,270.52,270.52,200
2026-05-07 19:43:00,270.45,270.65,270.45,270.61,1136
2026-05-07 19:44:00,270.65,270.65,270.65,270.65,118
2026-05-07 19:47:00,270.5,270.5,270.5,270.5,400
2026-05-07 19:48:00,270.5,270.5,270.5,270.5,1109
2026-05-07 19:49:00,270.5,270.7,270.5,270.7,1316
2026-05-07 19:53:00,270.94,270.94,270.94,270.94,100
2026-05-07 19:55:00,270.8894,270.9,270.8894,270.9,1000
2026-05-07 19:56:00,270.8593,270.8593,270.8593,270.8593,100
2026-05-07 19:57:00,270.91,270.91,270.91,270.91,100
2026-05-07 19:59:00,270.9,270.92,270.88,270.88,1242
2026-05-08 04:00:00,271.67,272.2,271.6071,272.14,17141
2026-05-08 04:01:00,272.13,272.22,271.85,271.99,3248
2026-05-08 04:02:00,271.96,271.96,271.96,271.96,100
2026-05-08 04:03:00,271.88,271.88,271.88,271.88,100
2026-05-08 04:04:00,271.9335,271.9335,271.9335,271.9335,100
2026-05-08 04:05:00,271.86,271.86,271.86,271.86,100
2026-05-08 04:06:00,271.92,271.98,271.92,271.98,300
2026-05-08 04:08:00,271.98,271.98,271.98,271.98,100
2026-05-08 04:09:00,271.94,271.98,271.94,271.98,800
2026-05-08 04:10:00,271.96,272.0,271.96,272.0,506
2026-05-08 04:12:00,271.86,271.95,271.86,271.95,227
2026-05-08 04:13:00,272.01,272.01,271.72,271.9903,634
2026-05-08 04:14:00,271.78,272.16,271.78,271.8,622
2026-05-08 04:17:00,271.96,272.0,271.88,271.93,759
2026-05-08 04:20:00,271.87,272.02,271.79,271.79,687
2026-05-08 04:21:00,272.1,272.1,272.1,272.1,100
2026-05-08 04:22:00,272.2,272.2,272.2,272.2,100
2026-05-08 04:23:00,272.09,272.2,272.08,272.2,650
2026-05-08 04:25:00,272.0,272.0,272.0,272.0,200
2026-05-08 04:26:00,271.97,271.97,271.97,271.97,100
2026-05-08 04:28:00,271.97,271.97,271.97,271.97,200
2026-05-08 04:32:00,271.8018,271.82,271.8018,271.82,350
2026-05-08 04:33:00,271.99,271.99,271.99,271.99,100
2026-05-08 04:36:00,271.9,271.9,271.9,271.9,204
2026-05-08 04:37:00,271.96,272.0,271.96,272.0,575
2026-05-08 04:39:00,271.94,271.94,271.94,271.94,100
2026-05-08 04:40:00,271.8,271.8,271.8,271.8,200
2026-05-08 04:41:00,271.92,271.92,271.92,271.92,170
2026-05-08 04:49:00,271.71,271.71,271.71,271.71,306
2026-05-08 04:51:00,271.51,271.51,271.51,271.51,115
2026-05-08 04:52:00,271.69,271.69,271.69,271.69,100
2026-05-08 04:59:00,271.7,271.71,271.7,271.71,782
2026-05-08 05:04:00,271.88,271.88,271.88,271.88,100
2026-05-08 05:05:00,272.0,272.0,272.0,272.0,162
2026-05-08 05:11:00,271.88,271.88,271.88,271.88,400
2026-05-08 05:16:00,271.88,271.88,271.88,271.88,100
2026-05-08 05:17:00,272.1266,272.1266,272.1266,272.1266,199
2026-05-08 05:23:00,272.15,272.15,272.15,272.15,100
2026-05-08 05:24:00,272.2,272.2,272.2,272.2,294
2026-05-08 05:26:00,272.2,272.2,272.2,272.2,457
2026-05-08 05:27:00,272.16,272.16,272.16,272.16,100
2026-05-08 05:30:00,272.15,272.15,272.07,272.07,215
2026-05-08 05:31:00,272.01,272.01,272.01,272.01,100
2026-05-08 05:33:00,272.0,272.0,272.0,272.0,575
2026-05-08 05:34:00,271.92,272.0,271.92,272.0,925
2026-05-08 05:35:00,272.0,272.0,272.0,272.0,100
2026-05-08 05:37:00,272.0,272.0,272.0,272.0,180
2026-05-08 05:38:00,272.2924,272.2924,272.27,272.27,200
2026-05-08 05:40:00,272.25,272.25,272.25,272.25,100
2026-05-08 05:45:00,272.06,272.06,272.0,272.0,1820
2026-05-08 05:48:00,271.89,271.89,271.89,271.89,155
2026-05-08 05:52:00,271.88,271.88,271.8,271.8,2213
2026-05-08 05:57:00,271.84,271.86,271.84,271.86,943
2026-05-08 06:04:00,271.9,271.9,271.9,271.9,125
2026-05-08 06:05:00,271.7,271.7,271.7,271.7,100
2026-05-08 06:08:00,271.77,271.77,271.76,271.76,244
2026-05-08 06:15:00,271.87,271.87,271.87,271.87,100
2026-05-08 06:17:00,271.82,271.82,271.82,271.82,125
2026-05-08 06:18:00,271.88,271.8849,271.88,271.8849,525
2026-05-08 06:22:00,271.9,271.9,271.9,271.9,110
2026-05-08 06:24:00,271.8509,271.8509,271.8509,271.8509,100
2026-05-08 06:25:00,271.839,271.839,271.839,271.839,100
2026-05-08 06:34:00,271.88,271.88,271.85,271.85,200
2026-05-08 06:36:00,271.8001,271.8001,271.8,271.8,236
2026-05-08 06:37:00,271.8,271.8,271.76,271.76,1699
2026-05-08 06:38:00,271.79,271.99,271.79,271.99,210
2026-05-08 06:44:00,271.81,271.82,271.81,271.82,325
2026-05-08 06:46:00,271.7,271.7,271.7,271.7,100
2026-05-08 06:47:00,271.7,271.7,271.7,271.7,234
2026-05-08 06:48:00,271.52,271.52,271.52,271.52,100
2026-05-08 06:49:00,271.51,271.51,271.51,271.51,130
2026-05-08 06:53:00,271.41,271.51,271.41,271.51,1632
2026-05-08 06:54:00,271.51,271.51,271.51,271.51,117
2026-05-08 06:55:00,271.53,271.61,271.53,271.61,1359
2026-05-08 06:56:00,271.45,271.45,271.45,271.45,111
2026-05-08 06:58:00,271.75,271.75,271.75,271.75,1000
2026-05-08 07:00:00,271.625,271.75,271.58,271.75,3268
2026-05-08 07:01:00,271.71,271.71,271.71,271.71,300
2026-05-08 07:02:00,271.7115,271.75,271.7115,271.75,1147
2026-05-08 07:03:00,271.7822,271.7822,271.74,271.74,200
2026-05-08 07:04:00,271.7755,271.78,271.73,271.78,600
2026-05-08 07:05:00,271.8,271.8,271.8,271.8,1048
2026-05-08 07:06:00,271.8,271.8,271.72,271.72,625
2026-05-08 07:07:00,271.83,271.83,271.75,271.77,473
2026-05-08 07:08:00,271.75,271.79,271.7,271.79,3200
2026-05-08 07:09:00,271.7116,271.79,271.7116,271.7792,1800
2026-05-08 07:10:00,271.72,271.83,271.72,271.83,4143
2026-05-08 07:11:00,271.7,271.7,271.7,271.7,100
2026-05-08 07:12:00,271.77,271.77,271.68,271.68,2038
2026-05-08 07:13:00,271.7579,271.78,271.7579,271.78,200
2026-05-08 07:15:00,271.6821,271.6821,271.6821,271.6821,500
2026-05-08 07:17:00,271.89,271.89,271.72,271.72,705
2026-05-08 07:18:00,271.7837,271.96,271.7837,271.92,300
2026-05-08 07:19:00,271.86,271.86,271.84,271.84,280
2026-05-08 07:20:00,271.79,271.95,271.79,271.95,2650
2026-05-08 07:21:00,271.9,271.9,271.9,271.9,300
2026-05-08 07:22:00,271.9,272.0,271.9,272.0,2591
2026-05-08 07:23:00,272.0,272.0,272.0,272.0,200
2026-05-08 07:24:00,272.06,272.22,272.0,272.22,4747
2026-05-08 07:25:00,272.13,272.13,272.13,272.13,750
2026-05-08 07:26:00,272.18,272.2048,272.17,272.17,300
2026-05-08 07:27:00,272.2299,272.2299,272.18,272.18,200
2026-05-08 07:28:00,272.2261,272.25,272.2261,272.25,875
2026-05-08 07:29:00,272.33,272.4,272.29,272.29,1275
2026-05-08 07:30:00,272.22,272.22,272.2,272.21,858
2026-05-08 07:31:00,272.24,272.24,272.24,272.24,100
2026-05-08 07:33:00,272.139,272.139,272.139,272.139,100
2026-05-08 07:35:00,272.21,272.21,272.2,272.21,450
2026-05-08 07:36:00,272.25,272.25,272.19,272.1975,400
2026-05-08 07:38:00,272.15,272.15,272.1,272.15,4605
2026-05-08 07:39:00,272.1,272.1,272.08,272.08,617
2026-05-08 07:40:00,272.18,272.18,272.0,272.0669,1858
2026-05-08 07:41:00,272.07,272.07,272.07,272.07,300
2026-05-08 07:43:00,272.12,272.12,272.12,272.12,400
2026-05-08 07:44:00,272.1,272.1,272.09,272.09,400
2026-05-08 07:45:00,272.1044,272.1044,272.0,272.0,300
2026-05-08 07:46:00,272.091,272.091,272.091,272.091,100
2026-05-08 07:47:00,272.05,272.05,272.05,272.05,100
2026-05-08 07:48:00,272.0,272.0,272.0,272.0,275
2026-05-08 07:49:00,272.0867,272.0867,272.06,272.06,664
2026-05-08 07:51:00,272.05,272.05,272.05,272.05,100
2026-05-08 07:52:00,272.05,272.05,272.0,272.0,1556
2026-05-08 07:53:00,272.0,272.0438,272.0,272.0399,3291
2026-05-08 07:54:00,272.02,272.02,272.02,272.02,125
2026-05-08 07:56:00,271.96,271.96,271.96,271.96,100
2026-05-08 07:57:00,271.9,271.9,271.9,271.9,547
2026-05-08 07:58:00,271.89,271.92,271.89,271.92,887
2026-05-08 07:59:00,271.88,271.88,271.88,271.88,100
2026-05-08 08:00:00,271.9,271.9,271.89,271.89,200
2026-05-08 08:01:00,271.8807,271.95,271.8807,271.95,839
2026-05-08 08:03:00,272.0,272.0,271.9626,271.9626,2177
2026-05-08 08:04:00,271.96,272.027,271.96,272.027,1150
2026-05-08 08:05:00,271.95,271.95,271.95,271.95,100
2026-05-08 08:06:00,271.9775,272.0105,271.9775,272.0,750
2026-05-08 08:07:00,272.01,272.01,271.89,271.89,1237
2026-05-08 08:09:00,271.9,272.02,271.87,272.02,900
2026-05-08 08:10:00,272.02,272.02,271.74,271.82,1859
2026-05-08 08:11:00,271.92,271.9584,271.84,271.9584,564
2026-05-08 08:12:00,271.8,271.8,271.8,271.8,100
2026-05-08 08:13:00,271.8953,271.9,271.8953,271.9,250
2026-05-08 08:14:00,271.775,271.775,271.775,271.775,500
2026-05-08 08:15:00,271.82,271.83,271.82,271.83,414
2026-05-08 08:16:00,271.8,271.81,271.8,271.81,721
2026-05-08 08:17:00,271.82,271.99,271.82,271.89,757
2026-05-08 08:18:00,271.85,271.85,271.85,271.85,267
2026-05-08 08:19:00,271.99,271.99,271.9,271.9,426
2026-05-08 08:20:00,271.93,271.93,271.93,271.93,248
2026-05-08 08:21:00,271.8614,271.863,271.8614,271.863,600
2026-05-08 08:22:00,271.89,271.89,271.83,271.83,448
2026-05-08 08:23:00,271.875,271.875,271.875,271.875,100
2026-05-08 08:24:00,271.9218,271.9218,271.9218,271.9218,300
2026-05-08 08:25:00,271.92,271.92,271.86,271.92,501
2026-05-08 08:26:00,271.85,271.85,271.85,271.85,100
2026-05-08 08:27:00,271.82,271.9,271.82,271.9,3100
2026-05-08 08:28:00,271.9,271.9,271.89,271.9,560
2026-05-08 08:29:00,271.8755,271.9,271.8,271.887,3401
2026-05-08 08:30:00,271.9,272.1,271.9,271.95,4277
2026-05-08 08:31:00,271.9576,272.1,271.9576,271.9958,998
2026-05-08 08:32:00,272.0,272.0,271.91,271.97,1225
2026-05-08 08:33:00,271.986,272.0856,271.96,272.0856,4092
2026-05-08 08:34:00,272.1,272.1,272.06,272.1,4219
2026-05-08 08:35:00,272.19,272.3,272.19,272.3,4257
2026-05-08 08:36:00,272.3,272.3,272.08,272.2896,6010
2026-05-08 08:37:00,272.18,272.3,272.18,272.3,796
2026-05-08 08:38:00,272.2,272.3,272.187,272.215,2300
2026-05-08 08:39:00,272.23,272.2805,272.2,272.27,2101
2026-05-08 08:40:00,272.27,272.4,272.27,272.3991,9243
2026-05-08 08:41:00,272.4,272.41,272.2,272.31,5351
2026-05-08 08:42:00,272.3,272.44,272.3,272.3836,1111
2026-05-08 08:43:00,272.4,272.44,272.39,272.425,4220
2026-05-08 08:44:00,272.43,272.4634,272.42,272.42,4357
2026-05-08 08:45:00,272.42,272.45,272.2,272.2982,13909
2026-05-08 08:46:00,272.23,272.3,272.1666,272.1666,7151
2026-05-08 08:47:00,272.4,272.4,272.3,272.3,303
2026-05-08 08:48:00,272.25,272.26,272.15,272.1983,4304
2026-05-08 08:49:00,272.15,272.2,272.03,272.14,5852
2026-05-08 08:50:00,272.25,272.25,271.99,272.19,6685
2026-05-08 08:51:00,272.09,272.22,272.07,272.08,2392
2026-05-08 08:52:00,272.17,272.17,272.17,272.17,100
2026-05-08 08:53:00,272.18,272.18,272.17,272.17,410
2026-05-08 08:54:00,272.2,272.38,272.13,272.1799,2956
2026-05-08 08:55:00,272.21,272.272,272.21,272.272,800
2026-05-08 08:56:00,272.38,272.38,272.16,272.16,3201
2026-05-08 08:57:00,272.18,272.18,272.18,272.18,225
2026-05-08 08:58:00,272.23,272.29,272.13,272.208,6299
2026-05-08 08:59:00,272.14,272.25,272.06,272.25,3066
2026-05-08 09:00:00,272.05,272.07,272.05,272.07,680
2026-05-08 09:01:00,272.21,272.23,272.06,272.06,900
2026-05-08 09:02:00,272.15,272.29,272.15,272.21,1741
2026-05-08 09:03:00,272.27,272.75,272.27,272.75,4506
2026-05-08 09:04:00,272.56,272.61,272.3101,272.5196,4648
2026-05-08 09:05:00,272.51,272.6,272.43,272.6,2609
2026-05-08 09:06:00,272.55,272.55,272.26,272.26,14877
2026-05-08 09:07:00,272.26,272.5,272.14,272.33,5637
2026-05-08 09:09:00,272.462,272.462,272.3,272.4,2325
2026-05-08 09:10:00,272.36,272.4,272.3263,272.36,1570
2026-05-08 09:11:00,272.35,272.36,272.06,272.15,8197
2026-05-08 09:12:00,272.233,272.2796,272.15,272.15,872
2026-05-08 09:14:00,272.15,272.15,272.15,272.15,1557
2026-05-08 09:15:00,272.1521,272.25,272.11,272.11,466
2026-05-08 09:18:00,272.25,272.25,272.2,272.25,7103
2026-05-08 09:19:00,272.36,272.36,272.27,272.28,1975
2026-05-08 09:20:00,272.29,272.3496,272.28,272.3496,739
2026-05-08 09:21:00,272.3496,272.35,272.28,272.31,1621
2026-05-08 09:23:00,272.36,272.36,272.22,272.2629,575
2026-05-08 09:24:00,272.25,272.34,272.25,272.3399,610
2026-05-08 09:25:00,272.26,272.34,272.0733,272.0761,5172
2026-05-08 09:26:00,272.01,272.24,271.96,271.96,1241
2026-05-08 09:27:00,271.96,272.2036,271.6,271.6,4428
2026-05-08 09:28:00,271.55,271.75,271.55,271.62,2952
2026-05-08 09:29:00,271.66,271.86,271.55,271.63,4245
2026-05-08 09:30:00,271.63,271.98,270.3,270.8899,803662
2026-05-08 09:31:00,270.843,271.25,270.5,271.17,86130
2026-05-08 09:32:00,271.24,271.27,270.72,270.885,55841
2026-05-08 09:33:00,270.885,270.9,270.3001,270.66,110566
2026-05-08 09:34:00,270.66,271.11,270.5,271.11,75682
2026-05-08 09:35:00,271.101,271.13,270.38,270.4,75210
2026-05-08 09:36:00,270.395,270.7,270.21,270.56,129694
2026-05-08 09:37:00,270.545,270.74,270.4,270.47,76502
2026-05-08 09:38:00,270.46,270.51,269.96,270.09,164724
2026-05-08 09:39:00,270.02,270.49,269.95,270.405,70266
2026-05-08 09:40:00,270.395,270.4894,270.15,270.33,53158
2026-05-08 09:41:00,270.28,270.7,270.25,270.7,56903
2026-05-08 09:42:00,270.72,271.12,270.6701,270.96,110300
2026-05-08 09:43:00,271.0399,271.12,270.735,271.115,51393
2026-05-08 09:44:00,271.102,271.47,270.95,271.41,81373
2026-05-08 09:45:00,271.45,271.9,271.37,271.85,165315
2026-05-08 09:46:00,271.84,272.175,271.7,272.07,136718
2026-05-08 09:47:00,272.07,272.1797,271.7,272.04,96517
2026-05-08 09:48:00,272.07,272.6,272.07,272.52,110838
2026-05-08 09:49:00,272.5125,272.76,272.46,272.73,149197
2026-05-08 09:50:00,272.73,272.83,272.4,272.77,73962
2026-05-08 09:51:00,272.77,272.8898,272.51,272.5881,123828
2026-05-08 09:52:00,272.59,272.75,272.3412,272.35,84522
2026-05-08 09:53:00,272.36,272.6,272.2501,272.3399,210774
2026-05-08 09:54:00,272.31,273.0416,271.93,273.025,118297
2026-05-08 09:55:00,273.03,273.28,272.8,273.1785,123945
2026-05-08 09:56:00,273.22,273.37,272.95,273.04,141768
2026-05-08 09:57:00,273.05,273.11,272.355,272.5,131693
2026-05-08 09:58:00,272.49,272.77,272.37,272.75,84623
2026-05-08 09:59:00,272.705,273.14,272.6,273.1393,49732
2026-05-08 10:00:00,273.139,273.3594,272.72,272.825,190177
2026-05-08 10:01:00,272.795,272.94,272.625,272.83,61019
2026-05-08 10:02:00,272.815,272.94,272.68,272.825,39576
2026-05-08 10:03:00,272.85,273.0988,272.68,272.74,89040
2026-05-08 10:04:00,272.76,272.98,272.72,272.8997,42032
2026-05-08 10:05:00,272.87,272.87,272.165,272.52,77979
2026-05-08 10:06:00,272.5,272.76,272.495,272.75,38465
2026-05-08 10:07:00,272.75,272.84,272.495,272.77,44413
2026-05-08 10:08:00,272.75,273.09,272.7301,273.07,64520
2026-05-08 10:09:00,273.09,273.25,272.92,272.98,67972
2026-05-08 10:10:00,272.98,273.0199,272.77,272.86,58259
2026-05-08 10:11:00,272.875,273.23,272.82,273.145,76687
2026-05-08 10:12:00,273.145,273.22,272.91,273.0,84759
2026-05-08 10:13:00,272.98,273.23,272.89,273.18,73844
2026-05-08 10:14:00,273.16,273.37,273.1,273.27,80050
2026-05-08 10:15:00,273.24,273.3759,273.01,273.36,78690
2026-05-08 10:16:00,273.34,273.35,272.75,272.75,49832
2026-05-08 10:17:00,272.71,272.75,272.5,272.565,32216
2026-05-08 10:18:00,272.565,272.7699,272.54,272.7,33524
2026-05-08 10:19:00,272.68,272.74,272.47,272.56,31233
2026-05-08 10:20:00,272.54,272.675,272.47,272.675,44929
2026-05-08 10:21:00,272.66,272.945,272.6544,272.86,40660
2026-05-08 10:22:00,272.86,272.98,272.65,272.68,35237
2026-05-08 10:23:00,272.665,272.77,272.47,272.48,37631
2026-05-08 10:24:00,272.48,272.75,272.48,272.75,32792
2026-05-08 10:25:00,272.75,272.7596,272.46,272.69,35495
2026-05-08 10:26:00,272.67,272.7465,272.59,272.715,29370
2026-05-08 10:27:00,272.7,272.75,272.595,272.64,20336
2026-05-08 10:28:00,272.63,272.63,272.39,272.39,44716
2026-05-08 10:29:00,272.3501,272.62,272.3,272.42,51038
2026-05-08 10:30:00,272.415,272.435,272.1001,272.1889,72289
2026-05-08 10:31:00,272.17,272.64,272.15,272.44,61369
2026-05-08 10:32:00,272.44,272.46,272.28,272.28,33143
2026-05-08 10:33:00,272.28,272.43,272.23,272.275,60592
2026-05-08 10:34:00,272.3,272.545,272.285,272.48,35649
2026-05-08 10:35:00,272.46,272.58,272.0717,272.2,117392
2026-05-08 10:36:00,272.16,272.35,272.13,272.16,25291
2026-05-08 10:37:00,272.16,272.3799,272.04,272.195,27223
2026-05-08 10:38:00,272.2,272.3,272.13,272.14,38367
2026-05-08 10:39:00,272.106,272.2,272.03,272.19,23398
2026-05-08 10:40:00,272.185,272.255,272.035,272.05,17349
2026-05-08 10:41:00,272.04,272.1294,271.71,271.74,67327
2026-05-08 10:42:00,271.76,271.77,271.66,271.72,44005
2026-05-08 10:43:00,271.7185,271.77,271.62,271.76,28770
2026-05-08 10:44:00,271.75,271.81,271.7,271.72,42888
2026-05-08 10:45:00,271.73,271.73,271.42,271.6,69872
2026-05-08 10:46:00,271.594,271.63,271.48,271.63,47975
2026-05-08 10:47:00,271.598,272.185,271.598,272.06,69170
2026-05-08 10:48:00,272.04,272.3041,272.04,272.23,42029
2026-05-08 10:49:00,272.23,272.33,272.08,272.3,54782
2026-05-08 10:50:00,272.3,272.39,272.185,272.34,66682
2026-05-08 10:51:00,272.32,272.45,272.02,272.035,63842
2026-05-08 10:52:00,272.02,272.14,271.96,272.14,30421
2026-05-08 10:53:00,272.105,272.24,271.9649,272.05,25051
2026-05-08 10:54:00,272.06,272.235,271.96,272.22,16524
2026-05-08 10:55:00,272.24,272.33,272.1,272.13,35290
2026-05-08 10:56:00,272.13,272.27,272.1001,272.16,27337
2026-05-08 10:57:00,272.155,272.26,272.13,272.2,31427
2026-05-08 10:58:00,272.2,272.2091,272.12,272.19,24933
2026-05-08 10:59:00,272.17,272.22,271.91,271.91,46921
2026-05-08 11:00:00,271.92,272.175,271.85,272.175,36768
2026-05-08 11:01:00,272.18,272.6,272.175,272.5999,50389
2026-05-08 11:02:00,272.575,272.87,272.51,272.825,66414
2026-05-08 11:03:00,272.84,272.86,272.63,272.77,63382
2026-05-08 11:04:00,272.775,272.83,272.6,272.635,34601
2026-05-08 11:05:00,272.63,272.73,272.39,272.395,30416
2026-05-08 11:06:00,272.38,272.47,272.22,272.47,53474
2026-05-08 11:07:00,272.47,272.49,272.17,272.315,51552
2026-05-08 11:08:00,272.3399,272.55,272.25,272.4,36663
2026-05-08 11:09:00,272.405,272.525,272.29,272.36,21385
2026-05-08 11:10:00,272.36,272.4,272.17,272.21,34708
2026-05-08 11:11:00,272.23,272.545,272.23,272.53,22344
2026-05-08 11:12:00,272.515,272.54,272.28,272.28,19658
2026-05-08 11:13:00,272.29,272.3,272.175,272.245,37079
2026-05-08 11:14:00,272.235,272.29,272.095,272.095,54047
2026-05-08 11:15:00,272.095,272.33,272.0401,272.32,35618
2026-05-08 11:16:00,272.32,272.34,272.17,272.29,41520
2026-05-08 11:17:00,272.31,272.36,272.2,272.27,42503
2026-05-08 11:18:00,272.27,272.44,272.25,272.38,23952
2026-05-08 11:19:00,272.39,272.5356,272.3301,272.49,20228
2026-05-08 11:20:00,272.51,272.54,272.435,272.48,31658
2026-05-08 11:21:00,272.46,272.655,272.46,272.63,28121
2026-05-08 11:22:00,272.615,272.645,272.41,272.415,33213
2026-05-08 11:23:00,272.43,272.51,272.37,272.47,54337
2026-05-08 11:24:00,272.47,272.5495,272.37,272.37,28578
2026-05-08 11:25:00,272.38,272.7,272.36,272.585,41723
2026-05-08 11:26:00,272.6,272.68,272.565,272.58,43543
2026-05-08 11:27:00,272.58,272.69,272.56,272.65,35361
2026-05-08 11:28:00,272.645,272.72,272.63,272.695,26387
2026-05-08 11:29:00,272.68,272.9,272.67,272.9,68622
2026-05-08 11:30:00,272.91,272.95,272.545,272.6,63765
2026-05-08 11:31:00,272.62,272.82,272.51,272.8,41800
2026-05-08 11:32:00,272.8,272.8,272.61,272.63,36487
2026-05-08 11:33:00,272.61,272.615,272.46,272.48,29562
2026-05-08 11:34:00,272.47,272.5361,272.35,272.47,31270
2026-05-08 11:35:00,272.46,272.6074,272.405,272.585,37962
2026-05-08 11:36:00,272.57,272.77,272.56,272.69,57613
2026-05-08 11:37:00,272.69,272.875,272.59,272.815,74318
2026-05-08 11:38:00,272.8,272.93,272.73,272.8899,59419
2026-05-08 11:39:00,272.86,272.95,272.67,272.8389,49609
2026-05-08 11:40:00,272.8175,273.1,272.74,272.98,95588
2026-05-08 11:41:00,272.99,273.04,272.62,272.625,55305
2026-05-08 11:42:00,272.62,272.76,272.51,272.76,50528
2026-05-08 11:43:00,272.78,273.1,272.765,272.905,44711
2026-05-08 11:44:00,272.92,273.09,272.92,273.01,22516
2026-05-08 11:45:00,273.01,273.03,272.8601,272.975,28756
2026-05-08 11:46:00,272.96,273.1,272.92,273.0636,45462
2026-05-08 11:47:00,273.05,273.21,273.03,273.2,67964
2026-05-08 11:48:00,273.21,273.31,273.17,273.175,66763
2026-05-08 11:49:00,273.1681,273.215,273.08,273.16,33699
2026-05-08 11:50:00,273.15,273.33,273.13,273.28,41560
2026-05-08 11:51:00,273.257,273.49,273.22,273.4,95959
2026-05-08 11:52:00,273.4,273.42,273.1,273.14,61482
2026-05-08 11:53:00,273.15,273.2899,273.15,273.19,45081
2026-05-08 11:54:00,273.21,273.35,273.16,273.33,35444
2026-05-08 11:55:00,273.34,273.38,272.8573,272.885,49047
2026-05-08 11:56:00,272.885,273.1897,272.88,273.1897,39156
2026-05-08 11:57:00,273.18,273.19,272.98,273.02,33722
2026-05-08 11:58:00,273.05,273.075,272.7101,272.72,22293
2026-05-08 11:59:00,272.725,272.8,272.59,272.64,36374
2026-05-08 12:00:00,272.64,272.9,272.59,272.885,50796
2026-05-08 12:01:00,272.9113,272.98,272.8163,272.98,27843
2026-05-08 12:02:00,272.9859,272.99,272.78,272.78,24267
2026-05-08 12:03:00,272.81,272.9,272.77,272.83,15491
2026-05-08 12:04:00,272.836,272.94,272.836,272.93,32443
2026-05-08 12:05:00,272.93,273.01,272.8886,272.93,33127
2026-05-08 12:06:00,272.915,272.985,272.88,272.93,24414
2026-05-08 12:07:00,272.94,272.99,272.87,272.915,19628
2026-05-08 12:08:00,272.92,272.935,272.78,272.84,30839
2026-05-08 12:09:00,272.845,272.885,272.81,272.885,9661
2026-05-08 12:10:00,272.89,272.975,272.88,272.88,24939
2026-05-08 12:11:00,272.8392,273.0,272.8392,272.925,19562
2026-05-08 12:12:00,272.95,273.035,272.9,272.97,17556
2026-05-08 12:13:00,272.97,273.13,272.97,273.115,36167
2026-05-08 12:14:00,273.095,273.31,273.095,273.255,33603
2026-05-08 12:15:00,273.25,273.36,273.23,273.27,40236
2026-05-08 12:16:00,273.29,273.35,273.13,273.17,21383
2026-05-08 12:17:00,273.14,273.22,273.09,273.19,29202
2026-05-08 12:18:00,273.18,273.355,273.177,273.33,29718
2026-05-08 12:19:00,273.31,273.35,273.2201,273.24,33218
2026-05-08 12:20:00,273.255,273.2899,273.11,273.11,24050
2026-05-08 12:21:00,273.128,273.1816,273.08,273.155,15578
2026-05-08 12:22:00,273.19,273.2859,273.17,273.225,22775
2026-05-08 12:23:00,273.225,273.23,273.131,273.17,22368
2026-05-08 12:24:00,273.175,273.175,273.08,273.095,25027
2026-05-08 12:25:00,273.11,273.19,273.0601,273.135,39682
2026-05-08 12:26:00,273.14,273.28,273.06,273.085,48923
2026-05-08 12:27:00,273.1,273.155,273.05,273.1,83117
2026-05-08 12:28:00,273.1,273.25,273.08,273.14,37929
2026-05-08 12:29:00,273.14,273.295,272.95,272.9601,34995
2026-05-08 12:30:00,272.95,273.19,272.82,272.82,19930
2026-05-08 12:31:00,272.8,272.855,272.66,272.83,48281
2026-05-08 12:32:00,272.85,272.87,272.7,272.745,23360
2026-05-08 12:33:00,272.735,272.93,272.73,272.91,35611
2026-05-08 12:34:00,272.88,272.98,272.81,272.855,15141
2026-05-08 12:35:00,272.85,272.965,272.84,272.84,17987
2026-05-08 12:36:00,272.855,272.92,272.76,272.92,18611
2026-05-08 12:37:00,272.93,273.0,272.81,272.85,41887
2026-05-08 12:38:00,272.85,272.975,272.81,272.875,14482
2026-05-08 12:39:00,272.87,272.97,272.83,272.895,28439
2026-05-08 12:40:00,272.895,272.91,272.6,272.62,20143
2026-05-08 12:41:00,272.63,272.64,272.54,272.57,16727
2026-05-08 12:42:00,272.55,272.56,272.44,272.485,23674
2026-05-08 12:43:00,272.485,272.515,272.32,272.39,29331
2026-05-08 12:44:00,272.4,272.505,272.4,272.44,22233
2026-05-08 12:45:00,272.45,272.675,272.438,272.675,58524
2026-05-08 12:46:00,272.675,272.705,272.57,272.68,23979
2026-05-08 12:47:00,272.68,272.8,272.68,272.775,21918
2026-05-08 12:48:00,272.785,272.88,272.77,272.88,15138
2026-05-08 12:49:00,272.875,272.945,272.84,272.945,27939
2026-05-08 12:50:00,272.96,272.96,272.78,272.78,44336
2026-05-08 12:51:00,272.78,272.895,272.775,272.8,13247
2026-05-08 12:52:00,272.785,272.81,272.48,272.535,43957
2026-05-08 12:53:00,272.55,272.635,272.52,272.63,23465
2026-05-08 12:54:00,272.66,272.7599,272.6301,272.69,15863
2026-05-08 12:55:00,272.66,272.702,272.5,272.51,34204
2026-05-08 12:56:00,272.52,272.53,272.39,272.425,27472
2026-05-08 12:57:00,272.4117,272.49,272.4117,272.435,25128
2026-05-08 12:58:00,272.44,272.5396,272.44,272.4925,16316
2026-05-08 12:59:00,272.5,272.56,272.475,272.475,18199
2026-05-08 13:00:00,272.49,272.645,272.475,272.64,19368
2026-05-08 13:01:00,272.62,272.765,272.62,272.74,22213
2026-05-08 13:02:00,272.74,272.905,272.74,272.845,31460
2026-05-08 13:03:00,272.845,272.94,272.81,272.915,26580
2026-05-08 13:04:00,272.91,273.14,272.9,273.075,42424
2026-05-08 13:05:00,273.0878,273.22,273.0205,273.095,60435
2026-05-08 13:06:00,273.095,273.189,273.05,273.125,29901
2026-05-08 13:07:00,273.125,273.17,273.07,273.1,26561
2026-05-08 13:08:00,273.095,273.24,273.0813,273.2075,25410
2026-05-08 13:09:00,273.215,273.3,273.18,273.2,36695
2026-05-08 13:10:00,273.215,273.25,273.12,273.2,25480
2026-05-08 13:11:00,273.175,273.2,273.06,273.09,15042
2026-05-08 13:12:00,273.085,273.14,273.0,273.05,35419
2026-05-08 13:13:00,273.03,273.105,273.02,273.09,14048
2026-05-08 13:14:00,273.08,273.14,273.045,273.055,19703
2026-05-08 13:15:00,273.05,273.13,272.88,272.99,84435
2026-05-08 13:16:00,272.985,273.0573,272.94,273.02,23458
2026-05-08 13:17:00,273.03,273.12,273.01,273.015,21929
2026-05-08 13:18:00,273.015,273.14,272.98,273.135,31323
2026-05-08 13:19:00,273.1403,273.19,273.08,273.09,39974
2026-05-08 13:20:00,273.05,273.125,273.015,273.1199,23288
2026-05-08 13:21:00,273.11,273.11,273.03,273.07,29765
2026-05-08 13:22:00,273.055,273.065,272.89,272.905,34984
2026-05-08 13:23:00,272.9151,272.9151,272.72,272.72,30580
2026-05-08 13:24:00,272.725,272.845,272.64,272.72,110256
2026-05-08 13:25:00,272.73,272.77,272.62,272.654,28452
2026-05-08 13:26:00,272.637,272.71,272.32,272.36,41454
2026-05-08 13:27:00,272.37,272.386,272.15,272.27,76002
2026-05-08 13:28:00,272.29,272.34,272.24,272.32,27729
2026-05-08 13:29:00,272.31,272.46,272.255,272.3401,76881
2026-05-08 13:30:00,272.38,272.635,272.38,272.57,32853
2026-05-08 13:31:00,272.56,272.63,272.515,272.605,20670
2026-05-08 13:32:00,272.595,272.63,272.44,272.47,30322
2026-05-08 13:33:00,272.48,272.515,272.38,272.38,28308
2026-05-08 13:34:00,272.3899,272.515,272.33,272.495,28538
2026-05-08 13:35:00,272.51,272.565,272.45,272.455,15414
2026-05-08 13:36:00,272.47,272.54,272.4102,272.51,16868
2026-05-08 13:37:00,272.5,272.65,272.48,272.61,41789
2026-05-08 13:38:00,272.605,272.63,272.52,272.55,21815
2026-05-08 13:39:00,272.535,272.565,272.3901,272.435,42806
2026-05-08 13:40:00,272.44,272.48,272.39,272.48,12723
2026-05-08 13:41:00,272.48,272.48,272.41,272.455,11683
2026-05-08 13:42:00,272.455,272.55,272.455,272.53,32136
2026-05-08 13:43:00,272.54,272.55,272.38,272.4741,29155
2026-05-08 13:44:00,272.46,272.4799,272.33,272.335,34842
2026-05-08 13:45:00,272.33,272.53,272.33,272.47,21200
2026-05-08 13:46:00,272.48,272.6,272.48,272.56,31674
2026-05-08 13:47:00,272.56,272.56,272.41,272.42,29566
2026-05-08 13:48:00,272.42,272.53,272.3901,272.5055,17600
2026-05-08 13:49:00,272.51,272.5284,272.44,272.45,19703
2026-05-08 13:50:00,272.45,272.71,272.45,272.66,26598
2026-05-08 13:51:00,272.66,272.76,272.624,272.74,21988
2026-05-08 13:52:00,272.73,272.76,272.69,272.76,17474
2026-05-08 13:53:00,272.76,272.82,272.75,272.765,30195
2026-05-08 13:54:00,272.7501,272.86,272.7501,272.82,25795
2026-05-08 13:55:00,272.82,272.84,272.73,272.7423,21525
2026-05-08 13:56:00,272.755,272.79,272.73,272.77,18383
2026-05-08 13:57:00,272.765,272.78,272.71,272.725,19577
2026-05-08 13:58:00,272.72,272.72,272.63,272.665,21404
2026-05-08 13:59:00,272.68,272.72,272.5601,272.57,28329
2026-05-08 14:00:00,272.57,273.0,272.48,272.83,70644
2026-05-08 14:01:00,272.84,272.96,272.8311,272.92,15271
2026-05-08 14:02:00,272.92,272.98,272.83,272.895,27244
2026-05-08 14:03:00,272.895,272.965,272.82,272.84,13943
2026-05-08 14:04:00,272.83,272.97,272.74,272.7699,20937
2026-05-08 14:05:00,272.755,272.79,272.68,272.75,17391
2026-05-08 14:06:00,272.79,272.82,272.59,272.59,12585
2026-05-08 14:07:00,272.59,272.5999,272.48,272.55,20048
2026-05-08 14:08:00,272.545,272.6097,272.5,272.51,22580
2026-05-08 14:09:00,272.5,272.5,272.27,272.31,49605
2026-05-08 14:10:00,272.315,272.315,272.16,272.275,44674
2026-05-08 14:11:00,272.29,272.33,272.225,272.32,21424
2026-05-08 14:12:00,272.32,272.54,272.3153,272.5,21475
2026-05-08 14:13:00,272.5,272.525,272.41,272.49,15014
2026-05-08 14:14:00,272.49,272.53,272.43,272.46,14728
2026-05-08 14:15:00,272.48,272.5299,272.3401,272.375,19555
2026-05-08 14:16:00,272.39,272.46,272.36,272.43,14713
2026-05-08 14:17:00,272.435,272.505,272.4,272.49,17676
2026-05-08 14:18:00,272.49,272.49,272.38,272.44,29034
2026-05-08 14:19:00,272.4401,272.51,272.43,272.445,30392
2026-05-08 14:20:00,272.43,272.51,272.4201,272.45,20763
2026-05-08 14:21:00,272.45,272.455,272.36,272.38,19337
2026-05-08 14:22:00,272.3777,272.45,272.3777,272.44,10955
2026-05-08 14:23:00,272.445,272.445,272.4,272.43,16376
2026-05-08 14:24:00,272.4399,272.46,272.38,272.46,16483
2026-05-08 14:25:00,272.47,272.59,272.46,272.505,32804
2026-05-08 14:26:00,272.5,272.58,272.485,272.53,20971
2026-05-08 14:27:00,272.525,272.54,272.4801,272.52,14183
2026-05-08 14:28:00,272.52,272.65,272.5,272.52,40601
2026-05-08 14:29:00,272.53,272.59,272.4801,272.505,21861
2026-05-08 14:30:00,272.5199,272.58,272.45,272.52,17275
2026-05-08 14:31:00,272.52,272.595,272.5,272.56,20805
2026-05-08 14:32:00,272.57,272.5868,272.52,272.55,21651
2026-05-08 14:33:00,272.535,272.62,272.535,272.57,25425
2026-05-08 14:34:00,272.58,272.63,272.57,272.6,27922
2026-05-08 14:35:00,272.6,272.65,272.5501,272.6,13968
2026-05-08 14:36:00,272.6,272.6597,272.55,272.585,23735
2026-05-08 14:37:00,272.5899,272.625,272.46,272.5194,32785
2026-05-08 14:38:00,272.49,272.52,272.45,272.48,9842
2026-05-08 14:39:00,272.4644,272.47,272.3101,272.365,23767
2026-05-08 14:40:00,272.365,272.3699,272.23,272.305,24955
2026-05-08 14:41:00,272.305,272.315,272.24,272.26,19704
2026-05-08 14:42:00,272.27,272.37,272.24,272.275,45478
2026-05-08 14:43:00,272.275,272.33,272.08,272.115,81040
2026-05-08 14:44:00,272.13,272.17,271.96,272.0201,72757
2026-05-08 14:45:00,272.03,272.1295,271.94,271.99,68754
2026-05-08 14:46:00,271.995,272.05,271.9131,272.05,39788
2026-05-08 14:47:00,272.03,272.09,271.95,272.06,30337
2026-05-08 14:48:00,272.05,272.08,271.99,272.065,18001
2026-05-08 14:49:00,272.08,272.1,272.02,272.065,24085
2026-05-08 14:50:00,272.08,272.1,271.9853,272.03,26932
2026-05-08 14:51:00,272.04,272.23,272.04,272.17,33119
2026-05-08 14:52:00,272.18,272.265,272.16,272.235,18600
2026-05-08 14:53:00,272.24,272.33,272.2307,272.31,26197
2026-05-08 14:54:00,272.31,272.325,272.165,272.23,33677
2026-05-08 14:55:00,272.23,272.26,272.12,272.22,32689
2026-05-08 14:56:00,272.1758,272.295,272.1758,272.28,37048
2026-05-08 14:57:00,272.28,272.36,272.23,272.34,27939
2026-05-08 14:58:00,272.35,272.47,272.34,272.39,30852
2026-05-08 14:59:00,272.39,272.43,272.28,272.43,28075
2026-05-08 15:00:00,272.44,272.55,272.37,272.405,32681
2026-05-08 15:01:00,272.43,272.435,272.23,272.37,36925
2026-05-08 15:02:00,272.37,272.4499,272.355,272.4499,19648
2026-05-08 15:03:00,272.44,272.56,272.4101,272.45,42706
2026-05-08 15:04:00,272.46,272.575,272.42,272.565,16834
2026-05-08 15:05:00,272.57,272.625,272.57,272.62,29870
2026-05-08 15:06:00,272.6103,272.66,272.57,272.645,39516
2026-05-08 15:07:00,272.645,272.7,272.575,272.65,41849
2026-05-08 15:08:00,272.65,272.83,272.63,272.755,44974
2026-05-08 15:09:00,272.75,272.75,272.58,272.59,61063
2026-05-08 15:10:00,272.615,272.6399,272.53,272.58,54082
2026-05-08 15:11:00,272.6,272.67,272.47,272.53,45088
2026-05-08 15:12:00,272.53,272.63,272.53,272.62,29540
2026-05-08 15:13:00,272.62,272.66,272.54,272.625,26262
2026-05-08 15:14:00,272.65,272.76,272.6,272.76,29903
2026-05-08 15:15:00,272.78,272.875,272.75,272.865,38590
2026-05-08 15:16:00,272.85,272.92,272.82,272.85,27054
2026-05-08 15:17:00,272.855,272.895,272.82,272.82,37280
2026-05-08 15:18:00,272.82,272.95,272.82,272.875,41674
2026-05-08 15:19:00,272.875,273.0,272.77,272.98,81262
2026-05-08 15:20:00,272.97,272.98,272.77,272.82,80331
2026-05-08 15:21:00,272.82,273.5,272.78,272.87,58223
2026-05-08 15:22:00,272.86,273.12,272.85,273.03,88095
2026-05-08 15:23:00,273.03,273.1,272.78,272.83,43174
2026-05-08 15:24:00,272.85,273.005,272.81,273.005,35327
2026-05-08 15:25:00,272.953,273.04,272.953,273.0199,34255
2026-05-08 15:26:00,273.02,273.0599,272.9101,273.0,24945
2026-05-08 15:27:00,272.99,273.02,272.92,273.01,43122
2026-05-08 15:28:00,273.02,273.1642,273.01,273.15,49625
2026-05-08 15:29:00,273.14,273.1568,273.02,273.085,37157
2026-05-08 15:30:00,273.07,273.2,273.04,273.1799,57135
2026-05-08 15:31:00,273.17,273.29,273.17,273.23,56157
2026-05-08 15:32:00,273.23,273.32,273.1,273.12,49874
2026-05-08 15:33:00,273.13,273.26,273.13,273.149,32202
2026-05-08 15:34:00,273.14,273.26,273.14,273.235,28049
2026-05-08 15:35:00,273.23,273.27,273.13,273.1901,39705
2026-05-08 15:36:00,273.19,273.21,273.05,273.08,43413
2026-05-08 15:37:00,273.08,273.115,272.85,272.86,52725
2026-05-08 15:38:00,272.87,272.99,272.87,272.97,33400
2026-05-08 15:39:00,272.97,273.005,272.92,272.97,40533
2026-05-08 15:40:00,272.97,273.08,272.94,273.01,68676
2026-05-08 15:41:00,273.01,273.11,273.01,273.05,69329
2026-05-08 15:42:00,273.06,273.08,272.95,272.965,42600
2026-05-08 15:43:00,272.965,273.16,272.965,273.15,40906
2026-05-08 15:44:00,273.16,273.21,273.015,273.05,48205
2026-05-08 15:45:00,273.05,273.29,273.03,273.28,69894
2026-05-08 15:46:00,273.28,273.465,273.27,273.46,84265
2026-05-08 15:47:00,273.46,273.55,273.425,273.51,104912
2026-05-08 15:48:00,273.51,273.61,273.51,273.53,110442
2026-05-08 15:49:00,273.51,273.62,273.5001,273.5399,83855
2026-05-08 15:50:00,273.53,273.77,273.32,273.36,135193
2026-05-08 15:51:00,273.37,273.53,273.37,273.44,95055
2026-05-08 15:52:00,273.44,273.64,273.42,273.58,83519
2026-05-08 15:53:00,273.6,273.687,273.55,273.6601,90060
2026-05-08 15:54:00,273.68,274.0,273.44,273.83,234424
2026-05-08 15:55:00,273.79,273.92,273.11,273.15,207446
2026-05-08 15:56:00,273.145,273.285,273.1,273.12,147572
2026-05-08 15:57:00,273.12,273.15,272.9082,272.93,214909
2026-05-08 15:58:00,272.94,273.0,272.64,272.655,319268
2026-05-08 15:59:00,272.66,272.72,272.5,272.64,834036
2026-05-08 16:00:00,272.63,272.71,272.22,272.6,5018288
2026-05-08 16:01:00,272.51,273.4,272.51,272.68,7510
2026-05-08 16:02:00,272.739,272.8284,272.56,272.56,1455
2026-05-08 16:03:00,272.6,272.6,272.5,272.56,5463
2026-05-08 16:04:00,272.53,272.56,272.5275,272.56,2525
2026-05-08 16:05:00,272.6,272.6,272.48,272.48,1903
2026-05-08 16:06:00,272.41,272.5,272.41,272.5,3750
2026-05-08 16:07:00,272.5,272.5,272.5,272.5,167
2026-05-08 16:08:00,272.4119,272.4119,272.4119,272.4119,1000
2026-05-08 16:09:00,272.5,272.5,272.45,272.45,4158
2026-05-08 16:10:00,272.5,272.5,272.45,272.45,1921
2026-05-08 16:11:00,272.4139,272.42,272.35,272.35,2964
2026-05-08 16:12:00,272.42,272.5,272.42,272.5,2177
2026-05-08 16:13:00,272.46,272.4959,272.45,272.45,1999
2026-05-08 16:14:00,272.45,272.4984,272.45,272.4927,1413
2026-05-08 16:15:00,272.5,272.5,272.45,272.45,1569
2026-05-08 16:16:00,272.45,272.45,272.45,272.45,993
2026-05-08 16:17:00,272.39,272.4,272.39,272.4,614
2026-05-08 16:18:00,272.3847,272.3847,272.3847,272.3847,200
2026-05-08 16:19:00,272.41,272.41,272.36,272.36,2940
2026-05-08 16:20:00,272.36,272.48,272.36,272.48,402
2026-05-08 16:21:00,272.4,272.5,272.4,272.5,590
2026-05-08 16:22:00,272.36,272.36,272.36,272.36,500
2026-05-08 16:23:00,272.44,272.47,272.31,272.31,5380
2026-05-08 16:25:00,272.31,272.31,272.31,272.31,500
2026-05-08 16:26:00,272.31,272.43,272.31,272.43,375
2026-05-08 16:27:00,272.43,272.43,272.35,272.35,560
2026-05-08 16:28:00,272.4196,272.4196,272.37,272.37,249
2026-05-08 16:29:00,272.4196,272.5,272.4196,272.5,480
2026-05-08 16:30:00,272.47,272.5,272.44,272.5,3149
2026-05-08 16:31:00,272.5,272.5,272.5,272.5,100
2026-05-08 16:32:00,272.55,272.55,272.55,272.55,100
2026-05-08 16:34:00,272.57,272.65,272.57,272.65,1113
2026-05-08 16:36:00,272.36,272.36,272.36,272.36,350
2026-05-08 16:37:00,272.43,272.44,272.43,272.44,300
2026-05-08 16:39:00,272.4,272.45,272.4,272.45,300
2026-05-08 16:40:00,272.45,272.45,272.45,272.45,956
2026-05-08 16:42:00,272.45,272.45,272.45,272.45,262
2026-05-08 16:44:00,272.55,272.55,272.55,272.55,185
2026-05-08 16:45:00,272.383,272.45,272.383,272.45,1274
2026-05-08 16:46:00,272.48,272.48,272.48,272.48,100
2026-05-08 16:47:00,272.4818,272.4818,272.4818,272.4818,100
2026-05-08 16:49:00,272.48,272.48,272.48,272.48,741
2026-05-08 16:52:00,272.46,272.47,272.46,272.47,200
2026-05-08 16:53:00,272.451,272.451,272.4437,272.45,660
2026-05-08 16:54:00,272.46,272.46,272.46,272.46,100
2026-05-08 16:55:00,272.5,272.5,272.5,272.5,330
2026-05-08 16:56:00,272.4998,272.4998,272.49,272.49,739
2026-05-08 16:58:00,272.47,272.47,272.47,272.47,100
2026-05-08 16:59:00,272.5,272.5,272.4983,272.4983,283
2026-05-08 17:00:00,272.49,272.5,272.49,272.5,1133
2026-05-08 17:01:00,272.47,272.52,272.47,272.52,3242
2026-05-08 17:02:00,272.52,272.52,272.52,272.52,100
2026-05-08 17:03:00,272.51,272.51,272.51,272.51,2899
2026-05-08 17:05:00,272.45,272.45,272.45,272.45,100
2026-05-08 17:07:00,272.46,272.46,272.46,272.46,100
2026-05-08 17:08:00,272.46,272.46,272.46,272.46,100
2026-05-08 17:09:00,272.52,272.52,272.5109,272.5109,200
2026-05-08 17:12:00,272.5,272.5,272.5,272.5,103
2026-05-08 17:14:00,272.47,272.48,272.45,272.46,6822
2026-05-08 17:15:00,272.52,272.52,272.4514,272.4514,1350
2026-05-08 17:19:00,272.46,272.46,272.45,272.45,417
2026-05-08 17:20:00,272.51,272.51,272.45,272.45,432
2026-05-08 17:24:00,272.44,272.45,272.44,272.45,1295
2026-05-08 17:27:00,272.4444,272.4444,272.4444,272.4444,100
2026-05-08 17:30:00,272.38,272.38,272.38,272.38,260
2026-05-08 17:31:00,272.38,272.38,272.38,272.38,100
2026-05-08 17:35:00,272.37,272.37,272.3503,272.3503,384
2026-05-08 17:36:00,272.37,272.4614,272.35,272.4614,541
2026-05-08 17:38:00,272.37,272.37,272.37,272.37,100
2026-05-08 17:39:00,272.3669,272.3669,272.3669,272.3669,100
2026-05-08 17:40:00,272.43,272.43,272.43,272.43,100
2026-05-08 17:41:00,272.46,272.46,272.46,272.46,200
2026-05-08 17:42:00,272.39,272.39,272.39,272.39,460
2026-05-08 17:45:00,272.38,272.38,272.38,272.38,300
2026-05-08 17:47:00,272.38,272.38,272.38,272.38,100
2026-05-08 17:49:00,272.41,272.41,272.41,272.41,123
2026-05-08 17:51:00,272.3965,272.3965,272.3965,272.3965,200
2026-05-08 17:55:00,272.4,272.4,272.4,272.4,300
2026-05-08 17:56:00,272.39,272.4591,272.39,272.4591,2271
2026-05-08 17:57:00,272.44,272.44,272.44,272.44,202
2026-05-08 18:03:00,272.4,272.4,272.4,272.4,420
2026-05-08 18:04:00,272.3703,272.3703,272.3703,272.3703,100
2026-05-08 18:06:00,272.39,272.39,272.39,272.39,100
2026-05-08 18:12:00,272.41,272.41,272.41,272.41,100
2026-05-08 18:13:00,272.39,272.39,272.38,272.39,706
2026-05-08 18:14:00,272.3713,272.3713,272.3713,272.3713,173
2026-05-08 18:17:00,272.42,272.42,272.42,272.42,245
2026-05-08 18:25:00,272.46,272.49,272.46,272.49,714
2026-05-08 18:29:00,272.6462,272.6462,272.6462,272.6462,200
2026-05-08 18:31:00,272.5,272.5,272.5,272.5,213
2026-05-08 18:36:00,272.44,272.51,272.44,272.51,958
2026-05-08 18:37:00,272.57,272.57,272.57,272.57,248
2026-05-08 18:38:00,272.5,272.5,272.5,272.5,150
2026-05-08 18:41:00,272.48,272.4802,272.48,272.4802,200
2026-05-08 18:43:00,272.5409,272.5409,272.5409,272.5409,100
2026-05-08 18:45:00,272.5,272.5,272.5,272.5,800
2026-05-08 18:46:00,272.48,272.5,272.48,272.5,1989
2026-05-08 18:49:00,272.4801,272.4801,272.4801,272.4801,100
2026-05-08 18:51:00,272.48,272.48,272.48,272.48,100
2026-05-08 18:52:00,272.5,272.5,272.5,272.5,200
2026-05-08 18:55:00,272.5,272.5,272.5,272.5,100
2026-05-08 18:56:00,272.48,272.48,272.48,272.48,213
2026-05-08 18:57:00,272.48,272.4815,272.48,272.4815,900
2026-05-08 18:58:00,272.49,272.49,272.48,272.48,1100
2026-05-08 18:59:00,272.48,272.5283,272.48,272.5283,250
2026-05-08 19:00:00,272.4813,272.4813,272.48,272.4801,392
2026-05-08 19:01:00,272.48,272.48,272.48,272.48,155
2026-05-08 19:02:00,272.5409,272.5409,272.5409,272.5409,100
2026-05-08 19:03:00,272.48,272.48,272.48,272.48,100
2026-05-08 19:07:00,272.4891,272.4891,272.4891,272.4891,100
2026-05-08 19:09:00,272.4808,272.4808,272.4808,272.4808,132
2026-05-08 19:10:00,272.48,272.48,272.48,272.48,400
2026-05-08 19:12:00,272.5289,272.5289,272.5289,272.5289,150
2026-05-08 19:15:00,272.5,272.5,272.4976,272.5,350
2026-05-08 19:16:00,272.499,272.5,272.499,272.5,796
2026-05-08 19:20:00,272.56,272.56,272.55,272.55,500
2026-05-08 19:21:00,272.56,272.59,272.55,272.59,640
2026-05-08 19:22:00,272.6,272.604,272.6,272.604,386
2026-05-08 19:23:00,272.6,272.6,272.6,272.6,300
2026-05-08 19:25:00,272.67,272.68,272.67,272.68,5758
2026-05-08 19:27:00,272.56,272.6788,272.56,272.6788,1495
2026-05-08 19:29:00,272.6199,272.6199,272.6199,272.6199,1800
2026-05-08 19:30:00,272.6,272.604,272.6,272.6,620
2026-05-08 19:31:00,272.61,272.61,272.61,272.61,200
2026-05-08 19:33:00,272.66,272.66,272.66,272.66,500
2026-05-08 19:36:00,272.65,272.65,272.65,272.65,1564
2026-05-08 19:40:00,272.64,272.64,272.61,272.61,1625
2026-05-08 19:44:00,272.5,272.53,272.5,272.53,225
2026-05-08 19:45:00,272.52,272.52,272.52,272.52,208
2026-05-08 19:47:00,272.6094,272.6094,272.5,272.5,2098
2026-05-08 19:48:00,272.6,272.66,272.5,272.5,10125
2026-05-08 19:50:00,272.58,272.86,272.58,272.76,8922
2026-05-08 19:51:00,272.75,272.75,272.75,272.75,100
2026-05-08 19:52:00,272.81,272.81,272.739,272.739,1200
2026-05-08 19:55:00,272.7417,272.7417,272.7417,272.7417,111
2026-05-08 19:56:00,272.6891,272.7,272.6891,272.7,300
2026-05-08 19:57:00,272.68,272.69,272.58,272.58,1729
2026-05-08 19:58:00,272.6,272.6,272.6,272.6,275
2026-05-08 19:59:00,272.69,272.7,272.5803,272.5803,1393
2026-05-11 04:00:00,271.17,271.47,270.85,270.93,7231
2026-05-11 04:01:00,271.41,271.41,270.93,271.17,10000
2026-05-11 04:02:00,271.19,271.5,271.0,271.0,3353
2026-05-11 04:03:00,271.11,271.11,271.07,271.07,234
2026-05-11 04:04:00,271.21,271.21,271.21,271.21,750
2026-05-11 04:08:00,271.01,271.01,271.0,271.0,400
2026-05-11 04:09:00,270.6843,270.6843,270.6843,270.6843,1118
2026-05-11 04:10:00,270.6967,270.84,270.6967,270.84,316
2026-05-11 04:11:00,271.05,271.05,271.05,271.05,100
2026-05-11 04:12:00,271.0,271.0,271.0,271.0,113
2026-05-11 04:14:00,271.17,271.39,271.15,271.39,1547
2026-05-11 04:15:00,271.0,271.48,271.0,271.44,3209
2026-05-11 04:17:00,271.28,271.45,271.28,271.45,236
2026-05-11 04:18:00,271.3,271.3,271.28,271.28,200
2026-05-11 04:23:00,271.49,271.49,271.49,271.49,132
2026-05-11 04:28:00,271.36,271.36,271.25,271.25,400
2026-05-11 04:29:00,271.25,271.25,271.25,271.25,349
2026-05-11 04:33:00,271.12,271.12,271.12,271.12,130
2026-05-11 04:34:00,271.19,271.19,271.08,271.08,270
2026-05-11 04:35:00,271.1,271.1,271.1,271.1,100
2026-05-11 04:36:00,271.11,271.11,271.11,271.11,100
2026-05-11 04:41:00,271.02,271.02,271.02,271.02,100
2026-05-11 04:46:00,271.04,271.1,270.9,270.9,1730
2026-05-11 04:50:00,271.0,271.0,271.0,271.0,200
2026-05-11 04:51:00,271.11,271.11,271.11,271.11,227
2026-05-11 04:53:00,271.12,271.12,271.12,271.12,122
2026-05-11 04:56:00,271.1,271.1,270.98,271.0,2206
2026-05-11 04:57:00,270.99,271.0,270.99,271.0,9595
2026-05-11 04:58:00,270.92,270.92,270.92,270.92,365
2026-05-11 05:01:00,271.29,271.29,271.29,271.29,5003
2026-05-11 05:05:00,271.09,271.09,271.09,271.09,235
2026-05-11 05:07:00,271.06,271.06,271.03,271.03,795
2026-05-11 05:09:00,270.83,270.83,270.8,270.8,300
2026-05-11 05:10:00,270.97,271.03,270.97,271.03,2794
2026-05-11 05:12:00,270.7123,270.7123,270.7123,270.7123,901
2026-05-11 05:18:00,270.71,270.71,270.71,270.71,100
2026-05-11 05:21:00,270.71,270.71,270.71,270.71,114
2026-05-11 05:23:00,270.93,270.98,270.93,270.98,200
2026-05-11 05:29:00,270.91,270.91,270.9,270.9,655
2026-05-11 05:30:00,270.92,270.98,270.91,270.94,2120
2026-05-11 05:33:00,271.0636,271.0636,271.0636,271.0636,100
2026-05-11 05:35:00,271.01,271.01,271.01,271.01,479
2026-05-11 05:36:00,270.94,271.0,270.93,270.99,1039
2026-05-11 05:37:00,271.06,271.06,271.06,271.06,146
2026-05-11 05:40:00,271.14,271.16,271.14,271.16,386
2026-05-11 05:44:00,271.25,271.25,271.25,271.25,190
2026-05-11 05:46:00,271.15,271.15,271.15,271.15,112
2026-05-11 05:47:00,271.07,271.07,271.02,271.02,841
2026-05-11 05:48:00,271.16,271.16,271.16,271.16,125
2026-05-11 05:51:00,271.0,271.0,271.0,271.0,997
2026-05-11 05:55:00,270.9492,270.9492,270.91,270.91,1245
2026-05-11 06:00:00,270.84,270.84,270.84,270.84,364
2026-05-11 06:02:00,270.85,270.85,270.85,270.85,100
2026-05-11 06:03:00,270.8,270.8,270.8,270.8,3947
2026-05-11 06:04:00,270.76,270.76,270.69,270.75,1027
2026-05-11 06:07:00,270.791,270.791,270.71,270.71,600
2026-05-11 06:08:00,270.7923,270.8,270.7923,270.8,600
2026-05-11 06:10:00,270.6198,270.6198,270.6198,270.6198,150
2026-05-11 06:12:00,270.91,270.91,270.91,270.91,200
2026-05-11 06:13:00,271.0,271.0,270.9172,270.99,1134
2026-05-11 06:14:00,270.9806,270.9806,270.9806,270.9806,500
2026-05-11 06:15:00,270.95,271.0,270.95,271.0,989
2026-05-11 06:16:00,271.04,271.12,271.04,271.12,253
2026-05-11 06:17:00,270.9843,270.9843,270.9843,270.9843,200
2026-05-11 06:23:00,270.95,270.95,270.95,270.95,100
2026-05-11 06:26:00,271.0,271.0,271.0,271.0,101
2026-05-11 06:30:00,271.02,271.02,271.02,271.02,112
2026-05-11 06:33:00,270.95,270.95,270.95,270.95,350
2026-05-11 06:34:00,270.95,270.95,270.94,270.94,403
2026-05-11 06:37:00,270.9,270.9,270.9,270.9,713
2026-05-11 06:41:00,270.91,270.91,270.91,270.91,125
2026-05-11 06:42:00,270.9,270.9,270.89,270.89,351
2026-05-11 06:44:00,270.9997,270.9997,270.9997,270.9997,800
2026-05-11 06:45:00,271.01,271.01,271.01,271.01,235
2026-05-11 06:46:00,270.95,270.95,270.95,270.95,671
2026-05-11 06:48:00,270.8846,270.8846,270.84,270.84,275
2026-05-11 06:52:00,271.0,271.0,271.0,271.0,180
2026-05-11 06:54:00,270.9,270.9,270.9,270.9,360
2026-05-11 06:56:00,270.92,270.92,270.84,270.85,943
2026-05-11 06:57:00,270.85,270.85,270.85,270.85,150
2026-05-11 06:59:00,270.86,270.86,270.86,270.86,227
2026-05-11 07:00:00,270.9,271.15,270.85,271.15,4841
2026-05-11 07:01:00,271.0215,271.05,271.01,271.05,533
2026-05-11 07:02:00,271.0,271.0,270.85,270.9457,1635
2026-05-11 07:03:00,270.8885,270.8885,270.74,270.74,1864
2026-05-11 07:04:00,270.7357,270.84,270.7357,270.84,900
2026-05-11 07:05:00,270.7874,270.8,270.69,270.786,1539
2026-05-11 07:06:00,270.84,270.84,270.75,270.7681,610
2026-05-11 07:07:00,270.9755,270.9755,270.8,270.8,942
2026-05-11 07:08:00,270.82,270.82,270.75,270.75,1177
2026-05-11 07:09:00,270.75,270.79,270.75,270.79,2709
2026-05-11 07:10:00,270.7,270.888,270.68,270.888,9261
2026-05-11 07:11:00,270.7,270.792,270.7,270.792,638
2026-05-11 07:12:00,270.68,270.79,270.68,270.7,2147
2026-05-11 07:14:00,270.87,270.9696,270.87,270.9696,350
2026-05-11 07:15:00,270.89,270.89,270.67,270.67,1739
2026-05-11 07:16:00,270.66,270.66,270.66,270.66,319
2026-05-11 07:17:00,270.81,270.88,270.7134,270.88,1862
2026-05-11 07:18:00,270.7,270.7,270.7,270.7,100
2026-05-11 07:19:00,270.8735,270.89,270.8,270.89,1066
2026-05-11 07:20:00,270.81,270.81,270.81,270.81,122
2026-05-11 07:21:00,271.0,271.09,271.0,271.07,2513
2026-05-11 07:22:00,271.1,271.1,271.1,271.1,172
2026-05-11 07:23:00,271.2,271.26,271.02,271.02,5113
2026-05-11 07:24:00,271.04,271.39,271.04,271.39,810
2026-05-11 07:25:00,271.03,271.12,270.98,270.98,429
2026-05-11 07:26:00,270.94,270.94,270.91,270.91,2144
2026-05-11 07:27:00,270.91,270.9217,270.91,270.9217,225
2026-05-11 07:28:00,270.92,271.0,270.92,271.0,610
2026-05-11 07:29:00,270.92,270.92,270.92,270.92,114
2026-05-11 07:30:00,270.91,270.91,270.91,270.91,506
2026-05-11 07:31:00,271.0807,271.2562,270.91,271.05,2532
2026-05-11 07:32:00,270.92,270.92,270.92,270.92,283
2026-05-11 07:33:00,270.9201,270.9201,270.9201,270.9201,1000
2026-05-11 07:34:00,271.0,271.0,270.9,270.9,2423
2026-05-11 07:35:00,270.89,270.9,270.85,270.858,1296
2026-05-11 07:36:00,270.8935,270.9,270.85,270.9,2339
2026-05-11 07:37:00,270.9,270.925,270.89,270.9,700
2026-05-11 07:38:00,270.85,270.86,270.75,270.7666,1988
2026-05-11 07:39:00,270.82,270.8865,270.81,270.81,4149
2026-05-11 07:40:00,270.86,270.86,270.8421,270.8421,700
2026-05-11 07:41:00,270.8372,270.8372,270.8372,270.8372,100
2026-05-11 07:42:00,270.75,270.75,270.7,270.7,281
2026-05-11 07:43:00,270.7,270.7,270.7,270.7,1207
2026-05-11 07:44:00,270.72,270.72,270.6807,270.7,898
2026-05-11 07:45:00,270.68,270.68,270.6001,270.6001,881
2026-05-11 07:46:00,270.62,270.69,270.61,270.69,476
2026-05-11 07:49:00,270.8,270.8,270.71,270.71,440
2026-05-11 07:50:00,270.73,270.84,270.6,270.65,1724
2026-05-11 07:51:00,270.8,270.8,270.66,270.66,350
2026-05-11 07:52:00,270.7182,270.7182,270.7182,270.7182,100
2026-05-11 07:53:00,270.6667,270.6667,270.6667,270.6667,1000
2026-05-11 07:55:00,270.73,270.74,270.67,270.7,613
2026-05-11 07:56:00,270.75,270.76,270.75,270.75,460
2026-05-11 07:57:00,270.77,270.8128,270.74,270.74,1245
2026-05-11 07:58:00,270.6618,270.6618,270.6618,270.6618,229
2026-05-11 07:59:00,270.66,270.66,270.66,270.66,149
2026-05-11 08:01:00,270.7731,270.7731,270.7731,270.7731,300
2026-05-11 08:02:00,270.7765,270.7765,270.72,270.7731,588
2026-05-11 08:03:00,270.6701,270.68,270.65,270.6601,2010
2026-05-11 08:04:00,270.68,270.7383,270.68,270.7,822
2026-05-11 08:05:00,270.66,270.6739,270.65,270.66,1696
2026-05-11 08:06:00,270.66,270.67,270.66,270.66,1266
2026-05-11 08:07:00,270.62,270.65,270.55,270.55,1985
2026-05-11 08:08:00,270.55,270.57,270.55,270.57,736
2026-05-11 08:09:00,270.62,270.64,270.61,270.64,300
2026-05-11 08:10:00,270.7,270.7,270.7,270.7,100
2026-05-11 08:11:00,270.6415,270.75,270.61,270.75,1610
2026-05-11 08:12:00,270.6682,270.741,270.65,270.65,1791
2026-05-11 08:13:00,270.673,270.673,270.673,270.673,100
2026-05-11 08:14:00,270.71,270.72,270.67,270.67,400
2026-05-11 08:15:00,270.7,270.7,270.7,270.7,100
2026-05-11 08:16:00,270.7,270.7,270.7,270.7,100
2026-05-11 08:17:00,270.7,270.7,270.6217,270.6217,210
2026-05-11 08:18:00,270.6883,270.7,270.6883,270.7,355
2026-05-11 08:19:00,270.7,270.7774,270.67,270.7391,775
2026-05-11 08:20:00,270.59,270.59,270.59,270.59,250
2026-05-11 08:21:00,270.61,270.62,270.6,270.6,559
2026-05-11 08:22:00,270.61,270.61,270.59,270.6,1680
2026-05-11 08:24:00,270.69,270.7,270.69,270.7,314
2026-05-11 08:26:00,270.6,270.62,270.6,270.61,942
2026-05-11 08:27:00,270.5691,270.69,270.56,270.68,1100
2026-05-11 08:28:00,270.7052,270.77,270.7,270.7,767
2026-05-11 08:29:00,270.78,270.85,270.78,270.85,622
2026-05-11 08:30:00,270.82,270.82,270.82,270.82,100
2026-05-11 08:31:00,270.87,270.87,270.87,270.87,201
2026-05-11 08:32:00,270.83,270.83,270.78,270.78,1502
2026-05-11 08:33:00,270.79,270.79,270.78,270.78,2409
2026-05-11 08:34:00,270.7013,270.7013,270.7,270.7,2100
2026-05-11 08:35:00,270.79,270.8,270.79,270.8,200
2026-05-11 08:36:00,270.8,270.8001,270.8,270.8,1122
2026-05-11 08:37:00,270.79,270.85,270.79,270.8062,1719
2026-05-11 08:38:00,270.79,270.8,270.79,270.8,500
2026-05-11 08:39:00,270.7984,270.8,270.7,270.7,1462
2026-05-11 08:40:00,270.7,270.77,270.7,270.77,7668
2026-05-11 08:41:00,270.63,270.63,270.63,270.63,100
2026-05-11 08:42:00,270.61,270.61,270.59,270.59,508
2026-05-11 08:43:00,270.64,270.64,270.64,270.64,100
2026-05-11 08:44:00,270.58,270.58,270.58,270.58,190
2026-05-11 08:45:00,270.56,270.56,270.5,270.56,926
2026-05-11 08:46:00,270.5739,270.5739,270.5739,270.5739,150
2026-05-11 08:47:00,270.645,270.68,270.5,270.5,1460
2026-05-11 08:48:00,270.5,270.5,270.5,270.5,100
2026-05-11 08:51:00,270.64,270.64,270.58,270.58,1066
2026-05-11 08:52:00,270.5,270.57,270.5,270.57,3085
2026-05-11 08:53:00,270.55,270.6,270.55,270.6,200
2026-05-11 08:54:00,270.51,270.64,270.5,270.64,2913
2026-05-11 08:55:00,270.51,270.54,270.5,270.5,607
2026-05-11 08:56:00,270.64,270.64,270.52,270.52,222
2026-05-11 08:57:00,270.49,270.62,270.49,270.62,1221
2026-05-11 08:58:00,270.54,270.54,270.5126,270.5126,229
2026-05-11 08:59:00,270.5,270.6,270.5,270.6,445
2026-05-11 09:00:00,270.51,270.6399,270.5,270.5,2383
2026-05-11 09:01:00,270.64,270.64,270.45,270.45,3470
2026-05-11 09:02:00,270.4,270.4117,270.4,270.4117,1946
2026-05-11 09:04:00,270.5401,270.55,270.4778,270.4778,4726
2026-05-11 09:05:00,270.57,270.57,270.4,270.48,600
2026-05-11 09:06:00,270.4,270.5,270.36,270.4381,3055
2026-05-11 09:07:00,270.41,270.4592,270.41,270.4592,421
2026-05-11 09:08:00,270.48,270.6,270.48,270.6,1183
2026-05-11 09:09:00,270.44,270.61,270.44,270.61,970
2026-05-11 09:10:00,270.42,270.6192,270.4,270.5,3353
2026-05-11 09:11:00,270.52,270.52,270.41,270.42,600
2026-05-11 09:12:00,270.4,270.45,270.4,270.4,4008
2026-05-11 09:13:00,270.41,270.45,270.41,270.45,564
2026-05-11 09:14:00,270.45,270.5076,270.45,270.5076,700
2026-05-11 09:15:00,270.45,270.45,270.4,270.4,1700
2026-05-11 09:16:00,270.5,270.5,270.41,270.46,2167
2026-05-11 09:17:00,270.46,270.4848,270.32,270.385,7701
2026-05-11 09:18:00,270.3716,270.3716,270.3216,270.3216,2015
2026-05-11 09:19:00,270.35,270.37,270.28,270.28,2579
2026-05-11 09:20:00,270.3006,270.3831,270.27,270.27,928
2026-05-11 09:21:00,270.34,270.34,270.23,270.23,1555
2026-05-11 09:22:00,270.34,270.34,270.34,270.34,137
2026-05-11 09:23:00,270.36,270.41,270.36,270.4,730
2026-05-11 09:24:00,270.31,270.31,270.25,270.25,1347
2026-05-11 09:25:00,270.25,270.25,269.89,270.0545,10482
2026-05-11 09:26:00,269.95,270.03,269.72,270.0,3949
2026-05-11 09:27:00,270.0,270.04,269.33,269.68,42326
2026-05-11 09:28:00,269.66,269.87,269.66,269.87,9295
2026-05-11 09:29:00,269.87,270.2086,269.86,270.02,8147
2026-05-11 09:30:00,270.25,270.44,269.1569,270.095,1173245
2026-05-11 09:31:00,270.067,270.61,269.925,270.43,114827
2026-05-11 09:32:00,270.42,270.7499,270.0,270.265,132933
2026-05-11 09:33:00,270.265,271.1,270.15,271.0,124934
2026-05-11 09:34:00,271.015,271.88,271.0,271.8559,168139
2026-05-11 09:35:00,271.795,272.09,270.73,270.87,177602
2026-05-11 09:36:00,270.875,271.64,270.62,271.54,111523
2026-05-11 09:37:00,271.53,272.37,271.505,271.945,121314
2026-05-11 09:38:00,271.97,272.17,271.63,271.78,131158
2026-05-11 09:39:00,271.78,272.26,271.58,272.18,98055
2026-05-11 09:40:00,272.18,272.35,272.01,272.2189,84151
2026-05-11 09:41:00,272.18,272.29,272.01,272.21,50491
2026-05-11 09:42:00,272.21,272.5,272.07,272.41,94022
2026-05-11 09:43:00,272.38,272.96,272.255,272.745,128342
2026-05-11 09:44:00,272.7301,272.76,272.27,272.45,62517
2026-05-11 09:45:00,272.41,273.21,272.2,273.16,127560
2026-05-11 09:46:00,273.145,273.2,272.91,272.99,92796
2026-05-11 09:47:00,272.94,273.125,272.81,272.9125,72798
2026-05-11 09:48:00,272.95,273.43,272.84,273.3,94531
2026-05-11 09:49:00,273.275,273.2887,272.84,272.87,124642
2026-05-11 09:50:00,272.89,273.27,272.785,273.0299,105345
2026-05-11 09:51:00,272.98,273.18,272.8677,272.9204,61742
2026-05-11 09:52:00,272.95,273.405,272.9101,273.34,139778
2026-05-11 09:53:00,273.34,273.63,273.3,273.49,113997
2026-05-11 09:54:00,273.4982,273.4982,272.895,272.9999,70306
2026-05-11 09:55:00,273.0,273.26,272.6609,273.08,72400
2026-05-11 09:56:00,273.1,273.1,272.58,272.77,59488
2026-05-11 09:57:00,272.77,272.8499,272.33,272.83,67360
2026-05-11 09:58:00,272.82,273.01,272.645,272.93,74258
2026-05-11 09:59:00,272.93,273.23,272.74,273.17,75761
2026-05-11 10:00:00,273.16,273.4389,273.0,273.125,89813
2026-05-11 10:01:00,273.11,273.21,272.89,272.95,72734
2026-05-11 10:02:00,272.98,273.13,272.84,272.97,124319
2026-05-11 10:03:00,272.98,273.13,272.88,273.0,48935
2026-05-11 10:04:00,273.01,273.07,272.71,272.72,62833
2026-05-11 10:05:00,272.74,272.92,272.575,272.865,106532
2026-05-11 10:06:00,272.875,273.03,272.65,272.7701,126889
2026-05-11 10:07:00,272.76,272.7899,272.5,272.65,47487
2026-05-11 10:08:00,272.63,273.03,272.63,272.81,64153
2026-05-11 10:09:00,272.82,272.935,272.285,272.38,68391
2026-05-11 10:10:00,272.37,272.43,272.16,272.32,51514
2026-05-11 10:11:00,272.315,272.33,271.8001,271.815,66855
2026-05-11 10:12:00,271.84,271.97,271.59,271.7,56815
2026-05-11 10:13:00,271.6768,271.795,271.3869,271.7516,87347
2026-05-11 10:14:00,271.72,271.7773,271.605,271.72,42573
2026-05-11 10:15:00,271.71,271.9,271.65,271.8588,34462
2026-05-11 10:16:00,271.845,272.15,271.83,272.1,52511
2026-05-11 10:17:00,272.085,272.11,271.69,271.73,93752
2026-05-11 10:18:00,271.73,272.09,271.71,271.955,56390
2026-05-11 10:19:00,271.96,271.96,271.5351,271.665,66097
2026-05-11 10:20:00,271.67,271.81,271.62,271.705,39915
2026-05-11 10:21:00,271.73,271.925,271.72,271.8301,50530
2026-05-11 10:22:00,271.815,272.036,271.81,271.94,54126
2026-05-11 10:23:00,271.94,272.02,271.7301,271.765,43706
2026-05-11 10:24:00,271.76,271.7899,271.65,271.7596,61640
2026-05-11 10:25:00,271.745,272.05,271.73,272.0168,45976
2026-05-11 10:26:00,272.01,272.23,271.97,272.12,94668
2026-05-11 10:27:00,272.1,272.16,271.915,271.9526,63672
2026-05-11 10:28:00,271.94,271.99,271.73,271.815,90315
2026-05-11 10:29:00,271.8,272.03,271.78,271.96,74107
2026-05-11 10:30:00,271.96,272.21,271.94,272.05,58029
2026-05-11 10:31:00,272.035,272.12,271.74,271.745,68988
2026-05-11 10:32:00,271.75,271.93,271.6,271.705,109417
2026-05-11 10:33:00,271.7299,271.87,271.69,271.8099,57935
2026-05-11 10:34:00,271.8,272.05,271.74,272.02,32896
2026-05-11 10:35:00,272.015,272.03,271.77,271.79,111576
2026-05-11 10:36:00,271.805,271.98,271.66,271.98,107472
2026-05-11 10:37:00,271.95,272.08,271.92,271.955,45176
2026-05-11 10:38:00,271.95,271.95,271.585,271.6,43545
2026-05-11 10:39:00,271.63,271.83,271.625,271.704,17365
2026-05-11 10:40:00,271.6873,271.71,271.41,271.56,84397
2026-05-11 10:41:00,271.56,271.62,271.43,271.585,43959
2026-05-11 10:42:00,271.565,271.64,271.42,271.63,35949
2026-05-11 10:43:00,271.63,271.71,271.53,271.56,27372
2026-05-11 10:44:00,271.56,271.66,271.425,271.425,51726
2026-05-11 10:45:00,271.42,271.55,271.29,271.33,54599
2026-05-11 10:46:00,271.325,271.45,271.3,271.425,29411
2026-05-11 10:47:00,271.42,271.55,271.35,271.39,28141
2026-05-11 10:48:00,271.385,271.42,271.27,271.36,44661
2026-05-11 10:49:00,271.36,271.37,271.23,271.2401,100515
2026-05-11 10:50:00,271.241,271.27,271.1103,271.135,76340
2026-05-11 10:51:00,271.11,271.2699,271.03,271.19,53415
2026-05-11 10:52:00,271.1799,271.21,271.06,271.19,18601
2026-05-11 10:53:00,271.21,271.31,271.18,271.245,36341
2026-05-11 10:54:00,271.23,271.24,271.1,271.23,25447
2026-05-11 10:55:00,271.21,271.74,271.18,271.4999,79387
2026-05-11 10:56:00,271.48,271.72,271.41,271.685,35456
2026-05-11 10:57:00,271.685,271.779,271.62,271.67,51394
2026-05-11 10:58:00,271.65,271.87,271.64,271.795,32693
2026-05-11 10:59:00,271.7801,271.84,271.68,271.784,56872
2026-05-11 11:00:00,271.78,271.8,271.61,271.66,25215
2026-05-11 11:01:00,271.6401,272.0,271.63,271.81,61860
2026-05-11 11:02:00,271.8,271.96,271.75,271.82,109780
2026-05-11 11:03:00,271.815,271.89,271.69,271.75,51188
2026-05-11 11:04:00,271.76,271.91,271.75,271.9,21850
2026-05-11 11:05:00,271.9,271.91,271.8,271.83,21649
2026-05-11 11:06:00,271.819,272.0,271.819,271.925,40874
2026-05-11 11:07:00,271.93,272.205,271.9101,272.18,27196
2026-05-11 11:08:00,272.17,272.285,272.075,272.25,28851
2026-05-11 11:09:00,272.2501,272.2999,272.08,272.0951,36103
2026-05-11 11:10:00,272.1053,272.1053,271.96,272.04,21436
2026-05-11 11:11:00,272.06,272.15,272.06,272.0715,21866
2026-05-11 11:12:00,272.07,272.07,271.81,271.9,23135
2026-05-11 11:13:00,271.905,271.93,271.81,271.82,20166
2026-05-11 11:14:00,271.84,271.85,271.7,271.7,32239
2026-05-11 11:15:00,271.73,271.8,271.67,271.775,21950
2026-05-11 11:16:00,271.79,272.0,271.79,271.984,27073
2026-05-11 11:17:00,271.99,272.0,271.9,271.92,24097
2026-05-11 11:18:00,271.91,272.0,271.89,271.94,25938
2026-05-11 11:19:00,271.94,272.0,271.89,271.9051,24771
2026-05-11 11:20:00,271.89,271.92,271.8101,271.91,38642
2026-05-11 11:21:00,271.91,271.93,271.81,271.865,26461
2026-05-11 11:22:00,271.86,272.1,271.855,271.92,51253
2026-05-11 11:23:00,271.915,271.95,271.85,271.93,23468
2026-05-11 11:24:00,271.95,272.0814,271.95,272.025,21698
2026-05-11 11:25:00,272.05,272.17,271.98,272.095,20984
2026-05-11 11:26:00,272.08,272.3,272.01,272.29,38440
2026-05-11 11:27:00,272.3,272.42,272.26,272.4,41585
2026-05-11 11:28:00,272.4,272.64,272.375,272.4598,54344
2026-05-11 11:29:00,272.45,272.645,272.44,272.555,38334
2026-05-11 11:30:00,272.56,272.79,272.51,272.73,67143
2026-05-11 11:31:00,272.74,272.74,272.53,272.575,45625
2026-05-11 11:32:00,272.56,272.56,272.33,272.515,49898
2026-05-11 11:33:00,272.525,272.61,272.5,272.555,17746
2026-05-11 11:34:00,272.555,272.6,272.4762,272.5,33235
2026-05-11 11:35:00,272.49,272.61,272.31,272.365,33017
2026-05-11 11:36:00,272.35,272.4491,272.24,272.385,97299
2026-05-11 11:37:00,272.3701,272.48,272.3584,272.42,38907
2026-05-11 11:38:00,272.37,272.59,272.37,272.45,27548
2026-05-11 11:39:00,272.46,272.53,272.35,272.41,53979
2026-05-11 11:40:00,272.42,272.475,272.27,272.385,19788
2026-05-11 11:41:00,272.4,272.69,272.35,272.6102,29997
2026-05-11 11:42:00,272.63,272.685,272.5401,272.65,20516
2026-05-11 11:43:00,272.68,272.735,272.59,272.68,46392
2026-05-11 11:44:00,272.665,272.76,272.36,272.44,26669
2026-05-11 11:45:00,272.408,272.54,272.375,272.5251,25565
2026-05-11 11:46:00,272.52,272.56,272.427,272.51,25358
2026-05-11 11:47:00,272.5,272.5,272.41,272.47,29019
2026-05-11 11:48:00,272.465,272.55,272.41,272.517,17880
2026-05-11 11:49:00,272.5,272.5,272.14,272.18,30632
2026-05-11 11:50:00,272.18,272.2144,272.09,272.138,16878
2026-05-11 11:51:00,272.1171,272.22,272.1171,272.21,24996
2026-05-11 11:52:00,272.2,272.28,272.14,272.245,25214
2026-05-11 11:53:00,272.24,272.48,272.24,272.42,21327
2026-05-11 11:54:00,272.395,272.41,272.1901,272.295,20779
2026-05-11 11:55:00,272.29,272.45,272.27,272.39,15535
2026-05-11 11:56:00,272.38,272.43,272.37,272.4101,17950
2026-05-11 11:57:00,272.425,272.45,272.39,272.41,14655
2026-05-11 11:58:00,272.43,272.43,272.15,272.15,17538
2026-05-11 11:59:00,272.13,272.275,272.11,272.26,18930
2026-05-11 12:00:00,272.255,272.79,272.1342,272.595,110441
2026-05-11 12:01:00,272.595,273.03,272.5601,272.67,139798
2026-05-11 12:02:00,272.67,273.07,272.51,273.02,73030
2026-05-11 12:03:00,273.05,273.05,272.7,272.72,39809
2026-05-11 12:04:00,272.72,272.855,272.64,272.7801,37576
2026-05-11 12:05:00,272.78,272.8999,272.675,272.715,47007
2026-05-11 12:06:00,272.71,272.7199,272.6125,272.67,16942
2026-05-11 12:07:00,272.68,272.71,272.4712,272.4828,30253
2026-05-11 12:08:00,272.47,272.52,272.2,272.27,38114
2026-05-11 12:09:00,272.295,272.36,272.25,272.27,21678
2026-05-11 12:10:00,272.27,272.47,272.235,272.39,21384
2026-05-11 12:11:00,272.385,272.49,272.28,272.335,25921
2026-05-11 12:12:00,272.335,272.36,272.18,272.24,35564
2026-05-11 12:13:00,272.23,272.315,272.2215,272.305,16538
2026-05-11 12:14:00,272.3028,272.375,272.29,272.3,7993
2026-05-11 12:15:00,272.31,272.34,272.04,272.2125,31273
2026-05-11 12:16:00,272.215,272.29,272.0209,272.03,37422
2026-05-11 12:17:00,272.02,272.18,271.91,272.07,112692
2026-05-11 12:18:00,272.065,272.16,272.02,272.04,25650
2026-05-11 12:19:00,272.04,272.245,272.022,272.24,45043
2026-05-11 12:20:00,272.2472,272.39,272.21,272.39,43450
2026-05-11 12:21:00,272.41,272.51,272.345,272.475,34371
2026-05-11 12:22:00,272.47,272.5,272.38,272.43,23467
2026-05-11 12:23:00,272.45,272.56,272.445,272.4713,23186
2026-05-11 12:24:00,272.46,272.55,272.4301,272.52,17694
2026-05-11 12:25:00,272.52,272.56,272.395,272.45,23446
2026-05-11 12:26:00,272.475,272.544,272.36,272.41,23673
2026-05-11 12:27:00,272.41,272.485,272.41,272.485,16606
2026-05-11 12:28:00,272.49,272.515,272.435,272.46,12089
2026-05-11 12:29:00,272.45,272.45,272.24,272.27,18542
2026-05-11 12:30:00,272.27,272.31,272.22,272.305,14372
2026-05-11 12:31:00,272.31,272.41,272.31,272.41,15335
2026-05-11 12:32:00,272.39,272.42,272.31,272.31,33389
2026-05-11 12:33:00,272.3,272.4,272.29,272.36,13653
2026-05-11 12:34:00,272.3901,272.43,272.315,272.315,11459
2026-05-11 12:35:00,272.3,272.305,271.955,272.08,59816
2026-05-11 12:36:00,272.06,272.12,272.02,272.06,21152
2026-05-11 12:37:00,272.05,272.115,272.0036,272.07,48417
2026-05-11 12:38:00,272.07,272.1,271.99,272.0003,37988
2026-05-11 12:39:00,272.01,272.1,271.985,272.0,39301
2026-05-11 12:40:00,272.0,272.07,271.99,272.065,33868
2026-05-11 12:41:00,272.065,272.0686,271.71,271.72,92352
2026-05-11 12:42:00,271.72,271.9,271.3919,271.7699,58766
2026-05-11 12:43:00,271.75,272.01,271.675,271.96,34985
2026-05-11 12:44:00,271.98,272.08,271.97,272.055,29528
2026-05-11 12:45:00,272.0675,272.14,272.06,272.14,27942
2026-05-11 12:46:00,272.15,272.15,271.95,272.0301,27710
2026-05-11 12:47:00,272.04,272.21,272.035,272.1899,19226
2026-05-11 12:48:00,272.17,272.17,272.04,272.045,12331
2026-05-11 12:49:00,272.04,272.04,271.93,271.96,18439
2026-05-11 12:50:00,271.96,272.04,271.8,272.01,145969
2026-05-11 12:51:00,272.01,272.17,272.01,272.085,29788
2026-05-11 12:52:00,272.11,272.11,272.04,272.06,20024
2026-05-11 12:53:00,272.035,272.16,272.035,272.11,28103
2026-05-11 12:54:00,272.11,272.13,272.04,272.06,22989
2026-05-11 12:55:00,272.06,272.06,271.81,271.87,53583
2026-05-11 12:56:00,271.87,271.9,271.69,271.75,47910
2026-05-11 12:57:00,271.74,271.81,271.52,271.55,35257
2026-05-11 12:58:00,271.5899,271.71,271.56,271.59,28191
2026-05-11 12:59:00,271.5999,271.68,271.57,271.61,21372
2026-05-11 13:00:00,271.61,271.7369,271.573,271.59,34445
2026-05-11 13:01:00,271.5901,271.66,271.58,271.58,21360
2026-05-11 13:02:00,271.59,271.63,271.48,271.62,41269
2026-05-11 13:03:00,271.61,271.76,271.5703,271.58,38244
2026-05-11 13:04:00,271.59,271.65,271.55,271.59,16820
2026-05-11 13:05:00,271.5901,271.605,271.51,271.54,24469
2026-05-11 13:06:00,271.56,271.6,271.54,271.59,16983
2026-05-11 13:07:00,271.6,271.67,271.57,271.58,15340
2026-05-11 13:08:00,271.57,271.63,271.57,271.62,18686
2026-05-11 13:09:00,271.605,271.615,271.575,271.58,12898
2026-05-11 13:10:00,271.5702,271.6,271.46,271.49,27327
2026-05-11 13:11:00,271.49,271.49,271.4,271.4299,37271
2026-05-11 13:12:00,271.42,271.43,271.17,271.26,52587
2026-05-11 13:13:00,271.25,271.47,271.24,271.4601,34447
2026-05-11 13:14:00,271.46,271.46,271.343,271.37,37496
2026-05-11 13:15:00,271.35,271.44,271.34,271.43,31228
2026-05-11 13:16:00,271.435,271.435,271.27,271.36,19960
2026-05-11 13:17:00,271.36,271.36,271.26,271.3497,22664
2026-05-11 13:18:00,271.34,271.4001,271.23,271.3094,37843
2026-05-11 13:19:00,271.31,271.31,271.21,271.255,21809
2026-05-11 13:20:00,271.255,271.29,271.14,271.25,27649
2026-05-11 13:21:00,271.26,271.47,271.26,271.42,33806
2026-05-11 13:22:00,271.41,271.43,271.29,271.34,20872
2026-05-11 13:23:00,271.345,271.41,271.33,271.38,30260
2026-05-11 13:24:00,271.3824,271.43,271.14,271.14,31847
2026-05-11 13:25:00,271.12,271.13,270.9,271.01,61363
2026-05-11 13:26:00,271.01,271.225,270.92,271.2141,33873
2026-05-11 13:27:00,271.23,271.29,271.035,271.035,35441
2026-05-11 13:28:00,271.0351,271.13,270.92,271.01,23631
2026-05-11 13:29:00,271.0,271.07,270.85,270.86,44918
2026-05-11 13:30:00,270.85,270.9,270.77,270.85,53601
2026-05-11 13:31:00,270.855,270.95,270.65,270.75,34681
2026-05-11 13:32:00,270.76,270.76,270.59,270.69,16296
2026-05-11 13:33:00,270.72,270.79,270.635,270.73,21954
2026-05-11 13:34:00,270.73,270.9216,270.65,270.8999,27519
2026-05-11 13:35:00,270.9,270.91,270.7977,270.87,21735
2026-05-11 13:36:00,270.87,271.01,270.79,271.005,83625
2026-05-11 13:37:00,271.005,271.1872,270.99,271.17,42614
2026-05-11 13:38:00,271.19,271.22,271.13,271.135,28653
2026-05-11 13:39:00,271.115,271.115,270.78,270.78,26074
2026-05-11 13:40:00,270.7651,270.85,270.76,270.84,20413
2026-05-11 13:41:00,270.84,270.91,270.77,270.905,15557
2026-05-11 13:42:00,270.89,271.05,270.8801,271.035,22161
2026-05-11 13:43:00,271.03,271.14,271.0,271.09,17416
2026-05-11 13:44:00,271.11,271.1317,271.06,271.105,17101
2026-05-11 13:45:00,271.11,271.23,271.11,271.13,19531
2026-05-11 13:46:00,271.11,271.15,271.065,271.065,15313
2026-05-11 13:47:00,271.05,271.13,270.96,270.96,32844
2026-05-11 13:48:00,270.98,271.08,270.98,271.06,20626
2026-05-11 13:49:00,271.065,271.085,270.98,271.0299,28175
2026-05-11 13:50:00,271.0101,271.06,270.9801,271.06,13313
2026-05-11 13:51:00,271.07,271.09,270.98,271.05,11854
2026-05-11 13:52:00,271.06,271.093,270.9801,271.04,17536
2026-05-11 13:53:00,271.06,271.13,271.04,271.08,25843
2026-05-11 13:54:00,271.09,271.09,270.9101,270.96,26480
2026-05-11 13:55:00,270.9394,271.0094,270.91,270.94,15134
2026-05-11 13:56:00,270.94,270.96,270.91,270.91,16368
2026-05-11 13:57:00,270.9045,271.0,270.89,270.98,23143
2026-05-11 13:58:00,270.96,270.97,270.83,270.87,21325
2026-05-11 13:59:00,270.8499,270.8499,270.77,270.785,14276
2026-05-11 14:00:00,270.8,270.86,270.74,270.84,31599
2026-05-11 14:01:00,270.83,270.93,270.8,270.92,22069
2026-05-11 14:02:00,270.88,270.98,270.8601,270.95,30888
2026-05-11 14:03:00,270.95,271.07,270.95,271.045,32995
2026-05-11 14:04:00,271.03,271.07,271.0,271.02,20963
2026-05-11 14:05:00,271.018,271.03,270.955,270.955,27063
2026-05-11 14:06:00,270.96,271.12,270.96,271.085,18021
2026-05-11 14:07:00,271.075,271.105,270.92,270.97,25613
2026-05-11 14:08:00,270.9651,270.9799,270.69,270.86,33513
2026-05-11 14:09:00,270.86,270.86,270.77,270.86,12573
2026-05-11 14:10:00,270.845,270.88,270.78,270.81,14705
2026-05-11 14:11:00,270.795,270.87,270.75,270.835,11938
2026-05-11 14:12:00,270.835,271.01,270.83,270.93,30457
2026-05-11 14:13:00,270.93,271.06,270.9,270.92,22693
2026-05-11 14:14:00,270.92,270.9586,270.8,270.8,72043
2026-05-11 14:15:00,270.79,270.79,270.5,270.53,45502
2026-05-11 14:16:00,270.54,270.57,270.4601,270.52,56109
2026-05-11 14:17:00,270.5398,270.5999,270.51,270.55,15077
2026-05-11 14:18:00,270.55,270.56,270.46,270.48,21634
2026-05-11 14:19:00,270.475,270.52,270.3602,270.37,31557
2026-05-11 14:20:00,270.365,270.415,270.21,270.4,45362
2026-05-11 14:21:00,270.4,270.415,270.35,270.408,30762
2026-05-11 14:22:00,270.405,270.49,270.3906,270.425,26172
2026-05-11 14:23:00,270.43,270.49,270.4,270.45,23235
2026-05-11 14:24:00,270.45,270.46,270.35,270.37,27554
2026-05-11 14:25:00,270.38,270.395,270.2,270.205,26284
2026-05-11 14:26:00,270.2,270.22,270.13,270.17,35330
2026-05-11 14:27:00,270.17,270.17,270.06,270.08,36460
2026-05-11 14:28:00,270.1,270.18,270.1,270.14,27805
2026-05-11 14:29:00,270.1399,270.145,270.05,270.105,28330
2026-05-11 14:30:00,270.1,270.11,269.8601,270.0,64194
2026-05-11 14:31:00,269.99,270.08,269.93,270.0,30786
2026-05-11 14:32:00,269.99,270.07,269.915,270.01,27504
2026-05-11 14:33:00,270.02,270.02,269.82,269.8451,27581
2026-05-11 14:34:00,269.84,269.9034,269.81,269.86,22261
2026-05-11 14:35:00,269.87,269.95,269.86,269.9,21014
2026-05-11 14:36:00,269.91,270.03,269.905,269.99,28682
2026-05-11 14:37:00,269.985,270.0,269.89,269.93,22420
2026-05-11 14:38:00,269.92,269.9761,269.89,269.95,21394
2026-05-11 14:39:00,269.95,269.955,269.74,269.75,38947
2026-05-11 14:40:00,269.76,269.8,269.71,269.79,26453
2026-05-11 14:41:00,269.795,269.9199,269.78,269.8671,20764
2026-05-11 14:42:00,269.86,269.99,269.86,269.92,39046
2026-05-11 14:43:00,269.91,269.97,269.88,269.9384,42445
2026-05-11 14:44:00,269.93,269.98,269.88,269.94,54826
2026-05-11 14:45:00,269.95,269.96,269.845,269.93,28660
2026-05-11 14:46:00,269.925,270.09,269.92,270.085,36691
2026-05-11 14:47:00,270.09,270.18,270.05,270.11,43791
2026-05-11 14:48:00,270.11,270.15,270.07,270.123,56467
2026-05-11 14:49:00,270.115,270.115,269.95,270.0,18621
2026-05-11 14:50:00,270.0,270.12,269.95,269.95,31092
2026-05-11 14:51:00,269.9556,270.0297,269.8409,270.015,28128
2026-05-11 14:52:00,270.02,270.12,270.02,270.11,21178
2026-05-11 14:53:00,270.1,270.1024,269.94,269.99,36780
2026-05-11 14:54:00,269.97,270.04,269.92,269.94,24924
2026-05-11 14:55:00,269.965,270.01,269.85,269.9425,43153
2026-05-11 14:56:00,269.935,269.96,269.84,269.84,23980
2026-05-11 14:57:00,269.8599,269.9,269.75,269.8,27885
2026-05-11 14:58:00,269.8001,269.92,269.63,269.7,59820
2026-05-11 14:59:00,269.71,269.81,269.64,269.66,58342
2026-05-11 15:00:00,269.66,269.73,269.48,269.52,42008
2026-05-11 15:01:00,269.53,269.615,269.44,269.47,51566
2026-05-11 15:02:00,269.465,269.47,269.3301,269.417,39881
2026-05-11 15:03:00,269.43,269.48,269.4,269.4398,43957
2026-05-11 15:04:00,269.41,269.43,269.27,269.27,46753
2026-05-11 15:05:00,269.2699,269.71,269.25,269.71,58820
2026-05-11 15:06:00,269.72,269.8,269.585,269.7301,58199
2026-05-11 15:07:00,269.72,269.75,269.62,269.6503,30916
2026-05-11 15:08:00,269.655,269.655,269.46,269.48,48427
2026-05-11 15:09:00,269.48,269.545,269.42,269.5009,30616
2026-05-11 15:10:00,269.5199,269.56,269.47,269.51,37282
2026-05-11 15:11:00,269.5,269.63,269.5,269.62,31586
2026-05-11 15:12:00,269.63,269.69,269.615,269.65,43008
2026-05-11 15:13:00,269.63,269.697,269.54,269.58,32759
2026-05-11 15:14:00,269.58,269.665,269.56,269.64,32394
2026-05-11 15:15:00,269.63,269.649,269.57,269.6001,32105
2026-05-11 15:16:00,269.61,269.75,269.47,269.525,53386
2026-05-11 15:17:00,269.51,269.6,269.41,269.58,29069
2026-05-11 15:18:00,269.59,269.6199,269.51,269.53,15277
2026-05-11 15:19:00,269.54,269.6,269.46,269.51,23619
2026-05-11 15:20:00,269.5,269.535,269.45,269.48,29291
2026-05-11 15:21:00,269.48,269.48,269.32,269.38,41183
2026-05-11 15:22:00,269.362,269.4,269.29,269.315,37164
2026-05-11 15:23:00,269.33,269.47,269.33,269.44,25508
2026-05-11 15:24:00,269.46,269.53,269.39,269.39,35491
2026-05-11 15:25:00,269.41,269.55,269.39,269.53,35013
2026-05-11 15:26:00,269.53,269.53,269.46,269.47,30620
2026-05-11 15:27:00,269.46,269.73,269.45,269.69,48739
2026-05-11 15:28:00,269.68,269.78,269.665,269.72,38557
2026-05-11 15:29:00,269.71,269.98,269.69,269.91,61829
2026-05-11 15:30:00,269.91,269.9212,269.75,269.82,29740
2026-05-11 15:31:00,269.81,269.83,269.7078,269.8,20949
2026-05-11 15:32:00,269.8,269.9,269.76,269.86,21712
2026-05-11 15:33:00,269.87,269.88,269.815,269.84,28780
2026-05-11 15:34:00,269.8499,269.885,269.82,269.82,18195
2026-05-11 15:35:00,269.82,269.84,269.76,269.81,43894
2026-05-11 15:36:00,269.82,269.8351,269.72,269.735,27629
2026-05-11 15:37:00,269.73,269.73,269.6001,269.605,43174
2026-05-11 15:38:00,269.6,269.73,269.6,269.7201,50390
2026-05-11 15:39:00,269.72,269.78,269.64,269.76,35991
2026-05-11 15:40:00,269.775,269.94,269.77,269.88,45191
2026-05-11 15:41:00,269.88,269.88,269.59,269.6,28881
2026-05-11 15:42:00,269.595,269.66,269.555,269.62,37266
2026-05-11 15:43:00,269.62,269.65,269.59,269.595,34688
2026-05-11 15:44:00,269.595,269.62,269.51,269.56,44632
2026-05-11 15:45:00,269.54,269.63,269.46,269.51,63344
2026-05-11 15:46:00,269.5,269.62,269.4889,269.58,53872
2026-05-11 15:47:00,269.59,269.77,269.59,269.67,33115
2026-05-11 15:48:00,269.67,269.7,269.56,269.6,63971
2026-05-11 15:49:00,269.61,269.73,269.605,269.655,54390
2026-05-11 15:50:00,269.66,269.83,269.615,269.665,72303
2026-05-11 15:51:00,269.66,269.665,269.32,269.385,99954
2026-05-11 15:52:00,269.39,269.48,269.38,269.4,62761
2026-05-11 15:53:00,269.4,269.41,269.2699,269.3325,91786
2026-05-11 15:54:00,269.335,269.39,269.16,269.17,140220
2026-05-11 15:55:00,269.178,269.178,268.72,268.96,306720
2026-05-11 15:56:00,268.96,268.97,268.48,268.56,205952
2026-05-11 15:57:00,268.56,268.755,268.56,268.74,181345
2026-05-11 15:58:00,268.7475,268.81,268.7205,268.77,213932
2026-05-11 15:59:00,268.78,269.01,268.71,268.99,485422
2026-05-11 16:00:00,268.981,269.0,268.57,268.81,7278183
2026-05-11 16:01:00,268.95,268.95,268.95,268.95,612
2026-05-11 16:02:00,268.97,269.06,268.95,268.95,1564
2026-05-11 16:03:00,268.94,269.1,268.88,269.1,3799
2026-05-11 16:04:00,269.09,269.11,269.06,269.06,1600
2026-05-11 16:05:00,268.8881,268.96,268.86,268.96,464
2026-05-11 16:06:00,268.91,268.91,268.91,268.91,125
2026-05-11 16:07:00,268.9,268.94,268.9,268.94,225
2026-05-11 16:08:00,268.96,268.96,268.9,268.9,402
2026-05-11 16:09:00,268.9283,268.987,268.87,268.987,900
2026-05-11 16:11:00,268.99,268.99,268.47,268.47,2318
2026-05-11 16:12:00,268.44,268.8,268.2,268.8,1020
2026-05-11 16:13:00,268.8,268.8,268.8,268.8,200
2026-05-11 16:14:00,268.8,268.8,268.75,268.75,339
2026-05-11 16:16:00,268.78,268.78,268.64,268.64,317
2026-05-11 16:18:00,268.9,268.9,268.63,268.63,226
2026-05-11 16:19:00,268.8,268.8,268.8,268.8,100
2026-05-11 16:20:00,268.71,268.71,268.65,268.65,300
2026-05-11 16:21:00,268.63,268.63,268.63,268.63,100
2026-05-11 16:22:00,268.5,268.64,268.5,268.64,1025
2026-05-11 16:23:00,268.57,268.761,268.57,268.761,425
2026-05-11 16:24:00,268.74,268.74,268.5,268.5,520
2026-05-11 16:25:00,268.6,268.6,268.6,268.6,200
2026-05-11 16:27:00,268.5,268.88,268.5,268.88,1161
2026-05-11 16:28:00,268.78,268.78,268.78,268.78,193
2026-05-11 16:29:00,268.85,268.9,268.7446,268.7446,1855
2026-05-11 16:31:00,268.88,268.88,268.88,268.88,100
2026-05-11 16:32:00,268.8822,268.8822,268.8822,268.8822,400
2026-05-11 16:33:00,268.89,268.89,268.84,268.84,558
2026-05-11 16:34:00,268.9,268.9,268.9,268.9,270
2026-05-11 16:35:00,268.9,268.9,268.9,268.9,100
2026-05-11 16:36:00,268.89,268.89,268.89,268.89,100
2026-05-11 16:37:00,268.9218,268.9218,268.9218,268.9218,100
2026-05-11 16:38:00,268.82,268.96,268.82,268.96,1466
2026-05-11 16:40:00,268.81,268.81,268.76,268.76,852
2026-05-11 16:41:00,268.71,268.71,268.68,268.68,4495
2026-05-11 16:42:00,268.71,268.7579,268.71,268.7579,200
2026-05-11 16:43:00,268.61,268.85,268.61,268.61,2000
2026-05-11 16:44:00,268.61,268.7695,268.61,268.7695,5350
2026-05-11 16:45:00,268.74,268.74,268.62,268.62,225
2026-05-11 16:47:00,268.8,268.8,268.8,268.8,104
2026-05-11 16:48:00,268.67,268.67,268.67,268.67,125
2026-05-11 16:49:00,268.8,268.8,268.8,268.8,200
2026-05-11 16:50:00,268.7,268.8,268.7,268.8,600
2026-05-11 16:52:00,268.7,268.7,268.67,268.67,510
2026-05-11 16:53:00,268.64,268.7,268.64,268.7,522
2026-05-11 16:55:00,268.77,268.78,268.77,268.78,202
2026-05-11 16:56:00,268.72,268.72,268.72,268.72,498
2026-05-11 16:57:00,268.7699,268.7699,268.7699,268.7699,100
2026-05-11 16:58:00,268.61,268.71,268.61,268.71,2108
2026-05-11 16:59:00,268.65,268.75,268.65,268.75,700
2026-05-11 17:00:00,268.74,268.74,268.61,268.61,600
2026-05-11 17:01:00,268.7794,268.7794,268.73,268.73,516
2026-05-11 17:02:00,268.78,268.78,268.78,268.78,100
2026-05-11 17:03:00,268.68,268.68,268.67,268.67,325
2026-05-11 17:05:00,268.61,268.61,268.6,268.6,265
2026-05-11 17:06:00,268.6,268.65,268.59,268.65,899
2026-05-11 17:07:00,268.56,268.61,268.56,268.61,1155
2026-05-11 17:09:00,268.67,268.67,268.67,268.67,100
2026-05-11 17:10:00,268.67,268.67,268.6,268.6,1285
2026-05-11 17:11:00,268.6,268.66,268.6,268.6599,414
2026-05-11 17:12:00,268.7,268.7,268.7,268.7,300
2026-05-11 17:14:00,268.61,268.61,268.61,268.61,821
2026-05-11 17:15:00,268.7,268.7,268.7,268.7,100
2026-05-11 17:17:00,268.6,268.605,268.6,268.605,366
2026-05-11 17:19:00,268.55,268.56,268.55,268.56,325
2026-05-11 17:21:00,268.587,268.587,268.587,268.587,200
2026-05-11 17:22:00,268.5898,268.5898,268.5898,268.5898,225
2026-05-11 17:24:00,268.59,268.68,268.59,268.68,416
2026-05-11 17:25:00,268.6278,268.63,268.62,268.62,654
2026-05-11 17:26:00,268.62,268.68,268.62,268.68,597
2026-05-11 17:27:00,268.6278,268.63,268.6278,268.63,1200
2026-05-11 17:28:00,268.6259,268.6259,268.6259,268.6259,200
2026-05-11 17:29:00,268.62,268.62,268.6,268.6,960
2026-05-11 17:30:00,268.68,268.7,268.6,268.6,1035
2026-05-11 17:31:00,268.57,268.61,268.56,268.57,1312
2026-05-11 17:32:00,268.6086,268.6086,268.6013,268.6013,357
2026-05-11 17:33:00,268.67,268.68,268.62,268.62,527
2026-05-11 17:34:00,268.63,268.63,268.63,268.63,315
2026-05-11 17:35:00,268.6,268.64,268.6,268.64,725
2026-05-11 17:36:00,268.55,268.5503,268.55,268.5503,751
2026-05-11 17:39:00,268.68,268.68,268.62,268.62,243
2026-05-11 17:40:00,268.67,268.68,268.67,268.68,1781
2026-05-11 17:41:00,268.64,268.68,268.64,268.68,300
2026-05-11 17:42:00,268.65,268.65,268.65,268.65,1000
2026-05-11 17:43:00,268.6761,268.6761,268.6761,268.6761,200
2026-05-11 17:44:00,268.679,268.679,268.679,268.679,100
2026-05-11 17:45:00,268.6158,268.6158,268.6158,268.6158,183
2026-05-11 17:48:00,268.6,268.6,268.6,268.6,186
2026-05-11 17:50:00,268.6,268.6,268.6,268.6,403
2026-05-11 17:51:00,268.61,268.61,268.61,268.61,450
2026-05-11 17:53:00,268.61,268.61,268.61,268.61,110
2026-05-11 17:54:00,268.62,268.62,268.61,268.61,600
2026-05-11 17:56:00,268.6,268.65,268.6,268.6065,400
2026-05-11 17:57:00,268.6,268.6,268.6,268.6,599
2026-05-11 17:58:00,268.6,268.6,268.6,268.6,339
2026-05-11 18:00:00,268.75,268.75,268.7124,268.7124,256
2026-05-11 18:01:00,268.89,268.89,268.89,268.89,940
2026-05-11 18:02:00,268.8065,268.83,268.8065,268.83,300
2026-05-11 18:03:00,268.85,268.89,268.85,268.89,537
2026-05-11 18:05:00,268.89,268.89,268.89,268.89,225
2026-05-11 18:06:00,268.8913,268.9,268.89,268.9,1305
2026-05-11 18:07:00,268.8435,268.8435,268.8435,268.8435,199
2026-05-11 18:08:00,268.67,268.67,268.61,268.61,780
2026-05-11 18:09:00,268.8,268.8,268.8,268.8,100
2026-05-11 18:10:00,268.83,268.88,268.82,268.88,2948
2026-05-11 18:11:00,268.88,268.88,268.88,268.88,120
2026-05-11 18:15:00,268.8783,268.8783,268.8783,268.8783,100
2026-05-11 18:17:00,268.81,268.81,268.81,268.81,103
2026-05-11 18:18:00,268.82,268.82,268.82,268.82,200
2026-05-11 18:19:00,268.89,268.89,268.89,268.89,400
2026-05-11 18:20:00,268.89,269.0,268.89,269.0,1967
2026-05-11 18:21:00,269.09,269.09,269.09,269.09,384
2026-05-11 18:22:00,269.1,269.12,269.1,269.12,2666
2026-05-11 18:23:00,269.28,269.28,269.28,269.28,200
2026-05-11 18:27:00,269.1,269.1,269.1,269.1,100
2026-05-11 18:33:00,269.09,269.09,269.07,269.09,1133
2026-05-11 18:34:00,269.0,269.0,269.0,269.0,117
2026-05-11 18:36:00,269.06,269.06,269.06,269.06,100
2026-05-11 18:39:00,269.0167,269.0167,269.0167,269.0167,106
2026-05-11 18:40:00,269.06,269.06,269.06,269.06,291
2026-05-11 18:42:00,269.03,269.03,269.03,269.03,200
2026-05-11 18:43:00,269.09,269.09,269.03,269.03,225
2026-05-11 18:48:00,269.03,269.03,269.03,269.03,292
2026-05-11 18:49:00,269.0596,269.0596,269.04,269.04,1095
2026-05-11 18:50:00,269.0597,269.0597,269.02,269.02,390
2026-05-11 18:52:00,269.05,269.05,269.05,269.05,243
2026-05-11 18:53:00,269.05,269.05,269.05,269.05,100
2026-05-11 18:54:00,269.0001,269.0001,269.0001,269.0001,339
2026-05-11 18:55:00,269.1653,269.1653,269.1653,269.1653,100
2026-05-11 18:58:00,269.0,269.0,269.0,269.0,300
2026-05-11 19:00:00,269.19,269.19,269.19,269.19,150
2026-05-11 19:03:00,269.0596,269.0596,269.0261,269.0261,311
2026-05-11 19:05:00,269.03,269.0392,269.03,269.0392,1155
2026-05-11 19:06:00,269.03,269.03,269.03,269.03,204
2026-05-11 19:07:00,269.05,269.2,269.02,269.2,530
2026-05-11 19:09:00,269.2,269.2,269.2,269.2,100
2026-05-11 19:10:00,269.15,269.15,269.15,269.15,100
2026-05-11 19:12:00,269.1,269.1,269.1,269.1,1500
2026-05-11 19:15:00,269.02,269.02,269.02,269.02,100
2026-05-11 19:16:00,269.1075,269.1075,269.1075,269.1075,100
2026-05-11 19:17:00,269.1,269.1,269.1,269.1,200
2026-05-11 19:18:00,269.02,269.05,269.0,269.013,13937
2026-05-11 19:20:00,269.09,269.09,269.09,269.09,100
2026-05-11 19:22:00,269.02,269.02,269.02,269.02,310
2026-05-11 19:24:00,269.03,269.03,269.03,269.03,248
2026-05-11 19:25:00,269.04,269.04,269.04,269.04,195
2026-05-11 19:27:00,269.03,269.03,269.03,269.03,500
2026-05-11 19:29:00,269.1,269.1,269.1,269.1,100
2026-05-11 19:30:00,269.09,269.09,269.09,269.09,100
2026-05-11 19:31:00,269.05,269.07,269.04,269.07,784
2026-05-11 19:37:00,269.0552,269.0552,269.0552,269.0552,140
2026-05-11 19:40:00,269.1,269.1,269.1,269.1,100
2026-05-11 19:41:00,269.0692,269.07,269.05,269.05,882
2026-05-11 19:42:00,269.0971,269.0971,269.0971,269.0971,1677
2026-05-11 19:43:00,269.06,269.1,269.06,269.1,400
2026-05-11 19:45:00,269.05,269.05,269.05,269.05,343
2026-05-11 19:46:00,269.0481,269.0481,269.0481,269.0481,100
2026-05-11 19:47:00,269.0487,269.0487,269.0487,269.0487,200
2026-05-11 19:48:00,269.0,269.0,269.0,269.0,2859
2026-05-11 19:49:00,269.0,269.0,269.0,269.0,320
2026-05-11 19:50:00,269.0091,269.0091,269.0091,269.0091,100
2026-05-11 19:52:00,269.0,269.0,269.0,269.0,100
2026-05-11 19:53:00,269.0,269.0,269.0,269.0,156
2026-05-11 19:54:00,269.0,269.0,269.0,269.0,100
2026-05-11 19:56:00,269.0,269.05,269.0,269.05,630
2026-05-11 19:57:00,269.0,269.0,269.0,269.0,147
2026-05-11 19:58:00,269.0,269.0,269.0,269.0,600
2026-05-11 19:59:00,269.0005,269.0005,269.0005,269.0005,180
2026-05-12 04:00:00,268.13,268.2939,266.8008,267.0,14340
2026-05-12 04:01:00,267.0,268.23,266.71,267.03,22536
2026-05-12 04:02:00,266.96,266.96,266.96,266.96,100
2026-05-12 04:03:00,266.8,266.8,266.8,266.8,227
2026-05-12 04:04:00,266.86,266.94,266.86,266.94,398
2026-05-12 04:06:00,266.53,266.7,266.53,266.7,233
2026-05-12 04:07:00,266.79,266.79,266.79,266.79,100
2026-05-12 04:09:00,266.8,266.8,266.8,266.8,100
2026-05-12 04:10:00,266.75,266.75,266.5545,266.5545,302
2026-05-12 04:11:00,266.71,266.85,266.71,266.85,200
2026-05-12 04:13:00,266.89,266.98,266.53,266.9222,2426
2026-05-12 04:16:00,266.95,266.98,266.745,266.98,952
2026-05-12 04:17:00,266.97,266.98,266.97,266.98,300
2026-05-12 04:18:00,266.91,266.91,266.9,266.9,462
2026-05-12 04:19:00,266.89,266.89,266.89,266.89,158
2026-05-12 04:23:00,266.92,266.92,266.92,266.92,186
2026-05-12 04:25:00,266.89,266.89,266.745,266.745,431
2026-05-12 04:27:00,266.5,266.5,266.5,266.5,100
2026-05-12 04:28:00,266.82,266.82,266.82,266.82,122
2026-05-12 04:29:00,266.65,266.99,266.526,266.526,1767
2026-05-12 04:32:00,266.71,266.72,266.71,266.72,207
2026-05-12 04:33:00,266.6,266.6,266.6,266.6,109
2026-05-12 04:34:00,266.7,266.7,266.7,266.7,160
2026-05-12 04:37:00,266.41,266.41,266.41,266.41,100
2026-05-12 04:38:00,266.4,266.4,266.4,266.4,200
2026-05-12 04:40:00,266.41,266.41,266.41,266.41,200
2026-05-12 04:42:00,266.4,266.4,266.4,266.4,100
2026-05-12 04:44:00,266.4469,266.4469,266.4469,266.4469,140
2026-05-12 04:45:00,266.37,266.37,266.36,266.36,1229
2026-05-12 04:50:00,266.33,266.33,266.33,266.33,400
2026-05-12 04:51:00,266.25,266.25,266.25,266.25,530
2026-05-12 04:54:00,266.33,266.33,266.33,266.33,181
2026-05-12 04:58:00,266.37,266.39,266.33,266.39,1275
2026-05-12 04:59:00,266.39,266.46,266.39,266.46,551
2026-05-12 05:03:00,266.33,266.46,266.33,266.46,275
2026-05-12 05:04:00,266.33,266.33,266.33,266.33,106
2026-05-12 05:05:00,266.3,266.3,266.3,266.3,100
2026-05-12 05:09:00,266.0,266.01,266.0,266.0,400
2026-05-12 05:11:00,266.05,266.09,266.05,266.09,1160
2026-05-12 05:13:00,266.2,266.2,266.2,266.2,800
2026-05-12 05:29:00,266.21,266.3,266.21,266.3,600
2026-05-12 05:30:00,266.4,266.4,266.4,266.4,374
2026-05-12 05:32:00,266.5,266.5,266.5,266.5,100
2026-05-12 05:36:00,266.4,266.4,266.4,266.4,357
2026-05-12 05:38:00,266.25,266.25,266.25,266.25,300
2026-05-12 05:39:00,266.33,266.33,266.28,266.28,230
2026-05-12 05:45:00,266.3,266.3,266.3,266.3,100
2026-05-12 05:46:00,266.3,266.3,266.3,266.3,558
2026-05-12 05:48:00,266.2584,266.35,266.2584,266.35,949
2026-05-12 05:53:00,266.2,266.2,266.2,266.2,250
2026-05-12 05:55:00,266.22,266.22,266.22,266.22,114
2026-05-12 06:00:00,266.12,266.12,266.12,266.12,100
2026-05-12 06:01:00,266.3,266.3,266.3,266.3,469
2026-05-12 06:04:00,266.5,266.5,266.5,266.5,100
2026-05-12 06:05:00,266.36,266.36,266.36,266.36,133
2026-05-12 06:08:00,266.37,266.37,266.37,266.37,150
2026-05-12 06:09:00,266.32,266.43,266.32,266.43,339
2026-05-12 06:12:00,266.5,266.5,266.5,266.5,130
2026-05-12 06:14:00,266.47,266.47,266.44,266.44,255
2026-05-12 06:15:00,266.4476,266.4476,266.4476,266.4476,185
2026-05-12 06:16:00,266.45,266.45,266.45,266.45,764
2026-05-12 06:22:00,266.3145,266.3145,266.3145,266.3145,250
2026-05-12 06:25:00,266.3,266.3,266.3,266.3,100
2026-05-12 06:26:00,266.3,266.3,266.3,266.3,137
2026-05-12 06:28:00,266.38,266.38,266.38,266.38,222
2026-05-12 06:32:00,266.49,266.5,266.49,266.5,530
2026-05-12 06:33:00,266.58,266.63,266.58,266.63,535
2026-05-12 06:34:00,266.52,266.52,266.52,266.52,166
2026-05-12 06:36:00,266.3881,266.55,266.3881,266.55,270
2026-05-12 06:40:00,266.6144,266.6144,266.6,266.6,805
2026-05-12 06:41:00,266.54,266.54,266.54,266.54,204
2026-05-12 06:43:00,266.5,266.5,266.41,266.49,2718
2026-05-12 06:45:00,266.5,266.5,266.5,266.5,200
2026-05-12 06:50:00,266.36,266.36,266.36,266.36,100
2026-05-12 06:53:00,266.36,266.36,266.36,266.36,250
2026-05-12 06:56:00,266.61,266.61,266.555,266.555,300
2026-05-12 06:57:00,266.79,266.81,266.79,266.81,692
2026-05-12 06:58:00,266.68,266.76,266.68,266.76,237
2026-05-12 06:59:00,266.8193,266.8193,266.8193,266.8193,650
2026-05-12 07:00:00,266.82,266.99,266.78,266.78,3674
2026-05-12 07:01:00,266.8945,266.8945,266.7116,266.7116,210
2026-05-12 07:02:00,266.9793,266.9793,266.9793,266.9793,156
2026-05-12 07:03:00,266.99,266.99,266.8015,266.88,579
2026-05-12 07:04:00,266.847,266.847,266.847,266.847,200
2026-05-12 07:05:00,266.85,266.99,266.7,266.7,2371
2026-05-12 07:06:00,266.77,266.77,266.7185,266.7185,796
2026-05-12 07:07:00,266.77,266.9722,266.7,266.7,840
2026-05-12 07:09:00,266.86,266.86,266.86,266.86,100
2026-05-12 07:10:00,266.9,267.0,266.85,267.0,2147
2026-05-12 07:12:00,266.8,266.8,266.8,266.8,600
2026-05-12 07:13:00,266.9,266.9,266.9,266.9,170
2026-05-12 07:14:00,266.8,266.8,266.8,266.8,100
2026-05-12 07:15:00,266.82,266.82,266.67,266.67,620
2026-05-12 07:16:00,266.84,266.84,266.66,266.8213,1400
2026-05-12 07:17:00,266.66,266.66,266.57,266.5729,1333
2026-05-12 07:18:00,266.58,266.58,266.5,266.5315,690
2026-05-12 07:19:00,266.5,266.66,266.5,266.66,1292
2026-05-12 07:20:00,266.8358,266.8358,266.7,266.7,648
2026-05-12 07:21:00,266.77,266.77,266.76,266.76,750
2026-05-12 07:22:00,266.71,266.71,266.71,266.71,200
2026-05-12 07:23:00,266.67,266.67,266.6,266.6,600
2026-05-12 07:24:00,266.5,266.6525,266.5,266.65,800
2026-05-12 07:25:00,266.6,266.7,266.6,266.7,1164
2026-05-12 07:26:00,266.73,266.73,266.73,266.73,201
2026-05-12 07:27:00,266.7125,266.7125,266.7125,266.7125,100
2026-05-12 07:28:00,266.61,266.61,266.61,266.61,217
2026-05-12 07:29:00,266.6,266.7,266.6,266.7,559
2026-05-12 07:31:00,266.6,266.66,266.6,266.66,1640
2026-05-12 07:32:00,266.69,266.73,266.6233,266.6233,1085
2026-05-12 07:33:00,266.59,266.59,266.59,266.59,936
2026-05-12 07:34:00,266.6,266.615,266.6,266.615,1416
2026-05-12 07:35:00,266.74,266.74,266.74,266.74,200
2026-05-12 07:36:00,266.8458,266.8458,266.8458,266.8458,100
2026-05-12 07:38:00,266.66,266.95,266.66,266.95,1173
2026-05-12 07:39:00,266.88,267.01,266.88,266.99,5590
2026-05-12 07:40:00,266.9757,266.9757,266.9757,266.9757,100
2026-05-12 07:41:00,266.9,266.97,266.9,266.97,1445
2026-05-12 07:42:00,266.9886,267.02,266.9886,267.02,300
2026-05-12 07:44:00,266.9,266.95,266.9,266.95,1250
2026-05-12 07:45:00,267.11,267.2262,267.11,267.2262,878
2026-05-12 07:46:00,267.15,267.15,267.05,267.05,337
2026-05-12 07:49:00,267.05,267.05,267.05,267.05,1000
2026-05-12 07:50:00,267.0,267.0,267.0,267.0,550
2026-05-12 07:51:00,267.12,267.12,267.0,267.0,210
2026-05-12 07:53:00,267.0,267.1517,267.0,267.07,1424
2026-05-12 07:54:00,267.0,267.1,267.0,267.1,1600
2026-05-12 07:55:00,267.06,267.06,267.06,267.06,179
2026-05-12 07:56:00,267.15,267.15,267.1008,267.1047,800
2026-05-12 07:57:00,267.1133,267.13,267.1133,267.13,286
2026-05-12 07:58:00,267.11,267.21,267.11,267.21,500
2026-05-12 07:59:00,267.12,267.12,267.12,267.12,300
2026-05-12 08:00:00,267.085,267.1384,267.031,267.031,558
2026-05-12 08:01:00,267.0307,267.12,267.0307,267.12,872
2026-05-12 08:02:00,267.2,267.2,267.06,267.12,679
2026-05-12 08:03:00,267.03,267.03,267.03,267.03,1500
2026-05-12 08:04:00,267.03,267.03,267.03,267.03,728
2026-05-12 08:05:00,267.023,267.08,267.0,267.001,2583
2026-05-12 08:06:00,267.0,267.03,267.0,267.03,700
2026-05-12 08:07:00,267.03,267.04,266.96,267.04,1430
2026-05-12 08:08:00,267.1,267.16,267.06,267.06,650
2026-05-12 08:09:00,267.1,267.1,266.95,266.95,700
2026-05-12 08:10:00,266.9852,267.05,266.9852,267.05,1000
2026-05-12 08:11:00,267.0166,267.0166,267.0166,267.0166,116
2026-05-12 08:12:00,267.12,267.175,267.1,267.15,1310
2026-05-12 08:13:00,267.2,267.25,267.15,267.25,934
2026-05-12 08:14:00,267.1,267.1,267.1,267.1,700
2026-05-12 08:15:00,267.2,267.21,267.2,267.21,870
2026-05-12 08:16:00,267.15,267.15,267.15,267.15,100
2026-05-12 08:17:00,267.0004,267.0004,267.0004,267.0004,940
2026-05-12 08:19:00,267.14,267.14,267.14,267.14,100
2026-05-12 08:20:00,267.16,267.16,267.13,267.13,210
2026-05-12 08:21:00,267.0875,267.12,267.0875,267.12,400
2026-05-12 08:22:00,267.0196,267.0196,267.0196,267.0196,100
2026-05-12 08:23:00,267.06,267.09,267.06,267.09,675
2026-05-12 08:24:00,267.16,267.16,267.01,267.01,355
2026-05-12 08:25:00,267.1785,267.44,267.1785,267.44,6723
2026-05-12 08:26:00,267.24,267.5,267.24,267.29,893
2026-05-12 08:27:00,267.5,267.5,267.3,267.3,1934
2026-05-12 08:28:00,267.3,267.3,267.3,267.3,140
2026-05-12 08:29:00,267.2625,267.4317,267.24,267.4317,300
2026-05-12 08:30:00,267.38,267.4995,267.05,267.06,2157
2026-05-12 08:31:00,267.06,267.12,266.88,266.88,3756
2026-05-12 08:32:00,266.9,266.96,266.9,266.96,400
2026-05-12 08:33:00,267.07,267.38,267.07,267.38,386
2026-05-12 08:34:00,267.1538,267.1538,267.1538,267.1538,200
2026-05-12 08:35:00,267.176,267.41,267.176,267.305,1172
2026-05-12 08:36:00,267.5,267.5,267.2,267.298,2726
2026-05-12 08:37:00,267.48,267.48,267.305,267.4501,575
2026-05-12 08:38:00,267.21,267.21,267.2,267.2,749
2026-05-12 08:39:00,267.27,267.2799,267.25,267.2718,1622
2026-05-12 08:40:00,267.2102,267.24,267.2102,267.24,326
2026-05-12 08:41:00,267.2,267.2,267.139,267.139,300
2026-05-12 08:42:00,267.14,267.14,267.07,267.07,487
2026-05-12 08:43:00,267.0,267.25,267.0,267.0,2086
2026-05-12 08:44:00,267.18,267.18,267.0,267.0,600
2026-05-12 08:45:00,267.14,267.28,267.0,267.15,1216
2026-05-12 08:46:00,267.18,267.18,267.18,267.18,100
2026-05-12 08:47:00,267.21,267.43,267.18,267.36,2210
2026-05-12 08:48:00,267.3,267.38,267.3,267.38,200
2026-05-12 08:49:00,267.3,267.98,267.3,267.52,6204
2026-05-12 08:50:00,267.5345,267.77,267.5345,267.77,400
2026-05-12 08:51:00,267.9254,267.98,267.76,267.77,1548
2026-05-12 08:52:00,267.7009,267.98,267.7009,267.98,2292
2026-05-12 08:53:00,267.8115,267.9602,267.8115,267.82,1140
2026-05-12 08:54:00,267.9872,267.9872,267.8,267.9,1327
2026-05-12 08:55:00,267.8,267.9,267.8,267.9,699
2026-05-12 08:57:00,267.75,267.85,267.6116,267.72,1652
2026-05-12 08:58:00,267.57,267.57,267.5,267.5,550
2026-05-12 08:59:00,267.5,267.6295,267.5,267.53,774
2026-05-12 09:00:00,267.64,267.65,267.64,267.65,787
2026-05-12 09:01:00,267.6,267.68,267.5,267.5,600
2026-05-12 09:02:00,267.437,267.6633,267.437,267.6633,850
2026-05-12 09:03:00,267.58,267.725,267.58,267.725,200
2026-05-12 09:04:00,267.55,267.55,267.4,267.4,723
2026-05-12 09:05:00,267.48,267.54,267.48,267.54,966
2026-05-12 09:06:00,267.5601,267.59,267.5601,267.59,1049
2026-05-12 09:07:00,267.59,267.68,267.5621,267.62,2926
2026-05-12 09:08:00,267.6236,267.89,267.61,267.61,1478
2026-05-12 09:09:00,267.61,267.61,267.61,267.61,1636
2026-05-12 09:10:00,267.5717,267.69,267.57,267.67,2315
2026-05-12 09:11:00,267.61,267.617,267.5,267.5,400
2026-05-12 09:12:00,267.81,267.81,267.5204,267.5204,1384
2026-05-12 09:13:00,267.7,267.75,267.69,267.75,804
2026-05-12 09:14:00,267.76,267.86,267.76,267.86,1430
2026-05-12 09:15:00,267.78,267.98,267.67,267.98,1529
2026-05-12 09:16:00,267.9119,267.98,267.7973,267.98,657
2026-05-12 09:17:00,267.89,267.89,267.58,267.71,4111
2026-05-12 09:18:00,267.55,267.55,267.4,267.43,8992
2026-05-12 09:19:00,267.42,267.52,267.395,267.52,2543
2026-05-12 09:20:00,267.63,267.63,267.63,267.63,161
2026-05-12 09:21:00,267.57,267.57,267.57,267.57,227
2026-05-12 09:22:00,267.6447,267.75,267.6447,267.73,1910
2026-05-12 09:23:00,267.56,267.8464,267.56,267.71,600
2026-05-12 09:24:00,267.7,267.8297,267.7,267.8297,1017
2026-05-12 09:25:00,267.51,267.56,267.35,267.48,5401
2026-05-12 09:26:00,267.49,267.49,267.49,267.49,1000
2026-05-12 09:27:00,267.44,267.515,266.26,266.5,23033
2026-05-12 09:28:00,266.46,266.81,266.22,266.69,16523
2026-05-12 09:29:00,266.61,266.7,266.32,266.34,8631
2026-05-12 09:30:00,266.71,267.33,265.26,267.02,767132
2026-05-12 09:31:00,267.025,267.65,266.63,266.96,101590
2026-05-12 09:32:00,266.89,267.5,266.75,267.0,57205
2026-05-12 09:33:00,267.0,267.11,266.32,266.46,88828
2026-05-12 09:34:00,266.505,266.79,266.2801,266.35,63605
2026-05-12 09:35:00,266.31,266.43,265.34,265.39,221763
2026-05-12 09:36:00,265.35,265.6675,265.02,265.44,184180
2026-05-12 09:37:00,265.45,265.68,265.25,265.48,106662
2026-05-12 09:38:00,265.485,265.52,264.53,264.73,267033
2026-05-12 09:39:00,264.71,265.08,264.7,264.991,107811
2026-05-12 09:40:00,264.96,265.74,264.91,265.33,93419
2026-05-12 09:41:00,265.4001,265.68,265.37,265.5517,75705
2026-05-12 09:42:00,265.555,266.05,265.485,265.67,120075
2026-05-12 09:43:00,265.65,265.72,265.23,265.25,67318
2026-05-12 09:44:00,265.3,265.56,265.21,265.36,85045
2026-05-12 09:45:00,265.32,265.53,265.14,265.2164,104822
2026-05-12 09:46:00,265.16,265.2,264.75,264.85,145188
2026-05-12 09:47:00,264.855,265.02,264.59,264.865,140535
2026-05-12 09:48:00,264.87,265.3,264.81,264.85,166109
2026-05-12 09:49:00,264.88,265.22,264.88,265.08,83047
2026-05-12 09:50:00,265.085,265.18,264.73,264.765,97943
2026-05-12 09:51:00,264.77,264.86,264.52,264.76,76358
2026-05-12 09:52:00,264.74,265.0,264.6506,264.9191,64332
2026-05-12 09:53:00,264.99,265.85,264.96,265.805,81427
2026-05-12 09:54:00,265.8,265.94,265.4806,265.51,62186
2026-05-12 09:55:00,265.51,265.71,265.38,265.6895,62186
2026-05-12 09:56:00,265.67,265.76,265.32,265.47,38342
2026-05-12 09:57:00,265.47,265.57,265.21,265.47,51190
2026-05-12 09:58:00,265.48,265.5,264.915,264.995,60721
2026-05-12 09:59:00,265.08,265.6,265.07,265.49,82595
2026-05-12 10:00:00,265.54,265.54,264.91,264.99,129229
2026-05-12 10:01:00,264.99,265.18,264.37,264.52,157087
2026-05-12 10:02:00,264.48,264.66,264.18,264.35,134125
2026-05-12 10:03:00,264.36,264.38,264.05,264.35,57030
2026-05-12 10:04:00,264.32,264.61,264.12,264.4,62874
2026-05-12 10:05:00,264.41,264.72,264.33,264.4796,96145
2026-05-12 10:06:00,264.4236,265.11,264.4236,265.0212,60280
2026-05-12 10:07:00,265.07,265.45,265.01,265.24,58044
2026-05-12 10:08:00,265.24,265.27,264.775,264.94,82003
2026-05-12 10:09:00,264.9,265.17,264.9,265.1,46606
2026-05-12 10:10:00,265.085,265.16,264.86,264.95,57424
2026-05-12 10:11:00,264.94,265.18,264.68,265.16,58660
2026-05-12 10:12:00,265.14,265.4,265.035,265.075,48660
2026-05-12 10:13:00,265.095,265.4,264.9501,265.055,50493
2026-05-12 10:14:00,265.02,265.37,264.995,265.29,37568
2026-05-12 10:15:00,265.36,265.52,265.275,265.44,60581
2026-05-12 10:16:00,265.44,265.51,265.2,265.225,51824
2026-05-12 10:17:00,265.22,265.32,265.02,265.32,66047
2026-05-12 10:18:00,265.31,265.55,265.3,265.485,41762
2026-05-12 10:19:00,265.485,265.85,265.485,265.665,85244
2026-05-12 10:20:00,265.7,265.84,265.14,265.24,32606
2026-05-12 10:21:00,265.24,265.36,265.19,265.2175,31325
2026-05-12 10:22:00,265.185,265.38,265.16,265.2602,27878
2026-05-12 10:23:00,265.27,265.27,265.05,265.085,31061
2026-05-12 10:24:00,265.09,265.295,265.07,265.18,41797
2026-05-12 10:25:00,265.205,265.36,265.15,265.28,47238
2026-05-12 10:26:00,265.28,265.3,265.05,265.19,43863
2026-05-12 10:27:00,265.23,265.36,265.0,265.01,63872
2026-05-12 10:28:00,265.03,265.1,264.895,265.04,68708
2026-05-12 10:29:00,265.045,265.2083,264.81,264.83,46604
2026-05-12 10:30:00,264.82,264.98,264.66,264.96,52485
2026-05-12 10:31:00,264.98,265.0,264.67,264.8601,56914
2026-05-12 10:32:00,264.9,264.9999,264.8485,264.93,38129
2026-05-12 10:33:00,264.925,265.0,264.77,264.79,47881
2026-05-12 10:34:00,264.75,264.97,264.7,264.89,73516
2026-05-12 10:35:00,264.885,264.935,264.65,264.7503,52869
2026-05-12 10:36:00,264.78,264.84,264.5498,264.83,37891
2026-05-12 10:37:00,264.815,265.155,264.775,265.0699,45578
2026-05-12 10:38:00,265.06,265.18,264.97,265.08,42306
2026-05-12 10:39:00,265.09,265.33,265.085,265.27,61255
2026-05-12 10:40:00,265.27,265.3,264.91,264.91,39428
2026-05-12 10:41:00,264.925,264.97,264.82,264.82,25245
2026-05-12 10:42:00,264.86,264.94,264.6001,264.755,61814
2026-05-12 10:43:00,264.755,264.915,264.755,264.825,33704
2026-05-12 10:44:00,264.835,264.86,264.71,264.7761,27567
2026-05-12 10:45:00,264.735,264.76,264.44,264.52,48737
2026-05-12 10:46:00,264.55,264.625,264.43,264.55,56063
2026-05-12 10:47:00,264.57,264.59,264.43,264.45,51982
2026-05-12 10:48:00,264.43,264.7,264.3655,264.5299,79802
2026-05-12 10:49:00,264.5244,264.67,264.475,264.65,27366
2026-05-12 10:50:00,264.66,264.66,264.25,264.27,62827
2026-05-12 10:51:00,264.25,264.25,263.92,263.99,105931
2026-05-12 10:52:00,263.98,264.23,263.9704,264.159,54356
2026-05-12 10:53:00,264.15,264.2728,264.07,264.14,52771
2026-05-12 10:54:00,264.12,264.12,263.82,263.9648,50370
2026-05-12 10:55:00,263.935,264.0799,263.9,263.9,53143
2026-05-12 10:56:00,263.91,264.0,263.8093,263.86,57870
2026-05-12 10:57:00,263.85,263.89,263.7,263.81,47288
2026-05-12 10:58:00,263.84,263.93,263.76,263.76,29317
2026-05-12 10:59:00,263.77,263.95,263.705,263.905,43132
2026-05-12 11:00:00,263.91,264.12,263.87,264.0,38760
2026-05-12 11:01:00,264.04,264.07,263.815,264.015,43081
2026-05-12 11:02:00,263.99,263.99,263.75,263.755,48923
2026-05-12 11:03:00,263.755,264.09,263.74,264.07,36436
2026-05-12 11:04:00,264.0999,264.38,264.065,264.26,45914
2026-05-12 11:05:00,264.24,264.26,263.945,264.18,60392
2026-05-12 11:06:00,264.165,264.63,264.165,264.595,70554
2026-05-12 11:07:00,264.6,264.73,264.555,264.71,50953
2026-05-12 11:08:00,264.71,264.95,264.65,264.95,40897
2026-05-12 11:09:00,264.96,265.1899,264.86,265.08,89289
2026-05-12 11:10:00,265.08,265.095,264.785,264.92,46438
2026-05-12 11:11:00,264.91,265.08,264.81,265.045,48456
2026-05-12 11:12:00,265.01,265.17,264.935,265.14,37793
2026-05-12 11:13:00,265.14,265.2,265.025,265.19,36401
2026-05-12 11:14:00,265.17,265.18,264.87,264.91,33060
2026-05-12 11:15:00,264.9049,264.93,264.59,264.68,40810
2026-05-12 11:16:00,264.675,264.8899,264.61,264.795,33355
2026-05-12 11:17:00,264.77,264.98,264.67,264.98,28147
2026-05-12 11:18:00,264.9701,265.01,264.63,264.675,39482
2026-05-12 11:19:00,264.66,264.66,264.5,264.565,61145
2026-05-12 11:20:00,264.54,264.59,264.48,264.5,36244
2026-05-12 11:21:00,264.51,264.57,264.24,264.24,37876
2026-05-12 11:22:00,264.235,264.3,264.1,264.1501,80536
2026-05-12 11:23:00,264.1501,264.18,264.0,264.0,41034
2026-05-12 11:24:00,264.02,264.46,263.95,264.3625,65243
2026-05-12 11:25:00,264.34,264.36,264.0,264.09,45829
2026-05-12 11:26:00,264.03,264.45,264.01,264.3075,54256
2026-05-12 11:27:00,264.25,264.49,264.19,264.395,34218
2026-05-12 11:28:00,264.42,264.48,264.3,264.3309,50055
2026-05-12 11:29:00,264.37,264.57,264.34,264.52,39029
2026-05-12 11:30:00,264.56,264.6,264.38,264.5,27385
2026-05-12 11:31:00,264.4967,264.51,264.3399,264.422,24987
2026-05-12 11:32:00,264.43,264.65,264.415,264.575,51421
2026-05-12 11:33:00,264.59,264.72,264.47,264.64,26030
2026-05-12 11:34:00,264.62,264.71,264.58,264.64,15789
2026-05-12 11:35:00,264.65,264.655,264.45,264.595,26544
2026-05-12 11:36:00,264.61,264.63,264.49,264.54,11560
2026-05-12 11:37:00,264.54,264.6,264.465,264.535,22902
2026-05-12 11:38:00,264.55,264.615,264.51,264.58,19520
2026-05-12 11:39:00,264.58,264.7,264.56,264.635,30695
2026-05-12 11:40:00,264.635,264.7,264.36,264.375,35568
2026-05-12 11:41:00,264.38,264.47,264.29,264.37,35585
2026-05-12 11:42:00,264.36,264.66,264.32,264.58,28895
2026-05-12 11:43:00,264.565,264.8899,264.555,264.82,27310
2026-05-12 11:44:00,264.83,264.88,264.72,264.77,27273
2026-05-12 11:45:00,264.78,264.89,264.73,264.76,34566
2026-05-12 11:46:00,264.77,264.9595,264.725,264.78,34372
2026-05-12 11:47:00,264.785,264.94,264.785,264.9,46002
2026-05-12 11:48:00,264.895,264.95,264.76,264.76,20340
2026-05-12 11:49:00,264.785,264.81,264.66,264.69,20671
2026-05-12 11:50:00,264.69,264.76,264.54,264.66,43174
2026-05-12 11:51:00,264.6699,264.6699,264.43,264.545,36814
2026-05-12 11:52:00,264.51,264.53,264.325,264.347,28802
2026-05-12 11:53:00,264.325,264.46,264.325,264.435,29626
2026-05-12 11:54:00,264.44,264.47,264.32,264.325,12866
2026-05-12 11:55:00,264.31,264.35,264.17,264.35,44211
2026-05-12 11:56:00,264.35,264.35,264.15,264.21,31136
2026-05-12 11:57:00,264.22,264.29,264.19,264.26,30682
2026-05-12 11:58:00,264.25,264.34,264.2,264.3214,27864
2026-05-12 11:59:00,264.34,264.43,264.2501,264.4,19390
2026-05-12 12:00:00,264.41,264.44,264.12,264.26,24796
2026-05-12 12:01:00,264.27,264.66,264.2256,264.63,27486
2026-05-12 12:02:00,264.66,264.785,264.6,264.74,22211
2026-05-12 12:03:00,264.73,264.81,264.55,264.81,32089
2026-05-12 12:04:00,264.83,264.9,264.77,264.82,18145
2026-05-12 12:05:00,264.82,264.86,264.6401,264.6401,33621
2026-05-12 12:06:00,264.66,264.68,264.5134,264.57,15773
2026-05-12 12:07:00,264.565,264.77,264.565,264.71,30964
2026-05-12 12:08:00,264.72,264.74,264.509,264.55,13068
2026-05-12 12:09:00,264.54,264.65,264.5,264.57,18944
2026-05-12 12:10:00,264.57,264.6004,264.48,264.495,19267
2026-05-12 12:11:00,264.48,264.6,264.4781,264.52,21999
2026-05-12 12:12:00,264.54,264.545,264.4278,264.49,18939
2026-05-12 12:13:00,264.5,264.62,264.5,264.62,24677
2026-05-12 12:14:00,264.62,264.62,264.24,264.24,60115
2026-05-12 12:15:00,264.21,264.25,263.93,263.97,62124
2026-05-12 12:16:00,263.97,264.0988,263.86,263.98,42377
2026-05-12 12:17:00,264.0,264.03,263.88,263.9,37090
2026-05-12 12:18:00,263.89,264.0,263.7,263.8297,41622
2026-05-12 12:19:00,263.825,264.0,263.8,263.88,33411
2026-05-12 12:20:00,263.84,263.86,263.74,263.74,47861
2026-05-12 12:21:00,263.77,263.79,263.4,263.4,80157
2026-05-12 12:22:00,263.415,263.49,263.37,263.4325,41943
2026-05-12 12:23:00,263.41,263.71,263.37,263.48,50082
2026-05-12 12:24:00,263.46,263.55,263.44,263.48,33235
2026-05-12 12:25:00,263.49,263.52,263.34,263.5,63684
2026-05-12 12:26:00,263.505,263.62,263.445,263.49,30078
2026-05-12 12:27:00,263.45,263.56,263.45,263.495,30845
2026-05-12 12:28:00,263.49,263.57,263.43,263.4692,23651
2026-05-12 12:29:00,263.445,263.55,263.25,263.312,47931
2026-05-12 12:30:00,263.3,263.3299,263.04,263.04,60754
2026-05-12 12:31:00,263.03,263.06,262.84,262.84,111185
2026-05-12 12:32:00,262.83,262.84,262.68,262.7,72830
2026-05-12 12:33:00,262.69,262.86,262.63,262.81,72581
2026-05-12 12:34:00,262.865,263.03,262.81,262.865,51884
2026-05-12 12:35:00,262.85,262.89,262.72,262.87,50951
2026-05-12 12:36:00,262.89,262.98,262.79,262.94,44386
2026-05-12 12:37:00,262.96,263.23,262.94,262.955,98825
2026-05-12 12:38:00,262.95,263.03,262.85,262.985,49768
2026-05-12 12:39:00,262.97,263.155,262.965,263.12,64439
2026-05-12 12:40:00,263.115,263.16,263.055,263.13,49616
2026-05-12 12:41:00,263.125,263.25,262.86,263.15,80103
2026-05-12 12:42:00,263.12,263.25,263.04,263.14,46888
2026-05-12 12:43:00,263.1101,263.18,263.02,263.06,54535
2026-05-12 12:44:00,263.01,263.45,262.985,263.42,52458
2026-05-12 12:45:00,263.435,263.465,263.025,263.21,39956
2026-05-12 12:46:00,263.22,263.375,263.1401,263.325,42885
2026-05-12 12:47:00,263.3299,263.4199,263.19,263.2704,50008
2026-05-12 12:48:00,263.27,263.28,263.155,263.22,38803
2026-05-12 12:49:00,263.24,263.24,263.115,263.23,21296
2026-05-12 12:50:00,263.2,263.21,263.03,263.075,24236
2026-05-12 12:51:00,263.07,263.2,263.045,263.16,25609
2026-05-12 12:52:00,263.1465,263.19,262.95,263.14,42672
2026-05-12 12:53:00,263.13,263.21,263.0601,263.11,36227
2026-05-12 12:54:00,263.11,263.13,263.01,263.05,23078
2026-05-12 12:55:00,263.045,263.045,262.88,263.01,32611
2026-05-12 12:56:00,263.01,263.09,262.98,263.06,26567
2026-05-12 12:57:00,263.04,263.11,263.005,263.08,22242
2026-05-12 12:58:00,263.085,263.09,262.87,263.0,29957
2026-05-12 12:59:00,263.0,263.08,262.9601,263.01,19111
2026-05-12 13:00:00,263.02,263.31,263.02,263.1,41352
2026-05-12 13:01:00,263.05,263.13,262.95,263.06,23161
2026-05-12 13:02:00,263.08,263.2977,263.065,263.29,25820
2026-05-12 13:03:00,263.2601,263.35,263.21,263.315,18718
2026-05-12 13:04:00,263.33,263.39,263.2801,263.34,17370
2026-05-12 13:05:00,263.35,263.39,263.27,263.3,16941
2026-05-12 13:06:00,263.3,263.43,263.3,263.357,36772
2026-05-12 13:07:00,263.32,263.37,263.26,263.3,18017
2026-05-12 13:08:00,263.31,263.42,263.235,263.402,57396
2026-05-12 13:09:00,263.42,263.45,263.322,263.425,23827
2026-05-12 13:10:00,263.44,263.6,263.32,263.58,42146
2026-05-12 13:11:00,263.56,263.56,263.395,263.4,30438
2026-05-12 13:12:00,263.39,263.46,263.285,263.285,19072
2026-05-12 13:13:00,263.285,263.42,263.25,263.39,26121
2026-05-12 13:14:00,263.395,263.44,263.25,263.3,47160
2026-05-12 13:15:00,263.29,263.34,263.22,263.295,38169
2026-05-12 13:16:00,263.3,263.36,263.24,263.3558,18659
2026-05-12 13:17:00,263.34,263.45,263.34,263.38,25156
2026-05-12 13:18:00,263.37,263.54,263.37,263.525,30176
2026-05-12 13:19:00,263.54,263.69,263.54,263.66,27082
2026-05-12 13:20:00,263.67,264.15,263.67,264.07,100093
2026-05-12 13:21:00,264.085,264.13,263.97,264.03,46030
2026-05-12 13:22:00,264.04,264.16,263.99,264.149,30231
2026-05-12 13:23:00,264.155,264.33,264.13,264.33,35028
2026-05-12 13:24:00,264.34,264.53,264.34,264.44,33321
2026-05-12 13:25:00,264.43,264.47,264.22,264.28,57159
2026-05-12 13:26:00,264.27,264.33,264.145,264.31,45233
2026-05-12 13:27:00,264.31,264.34,264.225,264.225,40805
2026-05-12 13:28:00,264.22,264.23,264.1375,264.2,26455
2026-05-12 13:29:00,264.19,264.23,264.12,264.18,26695
2026-05-12 13:30:00,264.175,264.2,264.0,264.095,26686
2026-05-12 13:31:00,264.095,264.15,263.86,263.875,44674
2026-05-12 13:32:00,263.88,264.1572,263.88,263.96,69157
2026-05-12 13:33:00,263.965,264.06,263.9504,264.02,28907
2026-05-12 13:34:00,264.005,264.04,263.96,264.01,20825
2026-05-12 13:35:00,263.99,264.01,263.75,263.75,15596
2026-05-12 13:36:00,263.775,263.89,263.745,263.76,27495
2026-05-12 13:37:00,263.77,263.83,263.7462,263.8,11997
2026-05-12 13:38:00,263.79,263.83,263.6102,263.68,18981
2026-05-12 13:39:00,263.68,263.83,263.67,263.77,28364
2026-05-12 13:40:00,263.775,263.8,263.605,263.68,40955
2026-05-12 13:41:00,263.67,264.12,263.66,264.02,44252
2026-05-12 13:42:00,264.025,264.1,263.98,264.03,16121
2026-05-12 13:43:00,264.05,264.09,263.845,264.07,33371
2026-05-12 13:44:00,264.055,264.27,264.055,264.18,28759
2026-05-12 13:45:00,264.185,264.185,264.08,264.08,14386
2026-05-12 13:46:00,264.07,264.19,264.02,264.18,48463
2026-05-12 13:47:00,264.185,264.3701,264.17,264.3,30583
2026-05-12 13:48:00,264.32,264.4,264.11,264.13,20925
2026-05-12 13:49:00,264.125,264.3,264.1,264.296,19915
2026-05-12 13:50:00,264.3,264.3301,264.02,264.09,25814
2026-05-12 13:51:00,264.095,264.18,264.03,264.14,34187
2026-05-12 13:52:00,264.14,264.21,264.13,264.15,20682
2026-05-12 13:53:00,264.155,264.36,264.155,264.2999,20496
2026-05-12 13:54:00,264.29,264.34,264.16,264.3357,19858
2026-05-12 13:55:00,264.3301,264.37,264.15,264.18,19286
2026-05-12 13:56:00,264.175,264.175,264.04,264.12,24700
2026-05-12 13:57:00,264.13,264.21,264.02,264.15,16862
2026-05-12 13:58:00,264.16,264.19,264.04,264.075,18941
2026-05-12 13:59:00,264.06,264.17,264.04,264.15,19896
2026-05-12 14:00:00,264.13,264.19,264.07,264.095,27524
2026-05-12 14:01:00,264.09,264.235,264.04,264.23,20728
2026-05-12 14:02:00,264.25,264.32,263.99,264.09,36026
2026-05-12 14:03:00,264.07,264.11,264.01,264.1,18162
2026-05-12 14:04:00,264.1,264.17,264.01,264.14,16364
2026-05-12 14:05:00,264.15,264.19,264.085,264.12,17498
2026-05-12 14:06:00,264.16,264.21,264.095,264.21,16108
2026-05-12 14:07:00,264.21,264.21,264.06,264.06,19681
2026-05-12 14:08:00,264.09,264.11,263.935,264.01,48724
2026-05-12 14:09:00,264.04,264.1,264.005,264.035,14750
2026-05-12 14:10:00,264.035,264.205,263.99,264.1,33948
2026-05-12 14:11:00,264.1,264.14,263.975,263.98,19111
2026-05-12 14:12:00,264.0,264.06,263.975,263.985,22198
2026-05-12 14:13:00,263.98,263.99,263.76,263.86,48272
2026-05-12 14:14:00,263.865,264.1,263.85,264.095,22951
2026-05-12 14:15:00,264.11,264.12,264.05,264.08,15724
2026-05-12 14:16:00,264.08,264.2,264.08,264.13,31180
2026-05-12 14:17:00,264.12,264.14,263.95,263.97,20785
2026-05-12 14:18:00,263.98,264.02,263.89,263.94,25540
2026-05-12 14:19:00,263.94,264.09,263.92,264.03,15033
2026-05-12 14:20:00,264.0,264.06,263.97,263.985,13434
2026-05-12 14:21:00,263.97,264.08,263.96,264.0725,18800
2026-05-12 14:22:00,264.07,264.12,264.065,264.065,22937
2026-05-12 14:23:00,264.07,264.1,264.0,264.05,18579
2026-05-12 14:24:00,264.03,264.305,264.015,264.2008,34721
2026-05-12 14:25:00,264.21,264.51,264.21,264.48,36590
2026-05-12 14:26:00,264.47,264.6794,264.445,264.6,40904
2026-05-12 14:27:00,264.61,264.69,264.55,264.67,32442
2026-05-12 14:28:00,264.66,264.75,264.49,264.49,26191
2026-05-12 14:29:00,264.48,264.49,264.34,264.43,48633
2026-05-12 14:30:00,264.41,264.5,264.3,264.46,30811
2026-05-12 14:31:00,264.45,264.51,264.38,264.45,33444
2026-05-12 14:32:00,264.46,264.5,264.32,264.32,17242
2026-05-12 14:33:00,264.32,264.36,264.16,264.185,14266
2026-05-12 14:34:00,264.17,264.21,264.11,264.15,20799
2026-05-12 14:35:00,264.17,264.18,263.985,264.06,30542
2026-05-12 14:36:00,264.07,264.19,264.07,264.19,25462
2026-05-12 14:37:00,264.19,264.22,264.06,264.07,16960
2026-05-12 14:38:00,264.065,264.14,264.055,264.115,20599
2026-05-12 14:39:00,264.13,264.16,264.02,264.03,21176
2026-05-12 14:40:00,264.03,264.1192,264.025,264.05,20733
2026-05-12 14:41:00,264.06,264.31,264.045,264.3,28117
2026-05-12 14:42:00,264.3,264.34,264.27,264.3,12041
2026-05-12 14:43:00,264.29,264.3,264.14,264.19,32016
2026-05-12 14:44:00,264.18,264.3199,264.18,264.21,21512
2026-05-12 14:45:00,264.24,264.295,264.18,264.295,45351
2026-05-12 14:46:00,264.29,264.32,264.12,264.15,37384
2026-05-12 14:47:00,264.16,264.35,264.14,264.3,39143
2026-05-12 14:48:00,264.315,264.345,264.21,264.3,25674
2026-05-12 14:49:00,264.2999,264.2999,264.1601,264.2,14040
2026-05-12 14:50:00,264.2,264.27,264.19,264.23,43120
2026-05-12 14:51:00,264.23,264.2857,264.175,264.2101,32390
2026-05-12 14:52:00,264.2,264.22,264.15,264.17,20452
2026-05-12 14:53:00,264.2,264.28,264.17,264.28,51275
2026-05-12 14:54:00,264.27,264.44,264.24,264.37,60150
2026-05-12 14:55:00,264.3799,264.39,264.2901,264.31,52163
2026-05-12 14:56:00,264.32,264.43,264.28,264.39,46266
2026-05-12 14:57:00,264.385,264.405,264.25,264.35,38729
2026-05-12 14:58:00,264.335,264.5,264.2,264.4,45485
2026-05-12 14:59:00,264.38,264.5,264.29,264.31,36864
2026-05-12 15:00:00,264.31,264.35,264.05,264.0799,48759
2026-05-12 15:01:00,264.065,264.3901,264.03,264.38,54844
2026-05-12 15:02:00,264.38,264.45,264.3,264.315,23831
2026-05-12 15:03:00,264.33,264.42,264.29,264.39,24366
2026-05-12 15:04:00,264.41,264.42,264.14,264.21,36782
2026-05-12 15:05:00,264.21,264.26,264.14,264.235,19309
2026-05-12 15:06:00,264.2499,264.32,264.2,264.315,27993
2026-05-12 15:07:00,264.315,264.4,264.2,264.23,29511
2026-05-12 15:08:00,264.215,264.43,264.19,264.385,31839
2026-05-12 15:09:00,264.38,264.38,264.22,264.245,17962
2026-05-12 15:10:00,264.245,264.275,264.205,264.23,34835
2026-05-12 15:11:00,264.235,264.39,264.16,264.36,36243
2026-05-12 15:12:00,264.39,264.47,264.33,264.4507,39961
2026-05-12 15:13:00,264.46,264.575,264.38,264.5401,79046
2026-05-12 15:14:00,264.56,264.6,264.49,264.54,39399
2026-05-12 15:15:00,264.54,264.7651,264.5359,264.74,56199
2026-05-12 15:16:00,264.72,264.72,264.6,264.625,32993
2026-05-12 15:17:00,264.625,264.76,264.61,264.63,40593
2026-05-12 15:18:00,264.63,264.68,264.58,264.65,28198
2026-05-12 15:19:00,264.65,264.69,264.6101,264.66,26826
2026-05-12 15:20:00,264.68,264.72,264.59,264.63,41952
2026-05-12 15:21:00,264.62,264.975,264.6,264.975,76602
2026-05-12 15:22:00,264.97,265.11,264.96,265.0,74561
2026-05-12 15:23:00,265.01,265.13,264.99,265.095,31428
2026-05-12 15:24:00,265.08,265.19,265.045,265.15,48704
2026-05-12 15:25:00,265.15,265.245,265.14,265.21,35340
2026-05-12 15:26:00,265.2,265.2401,265.16,265.18,23541
2026-05-12 15:27:00,265.18,265.24,265.1,265.17,29978
2026-05-12 15:28:00,265.17,265.27,265.17,265.19,58604
2026-05-12 15:29:00,265.185,265.23,265.1201,265.19,27149
2026-05-12 15:30:00,265.185,265.36,265.18,265.35,61947
2026-05-12 15:31:00,265.35,265.35,265.165,265.165,50860
2026-05-12 15:32:00,265.17,265.3,265.16,265.225,30327
2026-05-12 15:33:00,265.22,265.45,265.22,265.435,47561
2026-05-12 15:34:00,265.45,265.49,265.39,265.46,39947
2026-05-12 15:35:00,265.46,265.47,265.2,265.21,49112
2026-05-12 15:36:00,265.21,265.32,265.19,265.28,38330
2026-05-12 15:37:00,265.25,265.29,265.14,265.26,62805
2026-05-12 15:38:00,265.2506,265.28,265.215,265.2375,36038
2026-05-12 15:39:00,265.24,265.38,265.23,265.255,30054
2026-05-12 15:40:00,265.255,265.375,265.195,265.283,45594
2026-05-12 15:41:00,265.29,265.37,265.24,265.33,41976
2026-05-12 15:42:00,265.33,265.37,265.25,265.32,41971
2026-05-12 15:43:00,265.32,265.35,265.2701,265.3,29827
2026-05-12 15:44:00,265.31,265.5,265.31,265.48,75183
2026-05-12 15:45:00,265.485,265.55,265.46,265.52,64326
2026-05-12 15:46:00,265.52,265.62,265.415,265.45,61894
2026-05-12 15:47:00,265.45,265.77,265.43,265.75,121359
2026-05-12 15:48:00,265.75,265.89,265.75,265.83,88132
2026-05-12 15:49:00,265.84,265.93,265.705,265.805,82709
2026-05-12 15:50:00,265.82,266.11,265.82,265.97,151531
2026-05-12 15:51:00,265.96,266.09,265.96,266.0899,107404
2026-05-12 15:52:00,266.085,266.21,265.965,266.175,105313
2026-05-12 15:53:00,266.17,266.5,266.13,266.485,206252
2026-05-12 15:54:00,266.48,266.48,265.14,265.5301,252862
2026-05-12 15:55:00,265.54,265.59,265.275,265.485,250463
2026-05-12 15:56:00,265.49,265.53,265.38,265.49,182081
2026-05-12 15:57:00,265.49,265.6,265.35,265.59,195478
2026-05-12 15:58:00,265.61,265.84,265.56,265.79,260972
2026-05-12 15:59:00,265.8,265.93,265.76,265.84,578133
2026-05-12 16:00:00,265.84,265.84,265.6424,265.6424,5695304
2026-05-12 16:01:00,265.53,265.57,265.45,265.45,5035
2026-05-12 16:02:00,265.45,265.45,265.32,265.32,1241
2026-05-12 16:03:00,265.3002,265.44,265.25,265.25,1146
2026-05-12 16:04:00,265.35,265.35,264.54,264.54,5815
2026-05-12 16:05:00,264.78,264.81,264.47,264.81,8415
2026-05-12 16:06:00,264.5194,264.8,264.5194,264.71,3788
2026-05-12 16:07:00,264.72,264.83,264.72,264.83,262
2026-05-12 16:08:00,265.01,265.22,265.0,265.22,499
2026-05-12 16:09:00,265.27,265.27,265.23,265.23,256
2026-05-12 16:10:00,265.28,265.28,265.28,265.28,112
2026-05-12 16:11:00,265.23,265.25,265.23,265.25,453
2026-05-12 16:12:00,265.078,265.078,265.078,265.078,100
2026-05-12 16:13:00,265.26,265.26,265.0988,265.0988,400
2026-05-12 16:14:00,265.25,265.25,265.25,265.25,370
2026-05-12 16:16:00,265.225,265.34,265.225,265.34,400
2026-05-12 16:24:00,265.25,265.25,265.25,265.25,130
2026-05-12 16:26:00,265.25,265.25,265.2,265.2,347
2026-05-12 16:27:00,265.16,265.16,265.16,265.16,693
2026-05-12 16:28:00,265.23,265.27,265.23,265.27,200
2026-05-12 16:29:00,265.28,267.29,265.27,266.4,93388
2026-05-12 16:30:00,266.43,267.19,266.43,267.19,9673
2026-05-12 16:31:00,266.338,266.69,266.31,266.52,8204
2026-05-12 16:32:00,267.0,267.0,266.0,266.15,2290
2026-05-12 16:33:00,266.14,266.7557,266.14,266.7557,1300
2026-05-12 16:35:00,266.05,266.175,266.04,266.175,562
2026-05-12 16:36:00,266.04,266.19,266.0,266.19,1132
2026-05-12 16:37:00,266.15,267.49,266.1,267.46,19571
2026-05-12 16:38:00,267.49,268.0,267.0,268.0,59196
2026-05-12 16:39:00,267.81,268.0,267.6,267.6131,25013
2026-05-12 16:40:00,267.795,267.795,267.5,267.51,4006
2026-05-12 16:41:00,267.7762,267.7762,267.47,267.47,1700
2026-05-12 16:42:00,267.5736,267.5736,267.43,267.43,6251
2026-05-12 16:43:00,267.41,267.5,267.4,267.5,2126
2026-05-12 16:44:00,267.4859,267.5,267.321,267.321,558
2026-05-12 16:45:00,267.49,267.65,267.49,267.65,3113
2026-05-12 16:46:00,267.83,267.83,267.61,267.61,300
2026-05-12 16:47:00,267.5,267.8566,267.5,267.61,3698
2026-05-12 16:48:00,267.61,267.6993,267.61,267.61,1033
2026-05-12 16:49:00,267.6002,267.7,267.6002,267.6981,1916
2026-05-12 16:50:00,267.6,267.61,267.4,267.4,907
2026-05-12 16:51:00,267.4,267.4,267.4,267.4,496
2026-05-12 16:52:00,267.4745,267.4745,267.4745,267.4745,100
2026-05-12 16:54:00,267.57,267.57,267.57,267.57,100
2026-05-12 16:55:00,267.32,267.32,267.32,267.32,162
2026-05-12 16:56:00,267.31,267.31,267.25,267.25,656
2026-05-12 16:57:00,267.21,267.4,267.2,267.4,804
2026-05-12 16:58:00,267.2,267.2,267.2,267.2,300
2026-05-12 16:59:00,267.2565,267.2565,267.2,267.2,358
2026-05-12 17:01:00,267.24,267.24,267.0,267.0,1091
2026-05-12 17:03:00,266.87,266.9,266.87,266.9,869
2026-05-12 17:04:00,267.1,267.1,266.9286,266.9286,1068
2026-05-12 17:06:00,266.9,266.9,266.9,266.9,100
2026-05-12 17:07:00,266.9,266.9,266.9,266.9,100
2026-05-12 17:10:00,267.09,267.1,267.0,267.0,975
2026-05-12 17:11:00,266.9001,267.07,266.9,266.91,3406
2026-05-12 17:12:00,266.9,266.9,266.9,266.9,1166
2026-05-12 17:13:00,266.66,267.05,266.31,267.05,49706
2026-05-12 17:14:00,266.63,266.63,266.33,266.33,425
2026-05-12 17:15:00,266.58,266.61,266.31,266.31,1516
2026-05-12 17:16:00,266.64,267.25,266.0,266.0,50875
2026-05-12 17:18:00,267.24,267.29,267.11,267.11,350
2026-05-12 17:19:00,267.08,267.14,267.08,267.08,1870
2026-05-12 17:20:00,266.979,266.979,266.79,266.79,2615
2026-05-12 17:21:00,266.46,266.46,266.46,266.46,172
2026-05-12 17:23:00,267.35,267.35,267.35,267.35,100
2026-05-12 17:24:00,266.54,266.54,266.54,266.54,535
2026-05-12 17:25:00,266.9,267.272,266.828,267.272,500
2026-05-12 17:27:00,266.5,266.87,266.5,266.87,1120
2026-05-12 17:28:00,266.75,266.75,266.49,266.49,5408
2026-05-12 17:29:00,266.53,266.53,266.196,266.196,6321
2026-05-12 17:30:00,266.19,266.2,266.19,266.2,7018
2026-05-12 17:32:00,266.35,266.35,266.35,266.35,100
2026-05-12 17:35:00,266.2,266.2,266.2,266.2,200
2026-05-12 17:36:00,266.2,266.2,266.2,266.2,100
2026-05-12 17:38:00,266.29,266.29,266.29,266.29,100
2026-05-12 17:39:00,266.2,266.25,266.2,266.25,868
2026-05-12 17:41:00,266.29,266.29,266.29,266.29,100
2026-05-12 17:43:00,266.24,266.24,266.2,266.23,704
2026-05-12 17:44:00,266.2,266.2,266.2,266.2,250
2026-05-12 17:45:00,266.2,266.29,266.2,266.26,3305
2026-05-12 17:46:00,266.3,266.3,266.2689,266.2689,900
2026-05-12 17:47:00,266.32,266.32,266.32,266.32,200
2026-05-12 17:49:00,266.34,266.34,266.34,266.34,100
2026-05-12 17:50:00,266.33,266.33,266.33,266.33,100
2026-05-12 17:52:00,266.58,266.58,266.58,266.58,300
2026-05-12 17:53:00,266.23,266.23,266.17,266.21,749
2026-05-12 17:54:00,266.22,266.22,266.22,266.22,300
2026-05-12 17:55:00,266.25,266.25,266.25,266.25,150
2026-05-12 17:57:00,266.25,266.25,266.25,266.25,100
2026-05-12 17:58:00,266.17,266.17,266.17,266.17,100
2026-05-12 18:00:00,266.12,266.12,266.01,266.09,3246
2026-05-12 18:01:00,266.04,266.04,266.03,266.03,3995
2026-05-12 18:02:00,266.27,266.27,266.166,266.166,1024
2026-05-12 18:04:00,266.27,266.3,266.27,266.3,516
2026-05-12 18:05:00,266.46,266.46,266.46,266.46,100
2026-05-12 18:07:00,266.45,266.58,266.44,266.58,1641
2026-05-12 18:08:00,266.58,266.58,266.5,266.549,2893
2026-05-12 18:09:00,266.5039,266.5039,266.5039,266.5039,500
2026-05-12 18:10:00,266.549,266.549,266.549,266.549,200
2026-05-12 18:11:00,266.501,266.501,266.501,266.501,119
2026-05-12 18:12:00,266.55,266.55,266.55,266.55,300
2026-05-12 18:13:00,266.55,266.6,266.55,266.6,1120
2026-05-12 18:14:00,266.63,266.64,266.63,266.64,200
2026-05-12 18:15:00,266.7,266.7,266.7,266.7,100
2026-05-12 18:16:00,266.7297,266.73,266.7297,266.73,210
2026-05-12 18:17:00,266.73,266.74,266.73,266.74,1990
2026-05-12 18:18:00,266.94,266.94,266.8,266.8,410
2026-05-12 18:19:00,266.98,266.98,266.98,266.98,122
2026-05-12 18:20:00,266.99,266.99,266.98,266.98,400
2026-05-12 18:21:00,267.0,267.0,267.0,267.0,300
2026-05-12 18:23:00,267.0,267.0,267.0,267.0,100
2026-05-12 18:24:00,267.1,267.1,267.0001,267.0001,300
2026-05-12 18:28:00,267.19,267.19,267.0,267.1,781
2026-05-12 18:29:00,266.8,267.2,266.8,267.2,1288
2026-05-12 18:30:00,266.86,266.86,266.86,266.86,107
2026-05-12 18:31:00,266.82,266.8523,266.82,266.8523,238
2026-05-12 18:32:00,266.85,266.85,266.85,266.85,100
2026-05-12 18:34:00,266.99,266.99,266.99,266.99,1082
2026-05-12 18:36:00,266.9,266.9,266.9,266.9,108
2026-05-12 18:37:00,266.9,266.9,266.9,266.9,596
2026-05-12 18:38:00,266.9,266.9,266.9,266.9,103
2026-05-12 18:40:00,266.93,266.93,266.93,266.93,500
2026-05-12 18:41:00,266.9306,266.9339,266.93,266.93,1201
2026-05-12 18:42:00,266.9391,266.9544,266.9312,266.9544,1487
2026-05-12 18:43:00,266.94,266.95,266.93,266.95,1000
2026-05-12 18:44:00,266.9576,266.9576,266.9576,266.9576,500
2026-05-12 18:45:00,267.0,267.0,267.0,267.0,446
2026-05-12 18:50:00,267.03,267.03,267.0,267.0,300
2026-05-12 18:51:00,267.0,267.0,267.0,267.0,385
2026-05-12 18:54:00,267.03,267.03,267.03,267.03,120
2026-05-12 18:55:00,267.0,267.0,267.0,267.0,100
2026-05-12 18:56:00,267.0,267.0,267.0,267.0,500
2026-05-12 18:57:00,267.0,267.0165,267.0,267.0165,200
2026-05-12 19:00:00,267.01,267.01,266.93,266.93,767
2026-05-12 19:01:00,266.85,266.85,266.83,266.83,836
2026-05-12 19:05:00,266.79,266.79,266.79,266.79,100
2026-05-12 19:06:00,266.73,266.73,266.73,266.73,100
2026-05-12 19:07:00,266.99,266.99,266.92,266.92,280
2026-05-12 19:08:00,266.51,266.51,266.51,266.51,130
2026-05-12 19:10:00,266.8899,266.8899,266.6495,266.6495,600
2026-05-12 19:11:00,266.71,266.71,266.62,266.62,412
2026-05-12 19:19:00,266.79,267.0,266.79,267.0,2269
2026-05-12 19:22:00,267.21,267.22,267.21,267.22,388
2026-05-12 19:23:00,267.25,267.25,267.25,267.25,134
2026-05-12 19:25:00,267.3,267.3,267.3,267.3,100
2026-05-12 19:26:00,267.12,267.3,267.12,267.3,200
2026-05-12 19:28:00,267.1605,267.36,267.1605,267.36,3005
2026-05-12 19:29:00,267.28,267.28,267.28,267.28,315
2026-05-12 19:30:00,267.32,267.32,267.32,267.32,156
2026-05-12 19:31:00,267.36,267.36,267.36,267.36,104
2026-05-12 19:32:00,267.22,267.22,267.22,267.22,119
2026-05-12 19:33:00,267.3,267.3,267.3,267.3,333
2026-05-12 19:34:00,267.3,267.3,267.3,267.3,100
2026-05-12 19:36:00,267.32,267.32,267.22,267.22,561
2026-05-12 19:37:00,267.2,267.3,267.2,267.3,579
2026-05-12 19:38:00,267.3,267.3,267.2,267.2,1500
2026-05-12 19:39:00,267.3,267.32,267.21,267.32,400
2026-05-12 19:40:00,267.32,267.32,267.32,267.32,111
2026-05-12 19:42:00,267.2,267.21,267.13,267.13,1601
2026-05-12 19:43:00,267.0,267.18,267.0,267.18,384
2026-05-12 19:45:00,267.0,267.0,267.0,267.0,130
2026-05-12 19:47:00,267.14,267.15,267.02,267.02,861
2026-05-12 19:49:00,267.0,267.0,267.0,267.0,200
2026-05-12 19:50:00,267.23,267.23,267.23,267.23,100
2026-05-12 19:51:00,267.38,267.5,267.38,267.5,662
2026-05-12 19:52:00,267.3801,267.44,267.3801,267.44,800
2026-05-12 19:53:00,267.41,267.41,267.38,267.38,1481
2026-05-12 19:55:00,267.3,267.32,267.3,267.32,500
2026-05-12 19:56:00,267.2603,267.2676,267.2603,267.2676,400
2026-05-12 19:57:00,267.26,267.26,266.8,266.8,673
2026-05-12 19:58:00,267.0,267.0,267.0,267.0,550
2026-05-12 19:59:00,267.22,267.45,267.22,267.33,3343
